-- --------------------------------------------------------
-- Host:                         192.168.100.12
-- Server version:               5.5.25 - MySQL Community Server (GPL)
-- Server OS:                    Win64
-- HeidiSQL Version:             11.3.0.6295
-- --------------------------------------------------------

/*!40101 SET @OLD_CHARACTER_SET_CLIENT=@@CHARACTER_SET_CLIENT */;
/*!40101 SET NAMES utf8 */;
/*!50503 SET NAMES utf8mb4 */;
/*!40014 SET @OLD_FOREIGN_KEY_CHECKS=@@FOREIGN_KEY_CHECKS, FOREIGN_KEY_CHECKS=0 */;
/*!40101 SET @OLD_SQL_MODE=@@SQL_MODE, SQL_MODE='NO_AUTO_VALUE_ON_ZERO' */;
/*!40111 SET @OLD_SQL_NOTES=@@SQL_NOTES, SQL_NOTES=0 */;

-- Dumping structure for table staging_epro_kuarters_johor.application
CREATE TABLE IF NOT EXISTS `application` (
  `id` int(11) NOT NULL AUTO_INCREMENT,
  `application_type` int(11) DEFAULT NULL COMMENT '1:NORMAL; 2:GREENLANE',
  `user_id` int(11) DEFAULT NULL,
  `application_date_time` timestamp NOT NULL DEFAULT CURRENT_TIMESTAMP,
  `meeting_id` int(11) DEFAULT '0',
  `is_rental` int(11) DEFAULT '0' COMMENT '1:YA',
  `rental_fee` decimal(10,2) DEFAULT NULL,
  `distance_from_office` float DEFAULT NULL,
  `duration_year` date DEFAULT NULL,
  `duration_month` date DEFAULT NULL,
  `duration_day` date DEFAULT NULL,
  `review` varchar(500) DEFAULT NULL,
  `review_attachment` text,
  `is_draft` tinyint(4) DEFAULT '1' COMMENT '0:submit;1:draft',
  `rejection_reason` text,
  `is_appeal` tinyint(4) DEFAULT '0' COMMENT '1:if buat rayuan ',
  `data_status` tinyint(4) DEFAULT '1',
  `action_by` int(11) DEFAULT NULL,
  `action_on` datetime DEFAULT NULL,
  `delete_by` int(11) DEFAULT NULL,
  `delete_on` datetime DEFAULT NULL,
  PRIMARY KEY (`id`) USING BTREE,
  KEY `FK_application_users` (`user_id`) USING BTREE,
  KEY `FK_application_users_2` (`action_by`) USING BTREE,
  KEY `FK_application_users_3` (`delete_by`) USING BTREE,
  KEY `FK_application_meeting` (`meeting_id`) USING BTREE,
  CONSTRAINT `FK_application_users` FOREIGN KEY (`user_id`) REFERENCES `users` (`id`) ON DELETE NO ACTION ON UPDATE NO ACTION,
  CONSTRAINT `FK_application_users_2` FOREIGN KEY (`action_by`) REFERENCES `users` (`id`) ON DELETE NO ACTION ON UPDATE NO ACTION,
  CONSTRAINT `FK_application_users_3` FOREIGN KEY (`delete_by`) REFERENCES `users` (`id`) ON DELETE NO ACTION ON UPDATE NO ACTION
) ENGINE=InnoDB AUTO_INCREMENT=38 DEFAULT CHARSET=latin1;

-- Dumping data for table staging_epro_kuarters_johor.application: ~30 rows (approximately)
/*!40000 ALTER TABLE `application` DISABLE KEYS */;
INSERT INTO `application` (`id`, `application_type`, `user_id`, `application_date_time`, `meeting_id`, `is_rental`, `rental_fee`, `distance_from_office`, `duration_year`, `duration_month`, `duration_day`, `review`, `review_attachment`, `is_draft`, `rejection_reason`, `is_appeal`, `data_status`, `action_by`, `action_on`, `delete_by`, `delete_on`) VALUES
	(8, 1, 266, '2022-11-29 12:07:06', 0, 1, 200.00, NULL, NULL, NULL, NULL, NULL, NULL, 1, NULL, 0, 0, 266, '2022-11-29 12:07:10', NULL, NULL),
	(9, 1, 266, '2022-11-29 12:10:20', 0, 0, NULL, NULL, NULL, NULL, NULL, NULL, NULL, 0, 'X NK', 0, 1, 266, '2022-11-29 15:40:10', NULL, NULL),
	(10, 1, 267, '2022-11-29 12:32:26', 0, 0, NULL, NULL, NULL, NULL, NULL, NULL, NULL, 0, NULL, 0, 1, 267, '2022-11-29 13:17:53', NULL, NULL),
	(11, 1, 141, '2022-11-29 14:25:14', 0, 0, NULL, NULL, NULL, NULL, NULL, NULL, NULL, 0, NULL, 0, 1, 141, '2022-11-29 17:33:24', NULL, NULL),
	(12, 2, 104, '2022-11-29 15:40:11', 0, 0, NULL, NULL, NULL, NULL, NULL, NULL, NULL, 0, NULL, 0, 1, 104, '2022-12-02 07:23:00', NULL, NULL),
	(13, 1, 266, '2022-11-29 15:53:09', 0, 0, NULL, NULL, NULL, NULL, NULL, NULL, NULL, 0, NULL, 1, 1, 266, '2022-11-29 15:53:13', NULL, NULL),
	(14, 1, 266, '2022-11-29 15:53:09', 0, 1, 0.00, NULL, NULL, NULL, NULL, NULL, NULL, 0, NULL, 0, 1, 266, '2022-11-29 16:04:41', NULL, NULL),
	(15, 1, 68, '2022-11-29 22:07:36', 0, 0, NULL, NULL, NULL, NULL, NULL, NULL, NULL, 0, NULL, 0, 1, 68, '2022-11-29 22:24:38', NULL, NULL),
	(16, 1, 71, '2022-11-29 23:59:18', 0, 0, NULL, NULL, NULL, NULL, NULL, 'ULASAN', NULL, 0, NULL, 0, 1, 71, '2022-11-30 02:15:50', NULL, NULL),
	(17, 1, 118, '2022-11-30 09:59:40', 0, 1, 550.00, NULL, NULL, NULL, NULL, 'OK', 'documents/ulasan/JgJsTL4lS0UvHobWyhaQc52vjch0y6Pkf4CDmyGs.jpg', 0, NULL, 0, 1, 118, '2022-11-30 12:54:42', NULL, NULL),
	(18, 1, 105, '2022-11-30 12:02:06', 0, 1, 0.00, NULL, NULL, NULL, NULL, NULL, NULL, 0, NULL, 0, 1, 105, '2022-11-30 12:04:44', NULL, NULL),
	(19, 1, 279, '2022-11-30 12:03:01', 0, 1, 0.00, NULL, NULL, NULL, NULL, NULL, NULL, 0, NULL, 0, 1, 279, '2022-11-30 15:42:13', NULL, NULL),
	(20, 1, 278, '2022-11-30 12:03:04', 0, 1, 0.00, NULL, NULL, NULL, NULL, NULL, NULL, 0, NULL, 0, 1, 278, '2022-11-30 12:05:41', NULL, NULL),
	(21, 2, 131, '2022-11-30 12:16:28', 0, 0, NULL, NULL, NULL, NULL, NULL, NULL, NULL, 0, NULL, 0, 1, 131, '2022-11-30 12:16:31', NULL, NULL),
	(22, 1, 70, '2022-11-30 15:13:30', 0, 1, 780.00, NULL, NULL, NULL, NULL, NULL, NULL, 0, NULL, 0, 1, 70, '2022-11-30 15:13:34', NULL, NULL),
	(23, 1, 274, '2022-11-30 15:16:29', 0, 0, NULL, NULL, NULL, NULL, NULL, NULL, NULL, 0, NULL, 0, 1, 274, '2022-11-30 15:16:32', NULL, NULL),
	(24, 1, 140, '2022-12-01 09:09:25', 0, 0, NULL, NULL, NULL, NULL, NULL, NULL, NULL, 0, NULL, 1, 1, 140, '2022-12-01 09:09:26', NULL, NULL),
	(25, 1, 74, '2022-12-01 09:13:37', 0, 0, NULL, NULL, NULL, NULL, NULL, NULL, NULL, 0, NULL, 1, 1, 74, '2022-12-01 09:13:38', NULL, NULL),
	(26, 1, 138, '2022-12-01 10:00:24', 0, 1, 800.00, NULL, NULL, NULL, NULL, NULL, NULL, 0, NULL, 1, 1, 138, '2022-12-01 10:00:25', NULL, NULL),
	(27, 1, 257, '2022-12-01 10:01:37', 0, 1, 3000.00, NULL, NULL, NULL, NULL, 'ULASAN', 'documents/ulasan/NiSL0qAmGGIhqcb559bEHUbp602VAIJj4v6zKWG9.pdf', 0, NULL, 0, 1, 257, '2022-12-01 10:01:38', NULL, NULL),
	(28, 1, 133, '2022-12-01 10:14:26', 0, 0, NULL, NULL, NULL, NULL, NULL, NULL, NULL, 0, NULL, 1, 1, 133, '2022-12-01 10:14:27', NULL, NULL),
	(29, 1, 135, '2022-12-01 10:18:20', 0, 0, NULL, NULL, NULL, NULL, NULL, NULL, NULL, 0, NULL, 1, 1, 135, '2022-12-01 10:18:21', NULL, NULL),
	(30, 1, 133, '2022-12-01 10:14:26', 0, 1, 1200.00, NULL, NULL, NULL, NULL, 'PERNAH EXCIDEN DALAM PERJALANAN KE TEMPAT KERJA', 'documents/ulasan/IH3GMijO30l05N1AkK6DnZVNTvTTehRUg1aAzixA.jpg', 0, NULL, 0, 1, 133, '2022-12-02 07:38:14', NULL, NULL),
	(31, 1, 251, '2022-12-01 11:07:00', 0, 1, 1000.00, NULL, NULL, NULL, NULL, 'KASIHANILAH SAYA', NULL, 0, NULL, 0, 1, 251, '2022-12-01 11:07:01', NULL, NULL),
	(32, 1, 74, '2022-12-01 09:13:37', 0, 1, 0.00, NULL, NULL, NULL, NULL, NULL, NULL, 0, NULL, 0, 1, 74, '2022-12-01 11:12:03', NULL, NULL),
	(33, 1, 138, '2022-12-01 10:00:24', 0, 1, 800.00, NULL, NULL, NULL, NULL, NULL, NULL, 0, NULL, 0, 1, 138, '2022-12-01 11:10:19', NULL, NULL),
	(34, 1, 135, '2022-12-01 10:18:20', 0, 1, 0.00, NULL, NULL, NULL, NULL, 'PERMOHONAN RAYUAN KUARTERS DISEBABKAN RUMAH YANG DIDUDUKI SEKARANG  ADALAH JAUH DARI TEMPAT KERJA', 'documents/ulasan/dJZvEHTOTzi2mBn8HODufD0gtlou6I48pv5v9sY5.png', 0, NULL, 0, 1, 135, '2022-12-01 11:15:29', NULL, NULL),
	(35, 1, 140, '2022-12-01 09:09:25', 0, 1, 0.00, NULL, NULL, NULL, NULL, NULL, NULL, 0, NULL, 0, 1, 140, '2022-12-01 11:12:32', NULL, NULL),
	(36, 1, 110, '2022-12-03 20:41:12', 0, 1, 0.00, NULL, NULL, NULL, NULL, NULL, NULL, 1, NULL, 0, 0, 110, '2022-12-03 21:02:34', NULL, NULL),
	(37, 1, 110, '2022-12-03 21:24:55', 0, 1, 0.00, NULL, NULL, NULL, NULL, NULL, NULL, 0, NULL, 0, 1, 110, '2022-12-03 22:12:31', NULL, NULL);
/*!40000 ALTER TABLE `application` ENABLE KEYS */;

-- Dumping structure for table staging_epro_kuarters_johor.application_attachment
CREATE TABLE IF NOT EXISTS `application_attachment` (
  `id` int(11) NOT NULL AUTO_INCREMENT,
  `a_id` int(11) DEFAULT NULL,
  `d_id` int(11) DEFAULT NULL,
  `path_document` text,
  `data_status` tinyint(4) DEFAULT '1',
  `action_by` int(11) DEFAULT NULL,
  `action_on` datetime DEFAULT NULL,
  `delete_by` int(11) DEFAULT NULL,
  `delete_on` datetime DEFAULT NULL,
  PRIMARY KEY (`id`),
  KEY `FK_application_attachment_application` (`a_id`),
  KEY `FK_application_attachment_documents` (`d_id`),
  KEY `FK_application_attachment_users` (`action_by`),
  KEY `FK_application_attachment_users_2` (`delete_by`)
) ENGINE=InnoDB AUTO_INCREMENT=116 DEFAULT CHARSET=latin1;

-- Dumping data for table staging_epro_kuarters_johor.application_attachment: ~114 rows (approximately)
/*!40000 ALTER TABLE `application_attachment` DISABLE KEYS */;
INSERT INTO `application_attachment` (`id`, `a_id`, `d_id`, `path_document`, `data_status`, `action_by`, `action_on`, `delete_by`, `delete_on`) VALUES
	(2, 8, 1, 'documents/applications/oeiN6m9MVVSTfwPzdlaX29HrRikNpSd9w7ecyMbW.png', 1, 266, '2022-11-29 12:07:10', NULL, NULL),
	(3, 8, 9, 'documents/applications/G05eMNfN5WhQNINeU7iGnh5VfYH63ZAAqx9T2fNt.png', 1, 266, '2022-11-29 12:07:10', NULL, NULL),
	(4, 8, 11, 'documents/applications/5tgKoYrNtQQFADegS9TYTmk26dHmcvnwrQCT0FWp.png', 1, 266, '2022-11-29 12:07:10', NULL, NULL),
	(5, 9, 1, 'documents/applications/9RSAfeprbUoEpMAJpuYbZdyWQHqSXovrDcBvjPue.pdf', 1, 266, '2022-11-29 12:10:24', NULL, NULL),
	(6, 9, 9, 'documents/applications/j7E10aEzTX5Jo9hToePBOBfPz3ZHI5HddULgVPH5.pdf', 1, 266, '2022-11-29 12:10:25', NULL, NULL),
	(7, 9, 11, 'documents/applications/JpkW87aD23j3kLanZ2XuMd94i2UswBk6hsRfdSx1.pdf', 1, 266, '2022-11-29 12:10:25', NULL, NULL),
	(8, 10, 1, 'documents/applications/jol4kBuJjZdePHy53CjupASQxdzQT08tnCI646gi.pdf', 1, 267, '2022-11-29 12:32:30', NULL, NULL),
	(9, 10, 9, 'documents/applications/UHLnDy5bfgoYRtExvSUTw7U39cxqNIMTNzCd2OiK.pdf', 1, 267, '2022-11-29 12:32:31', NULL, NULL),
	(10, 10, 11, 'documents/applications/SGtl6tifWVKRitBbJ0Mfiay7hyADCVf87nCrPiVr.pdf', 1, 267, '2022-11-29 12:32:31', NULL, NULL),
	(11, 11, 1, 'documents/applications/iCfI8CrTzhZHMUAh5dAZPcP500lNu8wAXYC9Lxai.jpg', 1, 141, '2022-11-29 14:25:18', NULL, NULL),
	(12, 11, 9, 'documents/applications/Aj80ejTJ4rBu2feVrWpk6DntxZLx5p2dvD5dgZiY.jpg', 1, 141, '2022-11-29 14:25:18', NULL, NULL),
	(13, 11, 11, 'documents/applications/Fo7mOajDmsX5mBoAQHbI1fN9lQ4ZYMi2CtCXBHR4.jpg', 1, 141, '2022-11-29 14:25:18', NULL, NULL),
	(14, 12, 1, 'documents/applications/wxAX37P7iWky7tYl5347Gi2dxAePKYgpgmnrozGI.png', 1, 104, '2022-11-29 15:40:15', NULL, NULL),
	(15, 12, 9, 'documents/applications/ii4GoF5Ct3JiLSlOdxuEmgrIyrVHYosXnpzkohxb.jpg', 1, 104, '2022-11-29 15:40:15', NULL, NULL),
	(16, 12, 11, 'documents/applications/gppylfFLii2oa8Rf4dnPmfejcU2Y4FT4syhJKXIH.jpg', 1, 104, '2022-11-29 15:40:15', NULL, NULL),
	(17, 13, 1, 'documents/applications/LeqfBdQOIVeNERlooVEGxJAlYLGdNdOJTzpMYODM.pdf', 1, 266, '2022-11-29 15:53:13', NULL, NULL),
	(18, 13, 9, 'documents/applications/XhlLMvMb06NybiuPSKnDKjTlVu0OsZtGW5lQuBxh.pdf', 1, 266, '2022-11-29 15:53:13', NULL, NULL),
	(19, 13, 11, 'documents/applications/eYWrkwnyoCAmdVWSIaazFP6pBgps4EpxHMKn0YtP.pdf', 1, 266, '2022-11-29 15:53:13', NULL, NULL),
	(20, 14, 1, 'documents/applications/LeqfBdQOIVeNERlooVEGxJAlYLGdNdOJTzpMYODM.pdf', 1, 266, '2022-11-29 16:03:11', NULL, NULL),
	(21, 14, 9, 'documents/applications/XhlLMvMb06NybiuPSKnDKjTlVu0OsZtGW5lQuBxh.pdf', 1, 266, '2022-11-29 16:03:11', NULL, NULL),
	(22, 14, 11, 'documents/applications/eYWrkwnyoCAmdVWSIaazFP6pBgps4EpxHMKn0YtP.pdf', 1, 266, '2022-11-29 16:03:11', NULL, NULL),
	(23, 15, 1, 'documents/applications/hu0onx4p9ueX6tyC9Ey4JASTAzZL8DioH1az2A3M.jpg', 1, 68, '2022-11-29 22:07:37', NULL, NULL),
	(24, 15, 9, 'documents/applications/i0gTHTwaSGFd69V64emWYT34KApiVPcKs0s6HoCj.png', 1, 68, '2022-11-29 22:07:37', NULL, NULL),
	(25, 15, 11, 'documents/applications/pvrUWkytjlRcj8ei4UFIIidMN0JvRsgiEaqXYOIC.jpg', 1, 68, '2022-11-29 22:07:37', NULL, NULL),
	(26, 16, 1, 'documents/applications/muF8XXqVOyJrHx8ksRzfZHEjSk3JTRSKOc9CQveU.jpg', 1, 71, '2022-11-29 23:59:18', NULL, NULL),
	(27, 16, 9, 'documents/applications/v9masrPSmENQGnhOoJgiDMyQo2iSlgQF7oDiA7tF.pdf', 1, 71, '2022-11-29 23:59:19', NULL, NULL),
	(28, 16, 11, 'documents/applications/5TQXs4gXbB6Qno6Rm3xdlP8RGZvNM61XKdGdIoeP.png', 1, 71, '2022-11-29 23:59:19', NULL, NULL),
	(29, 17, 1, 'documents/applications/dCnSGGBr2GNQoPT1v1wpn6OPbPdb51HfbBYGViSU.jpg', 1, 118, '2022-11-30 09:59:42', NULL, NULL),
	(30, 17, 9, 'documents/applications/y6t5wI2l4LVj2ANCbbwWylyAIDOgpT0bpXses6VH.jpg', 1, 118, '2022-11-30 09:59:42', NULL, NULL),
	(31, 17, 11, 'documents/applications/zFQ7NTErm8Stbsp5AYuzInmvx3fKT4RmlgDgU5hg.jpg', 1, 118, '2022-11-30 09:59:42', NULL, NULL),
	(32, 18, 1, 'documents/applications/tsp6tppv6s4CzpGdF4eVcNeH0UlNmodWj8QerJXt.pdf', 1, 105, '2022-11-30 12:02:08', NULL, NULL),
	(33, 18, 9, 'documents/applications/pqpiI3KNtdgkxdFXu1XuvEIoVPUE4Ptz1JKoOcXz.pdf', 1, 105, '2022-11-30 12:02:08', NULL, NULL),
	(34, 18, 11, 'documents/applications/yTE7SHFgJKJQNhbEDovYSwYhUtL5AGwOJhWuPdck.pdf', 1, 105, '2022-11-30 12:02:08', NULL, NULL),
	(35, 18, 45, 'documents/applications/t9d1dTNuDrmeLsbqgWsGtz6AM1eLaFdgVWIAU01D.pdf', 1, 105, '2022-11-30 12:02:08', NULL, NULL),
	(36, 19, 1, 'documents/applications/450vydespdNjPADIVI8QEtVDfTw2k3T7OZuTCVwF.png', 1, 279, '2022-11-30 12:03:04', NULL, NULL),
	(37, 19, 9, 'documents/applications/NVe85NZujnBHcRU9bcXKZzCgmkTSe9FoP8micxr1.png', 1, 279, '2022-11-30 12:03:05', NULL, NULL),
	(38, 19, 11, 'documents/applications/4FRu5l4pW9pIq4yLvlz4BUHsDtTI2T4dukXyCnV3.png', 1, 279, '2022-11-30 12:03:05', NULL, NULL),
	(39, 19, 45, 'documents/applications/3Je9aiehjfuWQmDrCdstflPOtAuShugZ84tD6VkN.png', 1, 279, '2022-11-30 12:03:05', NULL, NULL),
	(40, 20, 1, 'documents/applications/YPgO3aD5mJBXB2142B4Epv3XGr04wixfWCNJQYPG.png', 1, 278, '2022-11-30 12:03:07', NULL, NULL),
	(41, 20, 9, 'documents/applications/nSVqmhevoHkmtJiIlN3TKDlLr5tyOVl4FowAwWIg.png', 1, 278, '2022-11-30 12:03:07', NULL, NULL),
	(42, 20, 11, 'documents/applications/Gzoy18wuyBvSu0w17n4u0tUyWywNgfA11gA1us5B.png', 1, 278, '2022-11-30 12:03:07', NULL, NULL),
	(43, 20, 45, 'documents/applications/vX9t1mJ3R3gdeH3nljhtkP3wqEqDTJnWSe1zb0Cm.png', 1, 278, '2022-11-30 12:03:07', NULL, NULL),
	(44, 21, 1, 'documents/applications/8RCLYPAq1D5FfwtUWXrBsaIesvfddeyJabREofjc.jpg', 1, 131, '2022-11-30 12:16:31', NULL, NULL),
	(45, 21, 9, 'documents/applications/5lCt9LWxXyks1Qi1MB85q25VFBQY27cTXaIGAF8n.jpg', 1, 131, '2022-11-30 12:16:31', NULL, NULL),
	(46, 21, 11, 'documents/applications/NEYY32UYFp6vI93HVuBvt6FqU0So1zwfmyokQZlb.jpg', 1, 131, '2022-11-30 12:16:31', NULL, NULL),
	(47, 21, 45, 'documents/applications/PJRSbBC1VJIfqE4YIspjWHHPdi2dR9zEysRYMHBl.jpg', 1, 131, '2022-11-30 12:16:31', NULL, NULL),
	(48, 22, 1, 'documents/applications/E7Mc5sY2N0YpdOl27NXn1CtZOBRrYfc8K8SJgPbT.jpg', 1, 70, '2022-11-30 15:13:34', NULL, NULL),
	(49, 22, 9, 'documents/applications/7pnvln6ae6q81z3HehGXW3RFR0GLO7baAnJzJtq7.jpg', 1, 70, '2022-11-30 15:13:34', NULL, NULL),
	(50, 22, 11, 'documents/applications/7Q3aNwCx7eO5HjRLRSqFy7KEpktpAcYe6bySkEN4.jpg', 1, 70, '2022-11-30 15:13:34', NULL, NULL),
	(51, 22, 45, 'documents/applications/ZAlvwjuqGpami9HhZNb2f8eeUjeoJiiK1XgHcKR4.jpg', 1, 70, '2022-11-30 15:13:34', NULL, NULL),
	(52, 23, 1, 'documents/applications/lZDOCRXGjh5fB3IQ7oXJj45TxdIgmBTew3Ud65Ob.png', 1, 274, '2022-11-30 15:16:33', NULL, NULL),
	(53, 23, 9, 'documents/applications/zaaouTAEDKFpyzkVjcQg517Rsa5ONhQglqu0jLhu.png', 1, 274, '2022-11-30 15:16:33', NULL, NULL),
	(54, 23, 11, 'documents/applications/X2kzlbz2aGZKLnSdK8sY4t5IoDLCc86peEHCFT3D.png', 1, 274, '2022-11-30 15:16:33', NULL, NULL),
	(55, 23, 45, 'documents/applications/IsYyMsJ2AKeozdpp0xNRC0NJpDHi7ynZwFOBh2eZ.png', 1, 274, '2022-11-30 15:16:33', NULL, NULL),
	(56, 24, 1, 'documents/applications/8GFyHLQeYKtjGqDnUokcc7FmZc6Mi5E7mg71Sx82.pdf', 1, 140, '2022-12-01 09:09:27', NULL, NULL),
	(57, 24, 9, 'documents/applications/b9KSjY7UVyWh8gwouf4Fpms4NTvXGjQtxJY7bC9O.pdf', 1, 140, '2022-12-01 09:09:27', NULL, NULL),
	(58, 24, 11, 'documents/applications/JMiRtyR3BrOkwKkQYiCXpYiuDjXiAQqewGn3JQIi.pdf', 1, 140, '2022-12-01 09:09:27', NULL, NULL),
	(59, 24, 45, 'documents/applications/EMC7341iTON2qqAd3HlGXqgPL2bFBMa4W8I88GVL.pdf', 1, 140, '2022-12-01 09:09:27', NULL, NULL),
	(60, 25, 1, 'documents/applications/vESfj0KQ3qwLIHOtTP0Rc6dOffVTXFYrWgIEy5L1.pdf', 1, 74, '2022-12-01 09:13:39', NULL, NULL),
	(61, 25, 9, 'documents/applications/rKAWbH6AFLO7t0t1zpaeEcbrf0RzpAReSSxltyhG.pdf', 1, 74, '2022-12-01 09:13:39', NULL, NULL),
	(62, 25, 11, 'documents/applications/MC9jHdGccGig4MyyRdoZBSdga9abeHAMQmtVU71K.pdf', 1, 74, '2022-12-01 09:13:39', NULL, NULL),
	(63, 25, 45, 'documents/applications/LwLO8MKzLxiDZDrgQ6X1DTq2t168WPFDrctpPoUt.pdf', 1, 74, '2022-12-01 09:13:39', NULL, NULL),
	(64, 26, 1, 'documents/applications/8dZURrdm9X3wOaKEV6koasokK0cx6J8CkA6aH2Ob.jpg', 1, 138, '2022-12-01 10:00:25', NULL, NULL),
	(65, 26, 9, 'documents/applications/6gngMH77PHWsXMeN9kLqqNor3wrELlY7GjxPpBHB.jpg', 1, 138, '2022-12-01 10:00:25', NULL, NULL),
	(66, 26, 11, 'documents/applications/wWUT6Cm90sCAP52gegopqASDzaTQZxDvR8IHlbS4.png', 1, 138, '2022-12-01 10:00:25', NULL, NULL),
	(67, 26, 45, 'documents/applications/qnH2efHCQryIzZ8RrIq3ASTvZF8XXn6nWONLF2Hh.jpg', 1, 138, '2022-12-01 10:00:25', NULL, NULL),
	(68, 27, 1, 'documents/applications/FAU5oYEAzvaUv9AReSuuhGaQaugp34TYDyWJIYUA.pdf', 1, 257, '2022-12-01 10:01:38', NULL, NULL),
	(69, 27, 9, 'documents/applications/w37dPy8VPG9v6ECZI74Qfn5uG3kpFG5DKGI5y3SP.pdf', 1, 257, '2022-12-01 10:01:38', NULL, NULL),
	(70, 27, 11, 'documents/applications/bOQzDDL79plQ1pe7V5hoPYOjNDNHXwrY768dgXFz.pdf', 1, 257, '2022-12-01 10:01:39', NULL, NULL),
	(71, 27, 45, 'documents/applications/YDVVkfsOUkoOm73vcOJxw9Pl3F4WoHKRurX3eTyS.pdf', 1, 257, '2022-12-01 10:01:39', NULL, NULL),
	(72, 28, 1, 'documents/applications/WWiCXEBaosSkmFhPKTKxaK6oyAGGdu831rOjikQa.jpg', 1, 133, '2022-12-01 10:14:27', NULL, NULL),
	(73, 28, 9, 'documents/applications/i31t39S9fvQCsPTMpC8cQEcLQqXcm9lCJg4ItPXy.jpg', 1, 133, '2022-12-01 10:14:27', NULL, NULL),
	(74, 28, 11, 'documents/applications/MtiyxpPs6OcPwSdzQbHcZCVqwu9WMxPdkG30c741.png', 1, 133, '2022-12-01 10:14:27', NULL, NULL),
	(75, 28, 45, 'documents/applications/qbxtKHEpWaTsQLTbx4uILTUlZWwndKrhdHV8xbnz.jpg', 1, 133, '2022-12-01 10:14:27', NULL, NULL),
	(76, 29, 1, 'documents/applications/ByF0mP9fVcDGBJUGl1k5QdiHaBm9lltSk8ajZpAZ.jpg', 1, 135, '2022-12-01 10:18:21', NULL, NULL),
	(77, 29, 9, 'documents/applications/at6Q0IzInBf06A082frgHEJzKGTGPHhG5dhwPpnk.jpg', 1, 135, '2022-12-01 10:18:21', NULL, NULL),
	(78, 29, 11, 'documents/applications/9XM4F8JmUp19JseaFWqd8ufp5Ij5RlFeXG9sKEnH.png', 1, 135, '2022-12-01 10:18:21', NULL, NULL),
	(79, 29, 45, 'documents/applications/61jhZH9462C2rtcDiQKm7kQXvYae4pFnHeawo5nL.jpg', 1, 135, '2022-12-01 10:18:21', NULL, NULL),
	(80, 30, 1, 'documents/applications/WWiCXEBaosSkmFhPKTKxaK6oyAGGdu831rOjikQa.jpg', 1, 133, '2022-12-01 11:05:09', NULL, NULL),
	(81, 30, 9, 'documents/applications/i31t39S9fvQCsPTMpC8cQEcLQqXcm9lCJg4ItPXy.jpg', 1, 133, '2022-12-01 11:05:09', NULL, NULL),
	(82, 30, 11, 'documents/applications/MtiyxpPs6OcPwSdzQbHcZCVqwu9WMxPdkG30c741.png', 1, 133, '2022-12-01 11:05:09', NULL, NULL),
	(83, 30, 45, 'documents/applications/qbxtKHEpWaTsQLTbx4uILTUlZWwndKrhdHV8xbnz.jpg', 1, 133, '2022-12-01 11:05:09', NULL, NULL),
	(84, 31, 1, 'documents/applications/OZ4yo5d9zapOQhiH6nH5NeR3gaWBdqkxztW17n8c.pdf', 1, 251, '2022-12-01 11:07:01', NULL, NULL),
	(85, 31, 9, 'documents/applications/V0rNFn7S0xgf5mzISH8bnZ0guPUBmO2UZu4dJlsl.pdf', 1, 251, '2022-12-01 11:07:01', NULL, NULL),
	(86, 31, 11, 'documents/applications/ifxsB6gh9BgWvGDjvMCESU2u1jVdZzAoHH1q1B20.pdf', 1, 251, '2022-12-01 11:07:01', NULL, NULL),
	(87, 31, 45, 'documents/applications/v4uprXYajUZzOGnRDrnCXQ8F96eE1ZLg5Dqzebjk.pdf', 1, 251, '2022-12-01 11:07:01', NULL, NULL),
	(88, 32, 1, 'documents/applications/vESfj0KQ3qwLIHOtTP0Rc6dOffVTXFYrWgIEy5L1.pdf', 1, 74, '2022-12-01 11:09:07', NULL, NULL),
	(89, 32, 9, 'documents/applications/rKAWbH6AFLO7t0t1zpaeEcbrf0RzpAReSSxltyhG.pdf', 1, 74, '2022-12-01 11:09:07', NULL, NULL),
	(90, 32, 11, 'documents/applications/MC9jHdGccGig4MyyRdoZBSdga9abeHAMQmtVU71K.pdf', 1, 74, '2022-12-01 11:09:07', NULL, NULL),
	(91, 32, 45, 'documents/applications/LwLO8MKzLxiDZDrgQ6X1DTq2t168WPFDrctpPoUt.pdf', 1, 74, '2022-12-01 11:09:07', NULL, NULL),
	(92, 33, 1, 'documents/applications/8dZURrdm9X3wOaKEV6koasokK0cx6J8CkA6aH2Ob.jpg', 1, 138, '2022-12-01 11:09:27', NULL, NULL),
	(93, 33, 9, 'documents/applications/6gngMH77PHWsXMeN9kLqqNor3wrELlY7GjxPpBHB.jpg', 1, 138, '2022-12-01 11:09:27', NULL, NULL),
	(94, 33, 11, 'documents/applications/wWUT6Cm90sCAP52gegopqASDzaTQZxDvR8IHlbS4.png', 1, 138, '2022-12-01 11:09:27', NULL, NULL),
	(95, 33, 45, 'documents/applications/qnH2efHCQryIzZ8RrIq3ASTvZF8XXn6nWONLF2Hh.jpg', 1, 138, '2022-12-01 11:09:27', NULL, NULL),
	(96, 34, 1, 'documents/applications/ByF0mP9fVcDGBJUGl1k5QdiHaBm9lltSk8ajZpAZ.jpg', 1, 135, '2022-12-01 11:09:39', NULL, NULL),
	(97, 34, 9, 'documents/applications/at6Q0IzInBf06A082frgHEJzKGTGPHhG5dhwPpnk.jpg', 1, 135, '2022-12-01 11:09:39', NULL, NULL),
	(98, 34, 11, 'documents/applications/9XM4F8JmUp19JseaFWqd8ufp5Ij5RlFeXG9sKEnH.png', 1, 135, '2022-12-01 11:09:39', NULL, NULL),
	(99, 34, 45, 'documents/applications/61jhZH9462C2rtcDiQKm7kQXvYae4pFnHeawo5nL.jpg', 1, 135, '2022-12-01 11:09:39', NULL, NULL),
	(100, 35, 1, 'documents/applications/8GFyHLQeYKtjGqDnUokcc7FmZc6Mi5E7mg71Sx82.pdf', 0, 140, '2022-12-01 11:09:44', NULL, NULL),
	(101, 35, 9, 'documents/applications/b9KSjY7UVyWh8gwouf4Fpms4NTvXGjQtxJY7bC9O.pdf', 0, 140, '2022-12-01 11:09:44', NULL, NULL),
	(102, 35, 11, 'documents/applications/JMiRtyR3BrOkwKkQYiCXpYiuDjXiAQqewGn3JQIi.pdf', 0, 140, '2022-12-01 11:09:44', NULL, NULL),
	(103, 35, 45, 'documents/applications/EMC7341iTON2qqAd3HlGXqgPL2bFBMa4W8I88GVL.pdf', 0, 140, '2022-12-01 11:09:44', NULL, NULL),
	(104, 35, 1, 'documents/applications/80pqDZeWLQymP2RqVsnsG0PRKtKP46gY9wyST0kk.png', 1, 140, '2022-12-01 11:12:33', NULL, NULL),
	(105, 35, 9, 'documents/applications/FHRcB3sdSGzAp63tDr1vNDKzP8S1i2oTaUM7YaR7.png', 1, 140, '2022-12-01 11:12:33', NULL, NULL),
	(106, 35, 11, 'documents/applications/V0cUeqb9O85NBMhathcf0L8RdRcOV2Eshvnh2Tyd.png', 1, 140, '2022-12-01 11:12:33', NULL, NULL),
	(107, 35, 45, 'documents/applications/mkvfwDU0d29udIaHo7qSy8wLvbYq0odaXARt0c3n.png', 1, 140, '2022-12-01 11:12:33', NULL, NULL),
	(108, 36, 1, 'documents/applications/pl0uBkr1WDw6lgZAHvJyauVvixyiqEFISfcI9bF9.jpg', 1, 110, '2022-12-03 20:41:16', NULL, NULL),
	(109, 36, 9, 'documents/applications/QiYaEwR0v4UP2MUj3DSuyzHjqdrpsuSDOd0taOsb.jpg', 1, 110, '2022-12-03 20:41:16', NULL, NULL),
	(110, 36, 11, 'documents/applications/3xcIAoLjBcG0MyQFzEexuK3fthubwW7Wj1hE15OL.png', 1, 110, '2022-12-03 20:41:16', NULL, NULL),
	(111, 36, 45, 'documents/applications/Xrqrcm8U9aMqht0IHv3B0x4ogL9TU6QWbhQg0S5U.jpg', 1, 110, '2022-12-03 20:41:17', NULL, NULL),
	(112, 37, 1, 'documents/applications/0RTK6SD6mNWDMy6unS28a3Tz7qVVIYx3m8GJnLUq.jpg', 1, 110, '2022-12-03 21:25:00', NULL, NULL),
	(113, 37, 9, 'documents/applications/7MhdOhi6Gjl2BjNtfE9zySOqlJQ7USRN3xuvOjTe.jpg', 1, 110, '2022-12-03 21:25:00', NULL, NULL),
	(114, 37, 11, 'documents/applications/88lKOJMaBdcUV1CKA9hTbWBBGDPOeYeeYTXYPyUu.png', 1, 110, '2022-12-03 21:25:00', NULL, NULL),
	(115, 37, 45, 'documents/applications/6tY1nQL27pRcadVWoVImPRqWRprnJyIYYSYQK1de.jpg', 1, 110, '2022-12-03 21:25:00', NULL, NULL);
/*!40000 ALTER TABLE `application_attachment` ENABLE KEYS */;

-- Dumping structure for table staging_epro_kuarters_johor.application_date
CREATE TABLE IF NOT EXISTS `application_date` (
  `id` int(11) NOT NULL AUTO_INCREMENT,
  `year` year(4) DEFAULT NULL,
  `date_open` date DEFAULT NULL,
  `date_close` date DEFAULT NULL,
  `data_status` tinyint(4) DEFAULT '1',
  `action_by` int(11) DEFAULT NULL,
  `action_on` datetime DEFAULT NULL,
  `delete_by` int(11) DEFAULT NULL,
  `delete_on` datetime DEFAULT NULL,
  PRIMARY KEY (`id`),
  KEY `FK_application_date_users` (`action_by`),
  KEY `FK_application_date_users_2` (`delete_by`),
  CONSTRAINT `FK_application_date_users` FOREIGN KEY (`action_by`) REFERENCES `users` (`id`) ON DELETE NO ACTION ON UPDATE NO ACTION,
  CONSTRAINT `FK_application_date_users_2` FOREIGN KEY (`delete_by`) REFERENCES `users` (`id`) ON DELETE NO ACTION ON UPDATE NO ACTION
) ENGINE=InnoDB AUTO_INCREMENT=8 DEFAULT CHARSET=latin1;

-- Dumping data for table staging_epro_kuarters_johor.application_date: ~7 rows (approximately)
/*!40000 ALTER TABLE `application_date` DISABLE KEYS */;
INSERT INTO `application_date` (`id`, `year`, `date_open`, `date_close`, `data_status`, `action_by`, `action_on`, `delete_by`, `delete_on`) VALUES
	(1, '2022', '2022-01-01', '2022-11-30', 0, 10, '2022-11-25 12:38:47', 10, '2022-11-30 11:00:08'),
	(2, '2029', '2029-01-01', '2029-12-31', 0, 10, '2022-11-30 10:09:06', 10, '2022-11-30 10:10:06'),
	(3, '2023', '2023-01-01', '2023-01-12', 1, 10, '2022-11-30 10:59:30', NULL, NULL),
	(4, '2030', '2030-01-01', '2030-12-08', 0, 10, '2022-11-30 10:59:55', 10, '2022-11-30 11:00:16'),
	(5, '2022', '2022-11-30', '2023-06-01', 1, 10, '2022-11-30 11:01:21', NULL, NULL),
	(6, '2025', '2025-01-01', '2025-01-31', 0, 10, '2022-12-02 00:25:12', 10, '2022-12-02 00:44:22'),
	(7, '2024', '2024-01-01', '2024-01-05', 1, 10, '2022-12-02 10:13:37', NULL, NULL);
/*!40000 ALTER TABLE `application_date` ENABLE KEYS */;

-- Dumping structure for table staging_epro_kuarters_johor.application_history
CREATE TABLE IF NOT EXISTS `application_history` (
  `id` int(11) NOT NULL AUTO_INCREMENT,
  `application_id` int(11) DEFAULT NULL,
  `application_status_id` int(11) DEFAULT NULL,
  `quarters_category_id` int(11) DEFAULT NULL COMMENT 'cancel',
  `data_status` int(11) DEFAULT '1',
  `action_by` int(11) DEFAULT NULL,
  `action_on` datetime DEFAULT NULL,
  PRIMARY KEY (`id`),
  KEY `FK_application_history_application` (`application_id`),
  KEY `FK_application_history_application_status` (`application_status_id`),
  KEY `FK_application_history_users` (`action_by`)
) ENGINE=InnoDB AUTO_INCREMENT=135 DEFAULT CHARSET=latin1;

-- Dumping data for table staging_epro_kuarters_johor.application_history: ~132 rows (approximately)
/*!40000 ALTER TABLE `application_history` DISABLE KEYS */;
INSERT INTO `application_history` (`id`, `application_id`, `application_status_id`, `quarters_category_id`, `data_status`, `action_by`, `action_on`) VALUES
	(3, 9, 1, NULL, 1, 266, '2022-11-29 12:12:33'),
	(4, 9, 2, NULL, 1, 10, '2022-11-29 12:26:17'),
	(5, 9, 3, NULL, 1, 10, '2022-11-29 12:28:32'),
	(6, 9, 5, NULL, 1, 10, '2022-11-29 12:28:51'),
	(7, 10, 1, NULL, 1, 267, '2022-11-29 12:32:39'),
	(8, 10, 2, NULL, 1, 10, '2022-11-29 12:33:07'),
	(9, 10, 3, NULL, 1, 10, '2022-11-29 12:33:27'),
	(10, 10, 5, NULL, 1, 10, '2022-11-29 12:33:43'),
	(11, 9, 7, NULL, 1, 10, '2022-11-29 12:54:56'),
	(12, 10, 7, NULL, 1, 10, '2022-11-29 12:54:56'),
	(13, 10, 11, NULL, 1, 267, '2022-11-29 13:17:53'),
	(14, 11, 1, NULL, 1, 141, '2022-11-29 14:25:47'),
	(15, 11, 2, NULL, 1, 10, '2022-11-29 14:56:39'),
	(16, 11, 3, NULL, 1, 10, '2022-11-29 14:59:07'),
	(17, 11, 5, NULL, 1, 10, '2022-11-29 15:00:22'),
	(18, 11, 7, NULL, 1, 10, '2022-11-29 15:16:15'),
	(19, 9, 12, NULL, 1, 266, '2022-11-29 15:40:10'),
	(20, 12, 1, NULL, 1, 104, '2022-11-29 15:40:24'),
	(21, 12, 2, NULL, 1, 10, '2022-11-29 15:41:07'),
	(22, 13, 1, NULL, 1, 266, '2022-11-29 15:53:29'),
	(23, 13, 2, NULL, 1, 10, '2022-11-29 15:53:56'),
	(24, 13, 3, NULL, 1, 10, '2022-11-29 15:54:17'),
	(25, 13, 5, NULL, 1, 10, '2022-11-29 15:54:38'),
	(26, 13, 9, NULL, 1, 10, '2022-11-29 15:58:18'),
	(27, 14, 1, NULL, 1, 266, '2022-11-29 16:05:00'),
	(28, 14, 2, NULL, 1, 10, '2022-11-29 16:09:44'),
	(29, 14, 3, NULL, 1, 10, '2022-11-29 16:10:17'),
	(30, 14, 5, NULL, 1, 10, '2022-11-29 16:10:35'),
	(31, 14, 8, NULL, 1, 10, '2022-11-29 16:12:57'),
	(32, 11, 11, NULL, 1, 141, '2022-11-29 17:33:24'),
	(33, 15, 1, NULL, 1, 68, '2022-11-29 22:07:51'),
	(34, 15, 2, NULL, 1, 68, '2022-11-29 22:12:58'),
	(35, 15, 3, NULL, 1, 68, '2022-11-29 22:13:19'),
	(36, 15, 5, NULL, 1, 68, '2022-11-29 22:14:41'),
	(37, 15, 7, NULL, 1, 68, '2022-11-29 22:22:35'),
	(38, 15, 11, NULL, 1, 68, '2022-11-29 22:24:38'),
	(39, 16, 1, NULL, 1, 71, '2022-11-29 23:59:28'),
	(40, 16, 2, NULL, 1, 10, '2022-11-30 00:08:34'),
	(41, 16, 3, NULL, 1, 10, '2022-11-30 00:24:10'),
	(42, 16, 5, NULL, 1, 10, '2022-11-30 00:35:20'),
	(43, 16, 7, NULL, 1, 10, '2022-11-30 01:52:26'),
	(44, 16, 11, NULL, 1, 71, '2022-11-30 02:15:50'),
	(45, 17, 1, NULL, 1, 118, '2022-11-30 10:02:00'),
	(46, 17, 2, NULL, 1, 10, '2022-11-30 11:20:26'),
	(47, 17, 3, NULL, 1, 10, '2022-11-30 11:29:11'),
	(48, 17, 5, NULL, 1, 10, '2022-11-30 11:37:58'),
	(49, 18, 1, NULL, 1, 105, '2022-11-30 12:05:14'),
	(50, 20, 1, NULL, 1, 278, '2022-11-30 12:05:54'),
	(51, 21, 1, NULL, 1, 131, '2022-11-30 12:18:52'),
	(52, 17, 7, NULL, 1, 10, '2022-11-30 12:26:35'),
	(53, 19, 1, NULL, 1, 279, '2022-11-30 12:45:19'),
	(54, 18, 2, NULL, 1, 10, '2022-11-30 12:52:44'),
	(55, 20, 2, NULL, 1, 10, '2022-11-30 12:52:46'),
	(56, 21, 2, NULL, 1, 282, '2022-11-30 12:52:49'),
	(57, 17, 11, NULL, 1, 118, '2022-11-30 12:54:42'),
	(58, 18, 3, NULL, 1, 10, '2022-11-30 12:55:49'),
	(59, 20, 3, NULL, 1, 10, '2022-11-30 12:55:54'),
	(60, 21, 3, NULL, 1, 282, '2022-11-30 12:56:09'),
	(61, 18, 5, NULL, 1, 10, '2022-11-30 12:56:47'),
	(62, 21, 5, NULL, 1, 282, '2022-11-30 12:56:58'),
	(63, 20, 5, NULL, 1, 10, '2022-11-30 12:58:12'),
	(64, 19, 2, NULL, 1, 279, '2022-11-30 13:02:44'),
	(65, 19, 3, NULL, 1, 279, '2022-11-30 13:03:13'),
	(66, 19, 5, NULL, 1, 279, '2022-11-30 13:03:35'),
	(67, 19, 7, NULL, 1, 10, '2022-11-30 15:09:41'),
	(68, 20, 8, NULL, 1, 10, '2022-11-30 15:09:41'),
	(69, 18, 9, NULL, 1, 10, '2022-11-30 15:09:41'),
	(70, 22, 1, NULL, 1, 70, '2022-11-30 15:13:58'),
	(71, 23, 1, NULL, 1, 274, '2022-11-30 15:16:41'),
	(72, 23, 2, NULL, 1, 279, '2022-11-30 15:17:03'),
	(73, 23, 3, NULL, 1, 279, '2022-11-30 15:17:23'),
	(74, 23, 5, NULL, 1, 279, '2022-11-30 15:17:37'),
	(75, 19, 11, NULL, 1, 279, '2022-11-30 15:42:13'),
	(76, 24, 1, NULL, 1, 140, '2022-12-01 09:09:36'),
	(77, 25, 1, NULL, 1, 74, '2022-12-01 09:13:46'),
	(78, 24, 2, NULL, 1, 10, '2022-12-01 09:50:31'),
	(79, 25, 2, NULL, 1, 10, '2022-12-01 09:50:58'),
	(80, 24, 3, NULL, 1, 10, '2022-12-01 09:51:33'),
	(81, 25, 3, NULL, 1, 10, '2022-12-01 09:51:48'),
	(82, 24, 5, NULL, 1, 10, '2022-12-01 09:52:13'),
	(83, 25, 5, NULL, 1, 10, '2022-12-01 09:52:26'),
	(84, 26, 1, NULL, 1, 138, '2022-12-01 10:00:38'),
	(85, 26, 2, NULL, 1, 10, '2022-12-01 10:01:45'),
	(86, 26, 3, NULL, 1, 10, '2022-12-01 10:02:19'),
	(87, 26, 5, NULL, 1, 10, '2022-12-01 10:02:43'),
	(88, 27, 1, NULL, 1, 257, '2022-12-01 10:03:12'),
	(89, 28, 1, NULL, 1, 133, '2022-12-01 10:14:38'),
	(90, 29, 1, NULL, 1, 135, '2022-12-01 10:18:32'),
	(91, 28, 2, NULL, 1, 10, '2022-12-01 10:19:04'),
	(92, 29, 2, NULL, 1, 10, '2022-12-01 10:19:40'),
	(93, 28, 3, NULL, 1, 10, '2022-12-01 10:20:31'),
	(94, 29, 3, NULL, 1, 10, '2022-12-01 10:20:48'),
	(95, 28, 5, NULL, 1, 10, '2022-12-01 10:21:10'),
	(96, 29, 5, NULL, 1, 10, '2022-12-01 10:21:23'),
	(97, 24, 9, NULL, 1, 68, '2022-12-01 10:54:26'),
	(98, 26, 9, NULL, 1, 68, '2022-12-01 10:55:15'),
	(99, 25, 9, NULL, 1, 68, '2022-12-01 10:56:08'),
	(100, 28, 9, NULL, 1, 68, '2022-12-01 10:57:29'),
	(101, 29, 9, NULL, 1, 68, '2022-12-01 10:58:15'),
	(102, 31, 1, NULL, 1, 251, '2022-12-01 11:07:16'),
	(103, 32, 1, NULL, 1, 74, '2022-12-01 11:12:18'),
	(104, 33, 1, NULL, 1, 138, '2022-12-01 11:12:23'),
	(105, 30, 1, NULL, 1, 133, '2022-12-01 11:14:33'),
	(106, 34, 1, NULL, 1, 135, '2022-12-01 11:16:00'),
	(107, 35, 1, NULL, 1, 140, '2022-12-01 11:17:16'),
	(108, 22, 2, NULL, 1, 10, '2022-12-01 11:30:13'),
	(109, 27, 2, NULL, 1, 10, '2022-12-01 11:31:03'),
	(110, 22, 3, NULL, 1, 10, '2022-12-01 11:52:33'),
	(111, 27, 3, NULL, 1, 10, '2022-12-01 11:53:15'),
	(112, 27, 6, NULL, 1, 10, '2022-12-01 11:53:59'),
	(113, 22, 5, NULL, 1, 10, '2022-12-01 11:54:15'),
	(114, 12, 3, NULL, 1, 10, '2022-12-02 07:15:18'),
	(115, 12, 5, NULL, 1, 10, '2022-12-02 07:15:42'),
	(116, 12, 7, NULL, 1, 10, '2022-12-02 07:21:10'),
	(117, 12, 11, NULL, 1, 104, '2022-12-02 07:23:00'),
	(118, 30, 2, NULL, 1, 10, '2022-12-02 07:28:18'),
	(119, 30, 3, NULL, 1, 10, '2022-12-02 07:28:46'),
	(120, 30, 5, NULL, 1, 10, '2022-12-02 07:30:05'),
	(121, 30, 7, NULL, 1, 10, '2022-12-02 07:36:54'),
	(122, 30, 11, NULL, 1, 133, '2022-12-02 07:38:14'),
	(123, 37, 1, NULL, 1, 110, '2022-12-03 21:39:49'),
	(124, 37, 2, NULL, 1, 10, '2022-12-03 21:45:44'),
	(125, 37, 3, NULL, 1, 10, '2022-12-03 21:46:40'),
	(126, 37, 5, NULL, 1, 10, '2022-12-03 21:47:33'),
	(127, 37, 7, NULL, 1, 10, '2022-12-03 22:02:23'),
	(128, 37, 11, NULL, 1, 110, '2022-12-03 22:12:31'),
	(129, 33, 2, NULL, 1, 10, '2022-12-03 22:48:26'),
	(130, 33, 3, NULL, 1, 10, '2022-12-03 22:48:48'),
	(131, 33, 5, NULL, 1, 10, '2022-12-03 22:49:07'),
	(132, 34, 2, NULL, 1, 10, '2022-12-03 22:54:48'),
	(133, 34, 3, NULL, 1, 10, '2022-12-03 22:55:17'),
	(134, 34, 5, NULL, 1, 10, '2022-12-03 22:55:46');
/*!40000 ALTER TABLE `application_history` ENABLE KEYS */;

-- Dumping structure for table staging_epro_kuarters_johor.application_quarters_category
CREATE TABLE IF NOT EXISTS `application_quarters_category` (
  `id` int(11) NOT NULL AUTO_INCREMENT,
  `application_id` int(11) DEFAULT NULL,
  `quarters_category_id` int(11) DEFAULT NULL,
  `is_selected` int(11) DEFAULT NULL,
  `quarters_id` int(11) DEFAULT NULL,
  `replacement_reason` int(11) DEFAULT NULL,
  `replacement_letter` int(11) DEFAULT NULL,
  `data_status` int(11) DEFAULT '1',
  `action_by` int(11) DEFAULT NULL,
  `action_on` varchar(50) DEFAULT NULL,
  `delete_by` int(11) DEFAULT NULL,
  `delete_on` varchar(50) DEFAULT NULL,
  `replace_by` int(11) DEFAULT NULL,
  `replace_on` varchar(50) DEFAULT NULL,
  PRIMARY KEY (`id`)
) ENGINE=InnoDB AUTO_INCREMENT=73 DEFAULT CHARSET=latin1;

-- Dumping data for table staging_epro_kuarters_johor.application_quarters_category: ~57 rows (approximately)
/*!40000 ALTER TABLE `application_quarters_category` DISABLE KEYS */;
INSERT INTO `application_quarters_category` (`id`, `application_id`, `quarters_category_id`, `is_selected`, `quarters_id`, `replacement_reason`, `replacement_letter`, `data_status`, `action_by`, `action_on`, `delete_by`, `delete_on`, `replace_by`, `replace_on`) VALUES
	(16, 8, 1, NULL, NULL, NULL, NULL, 1, NULL, NULL, NULL, NULL, NULL, NULL),
	(17, 8, 14, NULL, NULL, NULL, NULL, 1, NULL, NULL, NULL, NULL, NULL, NULL),
	(18, 8, 15, NULL, NULL, NULL, NULL, 1, NULL, NULL, NULL, NULL, NULL, NULL),
	(19, 9, 32, 1, 38, NULL, NULL, 1, 10, '2022-11-29 13:03:40', NULL, NULL, NULL, NULL),
	(20, 9, 33, NULL, NULL, NULL, NULL, 1, NULL, NULL, NULL, NULL, NULL, NULL),
	(21, 9, 34, NULL, NULL, NULL, NULL, 1, NULL, NULL, NULL, NULL, NULL, NULL),
	(22, 10, 32, 1, 39, NULL, NULL, 1, 10, '2022-11-29 13:03:40', NULL, NULL, NULL, NULL),
	(23, 10, 33, NULL, NULL, NULL, NULL, 1, NULL, NULL, NULL, NULL, NULL, NULL),
	(24, 10, 34, NULL, NULL, NULL, NULL, 1, NULL, NULL, NULL, NULL, NULL, NULL),
	(25, 11, 24, 1, 491, NULL, NULL, 1, 10, '2022-11-29 15:26:55', NULL, NULL, NULL, NULL),
	(26, 12, 1, 1, 280, NULL, NULL, 1, 10, '2022-12-02 07:21:46', NULL, NULL, NULL, NULL),
	(27, 13, 32, NULL, NULL, NULL, NULL, 1, 10, '2022-11-29 15:58:18', NULL, NULL, NULL, NULL),
	(28, 13, 33, NULL, NULL, NULL, NULL, 1, NULL, NULL, NULL, NULL, NULL, NULL),
	(29, 13, 34, NULL, NULL, NULL, NULL, 1, NULL, NULL, NULL, NULL, NULL, NULL),
	(30, 14, 32, NULL, NULL, NULL, NULL, 1, 10, '2022-11-29 16:12:57', NULL, NULL, NULL, NULL),
	(31, 14, 33, NULL, NULL, NULL, NULL, 1, 266, '2022-11-29 16:04:41', NULL, NULL, NULL, NULL),
	(32, 14, 34, NULL, NULL, NULL, NULL, 1, 266, '2022-11-29 16:04:41', NULL, NULL, NULL, NULL),
	(33, 15, 57, 1, 613, NULL, NULL, 1, 68, '2022-11-29 22:23:12', NULL, NULL, NULL, NULL),
	(34, 16, 15, 1, 607, NULL, NULL, 1, 10, '2022-11-30 02:08:13', NULL, NULL, NULL, NULL),
	(35, 17, 1, NULL, NULL, NULL, NULL, 1, 118, '2022-11-30 10:00:55', NULL, NULL, NULL, NULL),
	(36, 17, 6, NULL, NULL, NULL, NULL, 1, 118, '2022-11-30 10:00:55', NULL, NULL, NULL, NULL),
	(37, 17, 15, 1, 606, NULL, NULL, 1, 10, '2022-11-30 12:42:01', NULL, NULL, NULL, NULL),
	(38, 18, 32, NULL, NULL, NULL, NULL, 0, NULL, NULL, 105, '2022-11-30 12:04:44', NULL, NULL),
	(39, 18, 33, NULL, NULL, NULL, NULL, 1, 10, '2022-11-30 15:09:41', NULL, NULL, NULL, NULL),
	(40, 19, 67, 1, 623, NULL, NULL, 1, 10, '2022-11-30 15:26:56', NULL, NULL, NULL, NULL),
	(41, 20, 1, NULL, NULL, NULL, NULL, 1, 278, '2022-11-30 12:05:41', NULL, NULL, NULL, NULL),
	(42, 20, 27, NULL, NULL, NULL, NULL, 1, 10, '2022-11-30 15:09:41', NULL, NULL, NULL, NULL),
	(43, 18, 34, NULL, NULL, NULL, NULL, 1, 105, '2022-11-30 12:04:44', NULL, NULL, NULL, NULL),
	(44, 21, 6, NULL, NULL, NULL, NULL, 1, NULL, NULL, NULL, NULL, NULL, NULL),
	(45, 21, 33, NULL, NULL, NULL, NULL, 1, NULL, NULL, NULL, NULL, NULL, NULL),
	(46, 22, 1, NULL, NULL, NULL, NULL, 1, NULL, NULL, NULL, NULL, NULL, NULL),
	(47, 22, 14, NULL, NULL, NULL, NULL, 1, NULL, NULL, NULL, NULL, NULL, NULL),
	(48, 23, 67, NULL, NULL, NULL, NULL, 1, NULL, NULL, NULL, NULL, NULL, NULL),
	(49, 24, 32, NULL, NULL, NULL, NULL, 1, 68, '2022-12-01 10:54:26', NULL, NULL, NULL, NULL),
	(50, 24, 33, NULL, NULL, NULL, NULL, 1, NULL, NULL, NULL, NULL, NULL, NULL),
	(51, 25, 15, NULL, NULL, NULL, NULL, 1, NULL, NULL, NULL, NULL, NULL, NULL),
	(52, 25, 32, NULL, NULL, NULL, NULL, 1, 68, '2022-12-01 10:56:08', NULL, NULL, NULL, NULL),
	(53, 26, 1, NULL, NULL, NULL, NULL, 1, 68, '2022-12-01 10:55:15', NULL, NULL, NULL, NULL),
	(54, 26, 6, NULL, NULL, NULL, NULL, 1, NULL, NULL, NULL, NULL, NULL, NULL),
	(55, 27, 1, NULL, NULL, NULL, NULL, 1, NULL, NULL, NULL, NULL, NULL, NULL),
	(56, 27, 14, NULL, NULL, NULL, NULL, 1, NULL, NULL, NULL, NULL, NULL, NULL),
	(57, 28, 15, NULL, NULL, NULL, NULL, 1, 68, '2022-12-01 10:57:29', NULL, NULL, NULL, NULL),
	(58, 28, 24, NULL, NULL, NULL, NULL, 1, NULL, NULL, NULL, NULL, NULL, NULL),
	(59, 29, 6, NULL, NULL, NULL, NULL, 1, NULL, NULL, NULL, NULL, NULL, NULL),
	(60, 29, 14, NULL, NULL, NULL, NULL, 1, 68, '2022-12-01 10:58:15', NULL, NULL, NULL, NULL),
	(61, 31, 6, NULL, NULL, NULL, NULL, 1, NULL, NULL, NULL, NULL, NULL, NULL),
	(62, 31, 32, NULL, NULL, NULL, NULL, 1, NULL, NULL, NULL, NULL, NULL, NULL),
	(63, 33, 15, NULL, NULL, NULL, NULL, 1, 138, '2022-12-01 11:10:19', NULL, NULL, NULL, NULL),
	(64, 33, 32, NULL, NULL, NULL, NULL, 1, 138, '2022-12-01 11:10:19', NULL, NULL, NULL, NULL),
	(65, 30, 15, 1, 610, NULL, NULL, 1, 10, '2022-12-02 07:37:20', NULL, NULL, NULL, NULL),
	(66, 30, 24, NULL, NULL, NULL, NULL, 1, 133, '2022-12-01 11:14:01', NULL, NULL, NULL, NULL),
	(67, 32, 24, NULL, NULL, NULL, NULL, 1, 74, '2022-12-01 11:12:03', NULL, NULL, NULL, NULL),
	(68, 32, 32, NULL, NULL, NULL, NULL, 1, 74, '2022-12-01 11:12:03', NULL, NULL, NULL, NULL),
	(69, 35, 6, NULL, NULL, NULL, NULL, 1, 140, '2022-12-01 11:12:32', NULL, NULL, NULL, NULL),
	(70, 34, 1, NULL, NULL, NULL, NULL, 1, 135, '2022-12-01 11:15:29', NULL, NULL, NULL, NULL),
	(71, 36, 6, NULL, NULL, NULL, NULL, 1, 110, '2022-12-03 21:02:34', NULL, NULL, NULL, NULL),
	(72, 37, 1, 1, 329, NULL, NULL, 1, 10, '2022-12-03 22:02:45', NULL, NULL, NULL, NULL);
/*!40000 ALTER TABLE `application_quarters_category` ENABLE KEYS */;

-- Dumping structure for table staging_epro_kuarters_johor.application_review
CREATE TABLE IF NOT EXISTS `application_review` (
  `id` int(11) NOT NULL AUTO_INCREMENT,
  `application_id` int(11) NOT NULL DEFAULT '0',
  `application_status_id` int(11) NOT NULL DEFAULT '0',
  `remarks` text NOT NULL COMMENT 'if tolak',
  `officer_id` int(11) DEFAULT '0',
  `data_status` int(11) DEFAULT '1',
  `action_by` int(11) DEFAULT NULL,
  `action_on` timestamp NULL DEFAULT CURRENT_TIMESTAMP,
  PRIMARY KEY (`id`)
) ENGINE=InnoDB AUTO_INCREMENT=76 DEFAULT CHARSET=latin1;

-- Dumping data for table staging_epro_kuarters_johor.application_review: ~75 rows (approximately)
/*!40000 ALTER TABLE `application_review` DISABLE KEYS */;
INSERT INTO `application_review` (`id`, `application_id`, `application_status_id`, `remarks`, `officer_id`, `data_status`, `action_by`, `action_on`) VALUES
	(1, 9, 2, '', 217, 1, 10, '2022-11-29 12:26:17'),
	(2, 9, 3, '', 203, 1, 10, '2022-11-29 12:28:32'),
	(3, 9, 5, '', 0, 1, 10, '2022-11-29 12:28:51'),
	(4, 10, 2, '', 217, 1, 10, '2022-11-29 12:33:07'),
	(5, 10, 3, '', 203, 1, 10, '2022-11-29 12:33:27'),
	(6, 10, 5, '', 0, 1, 10, '2022-11-29 12:33:43'),
	(7, 11, 2, 'OK', 210, 1, 10, '2022-11-29 14:56:39'),
	(8, 11, 3, '', 210, 1, 10, '2022-11-29 14:59:07'),
	(9, 11, 5, '', 0, 1, 10, '2022-11-29 15:00:22'),
	(10, 12, 2, '', 217, 1, 10, '2022-11-29 15:41:07'),
	(11, 13, 2, '', 217, 1, 10, '2022-11-29 15:53:56'),
	(12, 13, 3, '', 203, 1, 10, '2022-11-29 15:54:17'),
	(13, 13, 5, '', 0, 1, 10, '2022-11-29 15:54:38'),
	(14, 14, 2, '', 217, 1, 10, '2022-11-29 16:09:44'),
	(15, 14, 3, '', 203, 1, 10, '2022-11-29 16:10:17'),
	(16, 14, 5, '', 0, 1, 10, '2022-11-29 16:10:35'),
	(17, 15, 2, '', 68, 1, 68, '2022-11-29 22:12:58'),
	(18, 15, 3, '', 68, 1, 68, '2022-11-29 22:13:19'),
	(19, 15, 5, '', 0, 1, 68, '2022-11-29 22:14:41'),
	(20, 16, 2, 'ULASAN', 210, 1, 10, '2022-11-30 00:08:34'),
	(21, 16, 3, '', 173, 1, 10, '2022-11-30 00:24:10'),
	(22, 16, 5, '', 0, 1, 10, '2022-11-30 00:35:20'),
	(23, 17, 2, 'OK', 210, 1, 10, '2022-11-30 11:20:26'),
	(24, 17, 3, '', 210, 1, 10, '2022-11-30 11:29:11'),
	(25, 17, 5, '', 0, 1, 10, '2022-11-30 11:37:58'),
	(26, 18, 2, '', 217, 1, 10, '2022-11-30 12:52:44'),
	(27, 20, 2, '', 217, 1, 10, '2022-11-30 12:52:46'),
	(28, 21, 2, '', 217, 1, 282, '2022-11-30 12:52:49'),
	(29, 18, 3, '', 203, 1, 10, '2022-11-30 12:55:49'),
	(30, 20, 3, '', 135, 1, 10, '2022-11-30 12:55:54'),
	(31, 21, 3, '', 173, 1, 282, '2022-11-30 12:56:09'),
	(32, 18, 5, '', 0, 1, 10, '2022-11-30 12:56:47'),
	(33, 21, 5, '', 0, 1, 282, '2022-11-30 12:56:58'),
	(34, 20, 5, '', 0, 1, 10, '2022-11-30 12:58:12'),
	(35, 19, 2, '', 274, 1, 279, '2022-11-30 13:02:44'),
	(36, 19, 3, '', 274, 1, 279, '2022-11-30 13:03:13'),
	(37, 19, 5, '', 0, 1, 279, '2022-11-30 13:03:35'),
	(38, 23, 2, '', 274, 1, 279, '2022-11-30 15:17:03'),
	(39, 23, 3, '', 274, 1, 279, '2022-11-30 15:17:23'),
	(40, 23, 5, '', 0, 1, 279, '2022-11-30 15:17:37'),
	(41, 24, 2, '', 210, 1, 10, '2022-12-01 09:50:31'),
	(42, 25, 2, '', 217, 1, 10, '2022-12-01 09:50:58'),
	(43, 24, 3, '', 210, 1, 10, '2022-12-01 09:51:33'),
	(44, 25, 3, '', 135, 1, 10, '2022-12-01 09:51:48'),
	(45, 24, 5, '', 0, 1, 10, '2022-12-01 09:52:13'),
	(46, 25, 5, '', 0, 1, 10, '2022-12-01 09:52:26'),
	(47, 26, 2, '', 210, 1, 10, '2022-12-01 10:01:45'),
	(48, 26, 3, '', 173, 1, 10, '2022-12-01 10:02:19'),
	(49, 26, 5, '', 0, 1, 10, '2022-12-01 10:02:43'),
	(50, 28, 2, '', 190, 1, 10, '2022-12-01 10:19:04'),
	(51, 29, 2, '', 217, 1, 10, '2022-12-01 10:19:40'),
	(52, 28, 3, '', 173, 1, 10, '2022-12-01 10:20:31'),
	(53, 29, 3, '', 203, 1, 10, '2022-12-01 10:20:48'),
	(54, 28, 5, '', 0, 1, 10, '2022-12-01 10:21:10'),
	(55, 29, 5, '', 0, 1, 10, '2022-12-01 10:21:23'),
	(56, 22, 2, 'NAKKKK DUK KUARTERS', 210, 1, 10, '2022-12-01 11:30:13'),
	(57, 27, 2, 'HALOOO', 217, 1, 10, '2022-12-01 11:31:03'),
	(58, 22, 3, 'LULUS', 203, 1, 10, '2022-12-01 11:52:33'),
	(59, 27, 3, 'SEMAK', 173, 1, 10, '2022-12-01 11:53:15'),
	(60, 27, 6, 'CUBA GAGALKAN', 0, 1, 10, '2022-12-01 11:53:59'),
	(61, 22, 5, 'ANDA LULUS', 0, 1, 10, '2022-12-01 11:54:15'),
	(62, 12, 3, '', 173, 1, 10, '2022-12-02 07:15:18'),
	(63, 12, 5, '', 0, 1, 10, '2022-12-02 07:15:42'),
	(64, 30, 2, '', 190, 1, 10, '2022-12-02 07:28:18'),
	(65, 30, 3, '', 210, 1, 10, '2022-12-02 07:28:46'),
	(66, 30, 5, '', 0, 1, 10, '2022-12-02 07:30:05'),
	(67, 37, 2, '', 190, 1, 10, '2022-12-03 21:45:44'),
	(68, 37, 3, '', 210, 1, 10, '2022-12-03 21:46:40'),
	(69, 37, 5, '', 0, 1, 10, '2022-12-03 21:47:33'),
	(70, 33, 2, '', 190, 1, 10, '2022-12-03 22:48:26'),
	(71, 33, 3, '', 210, 1, 10, '2022-12-03 22:48:48'),
	(72, 33, 5, '', 0, 1, 10, '2022-12-03 22:49:07'),
	(73, 34, 2, '', 217, 1, 10, '2022-12-03 22:54:48'),
	(74, 34, 3, '', 173, 1, 10, '2022-12-03 22:55:17'),
	(75, 34, 5, 'OK', 0, 1, 10, '2022-12-03 22:55:46');
/*!40000 ALTER TABLE `application_review` ENABLE KEYS */;

-- Dumping structure for table staging_epro_kuarters_johor.application_scoring
CREATE TABLE IF NOT EXISTS `application_scoring` (
  `id` int(11) NOT NULL AUTO_INCREMENT,
  `application_id` int(11) DEFAULT NULL,
  `quarters_category_id` int(11) DEFAULT NULL,
  `criteria_name` varchar(255) DEFAULT NULL,
  `subcriteria_name` varchar(255) DEFAULT NULL,
  `full_mark` varchar(50) DEFAULT '0' COMMENT 'full mark',
  `mark` int(11) DEFAULT NULL COMMENT 'evaluation mark',
  `flag_edit` int(11) DEFAULT '0' COMMENT '1:allow edit on meeting evaluation',
  `flag_auto_dropdown` int(11) DEFAULT '0' COMMENT '1:allow mark reorder',
  `data_status` tinyint(4) DEFAULT '1',
  `action_by` int(11) DEFAULT NULL,
  `action_on` timestamp NULL DEFAULT CURRENT_TIMESTAMP,
  PRIMARY KEY (`id`)
) ENGINE=InnoDB AUTO_INCREMENT=1276 DEFAULT CHARSET=latin1;

-- Dumping data for table staging_epro_kuarters_johor.application_scoring: ~1,193 rows (approximately)
/*!40000 ALTER TABLE `application_scoring` DISABLE KEYS */;
INSERT INTO `application_scoring` (`id`, `application_id`, `quarters_category_id`, `criteria_name`, `subcriteria_name`, `full_mark`, `mark`, `flag_edit`, `flag_auto_dropdown`, `data_status`, `action_by`, `action_on`) VALUES
	(1, 9, NULL, 'TARAF PERKHIDMATAN', 'Badan Berkanun Negeri', '10', 0, 0, 1, 1, 10, '2022-11-29 12:26:17'),
	(2, 9, NULL, 'TARAF PERKHIDMATAN', 'Badan Berkanun Persekutuan', '10', 0, 0, 1, 1, 10, '2022-11-29 12:26:17'),
	(3, 9, NULL, 'TARAF PERKHIDMATAN', 'Perkhidmatan Awam Negeri', '20', 20, 0, 1, 1, 10, '2022-11-29 12:26:17'),
	(4, 9, NULL, 'TARAF PERKHIDMATAN', 'Perkhidmatan Awam Persekutuan', '6', 0, 0, 1, 1, 10, '2022-11-29 12:26:17'),
	(5, 9, NULL, 'TARAF PERKHIDMATAN', 'Pihak Berkuasa Tempatan', '0', 0, 0, 1, 1, 10, '2022-11-29 12:26:17'),
	(6, 9, NULL, 'TARAF JAWATAN', 'Lantikan Tetap', '10', 10, 0, 1, 1, 10, '2022-11-29 12:26:17'),
	(7, 9, NULL, 'TARAF JAWATAN', 'Lantikan Sementara', '6', 0, 0, 1, 1, 10, '2022-11-29 12:26:17'),
	(8, 9, NULL, 'TARAF JAWATAN', 'Lantikan Kontrak (Contract Of Service)', '8', 0, 0, 1, 1, 10, '2022-11-29 12:26:17'),
	(9, 9, NULL, 'TARAF JAWATAN', 'Lantikan Sangkut', '2', 0, 0, 1, 1, 10, '2022-11-29 12:26:17'),
	(10, 9, NULL, 'TARAF JAWATAN', 'Lantikan Sandaran', '2', 0, 0, 1, 1, 10, '2022-11-29 12:26:17'),
	(11, 9, NULL, 'TARAF JAWATAN', 'Lantikan Khidmat Singkat', '2', 0, 0, 1, 1, 10, '2022-11-29 12:26:17'),
	(12, 9, NULL, 'TARAF JAWATAN', 'Lantikan Sambilan', '2', 0, 0, 1, 1, 10, '2022-11-29 12:26:17'),
	(13, 9, NULL, 'TARAF JAWATAN', 'Lantikan Kontrak (Contract For Service)', '2', 0, 0, 1, 1, 10, '2022-11-29 12:26:17'),
	(14, 9, NULL, 'TARAF JAWATAN', 'Lantikan Sambilan (PRE2)', '2', 0, 0, 1, 1, 10, '2022-11-29 12:26:17'),
	(15, 9, NULL, 'TARAF JAWATAN', 'Lantikan Tetap Dan Tidak Berpencen', '6', 0, 0, 1, 1, 10, '2022-11-29 12:26:17'),
	(16, 9, NULL, 'TARAF JAWATAN', 'Lantikan Pinjaman', '2', 0, 0, 1, 1, 10, '2022-11-29 12:26:17'),
	(17, 9, NULL, 'TARAF JAWATAN', 'Lantikan Dipinjamkan', '2', 0, 0, 1, 1, 10, '2022-11-29 12:26:17'),
	(18, 9, NULL, 'TARAF JAWATAN', 'Lantikan Tambahsentara', '2', 0, 0, 1, 1, 10, '2022-11-29 12:26:17'),
	(19, 9, NULL, 'TARAF JAWATAN', 'Lantikan Berasaskan Caruman (KWSP)', '2', 0, 0, 1, 1, 10, '2022-11-29 12:26:17'),
	(20, 9, NULL, 'TARAF JAWATAN', 'Lantikan Berelaun', '2', 0, 0, 1, 1, 10, '2022-11-29 12:26:17'),
	(21, 9, NULL, 'TARAF PERKAHWINAN', 'BERKAHWIN', '10', 10, 0, 1, 1, 10, '2022-11-29 12:26:17'),
	(22, 9, NULL, 'TARAF PERKAHWINAN', 'JANDA', '8', 0, 0, 1, 1, 10, '2022-11-29 12:26:17'),
	(23, 9, NULL, 'TARAF PERKAHWINAN', 'DUDA', '6', 0, 0, 1, 1, 10, '2022-11-29 12:26:17'),
	(24, 9, NULL, 'TARAF PERKAHWINAN', 'BELUM BERKAHWIN', '4', 0, 0, 1, 1, 10, '2022-11-29 12:26:17'),
	(25, 9, NULL, 'TARAF PERKAHWINAN', 'BALU', '8', 0, 0, 1, 1, 10, '2022-11-29 12:26:17'),
	(26, 9, NULL, 'TARAF PERKAHWINAN', 'TIADA MAKLUMAT', '0', 0, 0, 1, 1, 10, '2022-11-29 12:26:17'),
	(27, 9, NULL, 'TEMPOH PERKHIDMATAN', '61 TAHUN DAN KE ATAS', '10', 0, 0, 0, 1, 10, '2022-11-29 12:26:17'),
	(28, 9, NULL, 'TEMPOH PERKHIDMATAN', '41 TAHUN -60 TAHUN', '8', 0, 0, 0, 1, 10, '2022-11-29 12:26:17'),
	(29, 9, NULL, 'TEMPOH PERKHIDMATAN', '11 TAHUN -40 TAHUN', '6', 6, 0, 0, 1, 10, '2022-11-29 12:26:17'),
	(30, 9, NULL, 'TEMPOH PERKHIDMATAN', '1 TAHUN -10 TAHUN', '4', 0, 0, 0, 1, 10, '2022-11-29 12:26:17'),
	(31, 9, NULL, 'BILANGAN ANAK', '6 ORANG', '10', 0, 0, 0, 1, 10, '2022-11-29 12:26:17'),
	(32, 9, NULL, 'BILANGAN ANAK', '5 ORANG', '8', 0, 0, 0, 1, 10, '2022-11-29 12:26:17'),
	(33, 9, NULL, 'BILANGAN ANAK', '4 ORANG', '6', 0, 0, 0, 1, 10, '2022-11-29 12:26:17'),
	(34, 9, NULL, 'BILANGAN ANAK', '3 ORANG', '4', 4, 0, 0, 1, 10, '2022-11-29 12:26:17'),
	(35, 9, NULL, 'BILANGAN ANAK', '2 ORANG', '3', 0, 0, 0, 1, 10, '2022-11-29 12:26:17'),
	(36, 9, NULL, 'BILANGAN ANAK', '1 ORANG', '2', 0, 0, 0, 1, 10, '2022-11-29 12:26:17'),
	(37, 9, NULL, 'JUMLAH PENDAPATAN ISI RUMAH', 'RM 100,001.00 DAN KE ATAS', '2', 0, 0, 0, 1, 10, '2022-11-29 12:26:17'),
	(38, 9, NULL, 'JUMLAH PENDAPATAN ISI RUMAH', 'RM 5,001.00 - RM 10,000.00', '4', 0, 0, 0, 1, 10, '2022-11-29 12:26:17'),
	(39, 9, NULL, 'JUMLAH PENDAPATAN ISI RUMAH', 'RM 2,001.00 - RM 5,000.00', '6', 0, 0, 0, 1, 10, '2022-11-29 12:26:17'),
	(40, 9, NULL, 'JUMLAH PENDAPATAN ISI RUMAH', 'RM 2,000.00 DAN KE BAWAH', '8', 8, 0, 0, 1, 10, '2022-11-29 12:26:17'),
	(41, 9, NULL, 'JARAK TEMPAT TINGGAL SEMASA DENGAN TEMPAT BERTUGAS', '60 KM DAN KE ATAS', '8', 0, 0, 0, 1, 10, '2022-11-29 12:26:17'),
	(42, 9, NULL, 'JARAK TEMPAT TINGGAL SEMASA DENGAN TEMPAT BERTUGAS', '50 KM -59 KM', '6', 0, 0, 0, 1, 10, '2022-11-29 12:26:17'),
	(43, 9, NULL, 'JARAK TEMPAT TINGGAL SEMASA DENGAN TEMPAT BERTUGAS', '21 KM -49 KM', '4', 0, 0, 0, 1, 10, '2022-11-29 12:26:17'),
	(44, 9, NULL, 'JARAK TEMPAT TINGGAL SEMASA DENGAN TEMPAT BERTUGAS', '20 KM DAN KE BAWAH', '2', 2, 0, 0, 1, 10, '2022-11-29 12:26:17'),
	(45, 9, NULL, 'TEMPOH PERMOHONAN', '3 TAHUN', '14', 0, 0, 0, 1, 10, '2022-11-29 12:26:17'),
	(46, 9, NULL, 'TEMPOH PERMOHONAN', '2 TAHUN', '6', 0, 0, 0, 1, 10, '2022-11-29 12:26:17'),
	(47, 9, NULL, 'TEMPOH PERMOHONAN', '1 TAHUN', '2', 2, 0, 0, 1, 10, '2022-11-29 12:26:17'),
	(48, 9, NULL, 'FAKTOR KESIHATAN', 'PEMOHON', '6', 6, 0, 0, 1, 10, '2022-11-29 12:26:17'),
	(49, 9, NULL, 'FAKTOR KESIHATAN', 'PASANGAN', '4', 0, 0, 0, 1, 10, '2022-11-29 12:26:17'),
	(50, 9, NULL, 'FAKTOR KESIHATAN', 'ANAK-ANAK', '4', 0, 0, 0, 1, 10, '2022-11-29 12:26:17'),
	(51, 9, NULL, 'KEPENTINGAN DALAM JAWATAN', '', '10', 8, 1, 0, 1, 10, '2022-11-29 12:26:17'),
	(52, 10, NULL, 'TARAF PERKHIDMATAN', 'Badan Berkanun Negeri', '10', 10, 0, 1, 1, 10, '2022-11-29 12:33:07'),
	(53, 10, NULL, 'TARAF PERKHIDMATAN', 'Badan Berkanun Persekutuan', '10', 0, 0, 1, 1, 10, '2022-11-29 12:33:07'),
	(54, 10, NULL, 'TARAF PERKHIDMATAN', 'Perkhidmatan Awam Negeri', '20', 0, 0, 1, 1, 10, '2022-11-29 12:33:07'),
	(55, 10, NULL, 'TARAF PERKHIDMATAN', 'Perkhidmatan Awam Persekutuan', '6', 0, 0, 1, 1, 10, '2022-11-29 12:33:07'),
	(56, 10, NULL, 'TARAF PERKHIDMATAN', 'Pihak Berkuasa Tempatan', '0', 0, 0, 1, 1, 10, '2022-11-29 12:33:07'),
	(57, 10, NULL, 'TARAF JAWATAN', 'Lantikan Tetap', '10', 10, 0, 1, 1, 10, '2022-11-29 12:33:07'),
	(58, 10, NULL, 'TARAF JAWATAN', 'Lantikan Sementara', '6', 0, 0, 1, 1, 10, '2022-11-29 12:33:07'),
	(59, 10, NULL, 'TARAF JAWATAN', 'Lantikan Kontrak (Contract Of Service)', '8', 0, 0, 1, 1, 10, '2022-11-29 12:33:07'),
	(60, 10, NULL, 'TARAF JAWATAN', 'Lantikan Sangkut', '2', 0, 0, 1, 1, 10, '2022-11-29 12:33:07'),
	(61, 10, NULL, 'TARAF JAWATAN', 'Lantikan Sandaran', '2', 0, 0, 1, 1, 10, '2022-11-29 12:33:07'),
	(62, 10, NULL, 'TARAF JAWATAN', 'Lantikan Khidmat Singkat', '2', 0, 0, 1, 1, 10, '2022-11-29 12:33:07'),
	(63, 10, NULL, 'TARAF JAWATAN', 'Lantikan Sambilan', '2', 0, 0, 1, 1, 10, '2022-11-29 12:33:07'),
	(64, 10, NULL, 'TARAF JAWATAN', 'Lantikan Kontrak (Contract For Service)', '2', 0, 0, 1, 1, 10, '2022-11-29 12:33:07'),
	(65, 10, NULL, 'TARAF JAWATAN', 'Lantikan Sambilan (PRE2)', '2', 0, 0, 1, 1, 10, '2022-11-29 12:33:07'),
	(66, 10, NULL, 'TARAF JAWATAN', 'Lantikan Tetap Dan Tidak Berpencen', '6', 0, 0, 1, 1, 10, '2022-11-29 12:33:07'),
	(67, 10, NULL, 'TARAF JAWATAN', 'Lantikan Pinjaman', '2', 0, 0, 1, 1, 10, '2022-11-29 12:33:07'),
	(68, 10, NULL, 'TARAF JAWATAN', 'Lantikan Dipinjamkan', '2', 0, 0, 1, 1, 10, '2022-11-29 12:33:07'),
	(69, 10, NULL, 'TARAF JAWATAN', 'Lantikan Tambahsentara', '2', 0, 0, 1, 1, 10, '2022-11-29 12:33:07'),
	(70, 10, NULL, 'TARAF JAWATAN', 'Lantikan Berasaskan Caruman (KWSP)', '2', 0, 0, 1, 1, 10, '2022-11-29 12:33:07'),
	(71, 10, NULL, 'TARAF JAWATAN', 'Lantikan Berelaun', '2', 0, 0, 1, 1, 10, '2022-11-29 12:33:07'),
	(72, 10, NULL, 'TARAF PERKAHWINAN', 'BERKAHWIN', '10', 10, 0, 1, 1, 10, '2022-11-29 12:33:07'),
	(73, 10, NULL, 'TARAF PERKAHWINAN', 'JANDA', '8', 0, 0, 1, 1, 10, '2022-11-29 12:33:07'),
	(74, 10, NULL, 'TARAF PERKAHWINAN', 'DUDA', '6', 0, 0, 1, 1, 10, '2022-11-29 12:33:07'),
	(75, 10, NULL, 'TARAF PERKAHWINAN', 'BELUM BERKAHWIN', '4', 0, 0, 1, 1, 10, '2022-11-29 12:33:07'),
	(76, 10, NULL, 'TARAF PERKAHWINAN', 'BALU', '8', 0, 0, 1, 1, 10, '2022-11-29 12:33:07'),
	(77, 10, NULL, 'TARAF PERKAHWINAN', 'TIADA MAKLUMAT', '0', 0, 0, 1, 1, 10, '2022-11-29 12:33:07'),
	(78, 10, NULL, 'TEMPOH PERKHIDMATAN', '61 TAHUN DAN KE ATAS', '10', 0, 0, 0, 1, 10, '2022-11-29 12:33:07'),
	(79, 10, NULL, 'TEMPOH PERKHIDMATAN', '41 TAHUN -60 TAHUN', '8', 0, 0, 0, 1, 10, '2022-11-29 12:33:07'),
	(80, 10, NULL, 'TEMPOH PERKHIDMATAN', '11 TAHUN -40 TAHUN', '6', 0, 0, 0, 1, 10, '2022-11-29 12:33:07'),
	(81, 10, NULL, 'TEMPOH PERKHIDMATAN', '1 TAHUN -10 TAHUN', '4', 4, 0, 0, 1, 10, '2022-11-29 12:33:07'),
	(82, 10, NULL, 'BILANGAN ANAK', '6 ORANG', '10', 0, 0, 0, 1, 10, '2022-11-29 12:33:07'),
	(83, 10, NULL, 'BILANGAN ANAK', '5 ORANG', '8', 0, 0, 0, 1, 10, '2022-11-29 12:33:07'),
	(84, 10, NULL, 'BILANGAN ANAK', '4 ORANG', '6', 0, 0, 0, 1, 10, '2022-11-29 12:33:07'),
	(85, 10, NULL, 'BILANGAN ANAK', '3 ORANG', '4', 0, 0, 0, 1, 10, '2022-11-29 12:33:07'),
	(86, 10, NULL, 'BILANGAN ANAK', '2 ORANG', '3', 0, 0, 0, 1, 10, '2022-11-29 12:33:07'),
	(87, 10, NULL, 'BILANGAN ANAK', '1 ORANG', '2', 2, 0, 0, 1, 10, '2022-11-29 12:33:07'),
	(88, 10, NULL, 'JUMLAH PENDAPATAN ISI RUMAH', 'RM 100,001.00 DAN KE ATAS', '2', 0, 0, 0, 1, 10, '2022-11-29 12:33:07'),
	(89, 10, NULL, 'JUMLAH PENDAPATAN ISI RUMAH', 'RM 5,001.00 - RM 10,000.00', '4', 0, 0, 0, 1, 10, '2022-11-29 12:33:07'),
	(90, 10, NULL, 'JUMLAH PENDAPATAN ISI RUMAH', 'RM 2,001.00 - RM 5,000.00', '6', 0, 0, 0, 1, 10, '2022-11-29 12:33:07'),
	(91, 10, NULL, 'JUMLAH PENDAPATAN ISI RUMAH', 'RM 2,000.00 DAN KE BAWAH', '8', 8, 0, 0, 1, 10, '2022-11-29 12:33:07'),
	(92, 10, NULL, 'JARAK TEMPAT TINGGAL SEMASA DENGAN TEMPAT BERTUGAS', '60 KM DAN KE ATAS', '8', 0, 0, 0, 1, 10, '2022-11-29 12:33:07'),
	(93, 10, NULL, 'JARAK TEMPAT TINGGAL SEMASA DENGAN TEMPAT BERTUGAS', '50 KM -59 KM', '6', 0, 0, 0, 1, 10, '2022-11-29 12:33:07'),
	(94, 10, NULL, 'JARAK TEMPAT TINGGAL SEMASA DENGAN TEMPAT BERTUGAS', '21 KM -49 KM', '4', 0, 0, 0, 1, 10, '2022-11-29 12:33:07'),
	(95, 10, NULL, 'JARAK TEMPAT TINGGAL SEMASA DENGAN TEMPAT BERTUGAS', '20 KM DAN KE BAWAH', '2', 2, 0, 0, 1, 10, '2022-11-29 12:33:07'),
	(96, 10, NULL, 'TEMPOH PERMOHONAN', '3 TAHUN', '14', 0, 0, 0, 1, 10, '2022-11-29 12:33:07'),
	(97, 10, NULL, 'TEMPOH PERMOHONAN', '2 TAHUN', '6', 0, 0, 0, 1, 10, '2022-11-29 12:33:07'),
	(98, 10, NULL, 'TEMPOH PERMOHONAN', '1 TAHUN', '2', 2, 0, 0, 1, 10, '2022-11-29 12:33:07'),
	(99, 10, NULL, 'FAKTOR KESIHATAN', 'PEMOHON', '6', 0, 0, 0, 1, 10, '2022-11-29 12:33:07'),
	(100, 10, NULL, 'FAKTOR KESIHATAN', 'PASANGAN', '4', 4, 0, 0, 1, 10, '2022-11-29 12:33:07'),
	(101, 10, NULL, 'FAKTOR KESIHATAN', 'ANAK-ANAK', '4', 0, 0, 0, 1, 10, '2022-11-29 12:33:07'),
	(102, 10, NULL, 'KEPENTINGAN DALAM JAWATAN', '', '10', 8, 1, 0, 1, 10, '2022-11-29 12:33:07'),
	(103, 11, NULL, 'TARAF PERKHIDMATAN', 'Badan Berkanun Negeri', '10', 0, 0, 1, 1, 10, '2022-11-29 14:56:39'),
	(104, 11, NULL, 'TARAF PERKHIDMATAN', 'Badan Berkanun Persekutuan', '10', 10, 0, 1, 1, 10, '2022-11-29 14:56:39'),
	(105, 11, NULL, 'TARAF PERKHIDMATAN', 'Perkhidmatan Awam Negeri', '20', 0, 0, 1, 1, 10, '2022-11-29 14:56:39'),
	(106, 11, NULL, 'TARAF PERKHIDMATAN', 'Perkhidmatan Awam Persekutuan', '6', 0, 0, 1, 1, 10, '2022-11-29 14:56:39'),
	(107, 11, NULL, 'TARAF PERKHIDMATAN', 'Pihak Berkuasa Tempatan', '0', 0, 0, 1, 1, 10, '2022-11-29 14:56:39'),
	(108, 11, NULL, 'TARAF JAWATAN', 'Lantikan Tetap', '10', 10, 0, 1, 1, 10, '2022-11-29 14:56:39'),
	(109, 11, NULL, 'TARAF JAWATAN', 'Lantikan Sementara', '6', 0, 0, 1, 1, 10, '2022-11-29 14:56:39'),
	(110, 11, NULL, 'TARAF JAWATAN', 'Lantikan Kontrak (Contract Of Service)', '8', 0, 0, 1, 1, 10, '2022-11-29 14:56:39'),
	(111, 11, NULL, 'TARAF JAWATAN', 'Lantikan Sangkut', '2', 0, 0, 1, 1, 10, '2022-11-29 14:56:39'),
	(112, 11, NULL, 'TARAF JAWATAN', 'Lantikan Sandaran', '2', 0, 0, 1, 1, 10, '2022-11-29 14:56:39'),
	(113, 11, NULL, 'TARAF JAWATAN', 'Lantikan Khidmat Singkat', '2', 0, 0, 1, 1, 10, '2022-11-29 14:56:39'),
	(114, 11, NULL, 'TARAF JAWATAN', 'Lantikan Sambilan', '2', 0, 0, 1, 1, 10, '2022-11-29 14:56:39'),
	(115, 11, NULL, 'TARAF JAWATAN', 'Lantikan Kontrak (Contract For Service)', '2', 0, 0, 1, 1, 10, '2022-11-29 14:56:39'),
	(116, 11, NULL, 'TARAF JAWATAN', 'Lantikan Sambilan (PRE2)', '2', 0, 0, 1, 1, 10, '2022-11-29 14:56:39'),
	(117, 11, NULL, 'TARAF JAWATAN', 'Lantikan Tetap Dan Tidak Berpencen', '6', 0, 0, 1, 1, 10, '2022-11-29 14:56:39'),
	(118, 11, NULL, 'TARAF JAWATAN', 'Lantikan Pinjaman', '2', 0, 0, 1, 1, 10, '2022-11-29 14:56:39'),
	(119, 11, NULL, 'TARAF JAWATAN', 'Lantikan Dipinjamkan', '2', 0, 0, 1, 1, 10, '2022-11-29 14:56:39'),
	(120, 11, NULL, 'TARAF JAWATAN', 'Lantikan Tambahsentara', '2', 0, 0, 1, 1, 10, '2022-11-29 14:56:39'),
	(121, 11, NULL, 'TARAF JAWATAN', 'Lantikan Berasaskan Caruman (KWSP)', '2', 0, 0, 1, 1, 10, '2022-11-29 14:56:39'),
	(122, 11, NULL, 'TARAF JAWATAN', 'Lantikan Berelaun', '2', 0, 0, 1, 1, 10, '2022-11-29 14:56:39'),
	(123, 11, NULL, 'TARAF PERKAHWINAN', 'BERKAHWIN', '10', 10, 0, 1, 1, 10, '2022-11-29 14:56:39'),
	(124, 11, NULL, 'TARAF PERKAHWINAN', 'JANDA', '8', 0, 0, 1, 1, 10, '2022-11-29 14:56:39'),
	(125, 11, NULL, 'TARAF PERKAHWINAN', 'DUDA', '6', 0, 0, 1, 1, 10, '2022-11-29 14:56:39'),
	(126, 11, NULL, 'TARAF PERKAHWINAN', 'BELUM BERKAHWIN', '4', 0, 0, 1, 1, 10, '2022-11-29 14:56:39'),
	(127, 11, NULL, 'TARAF PERKAHWINAN', 'BALU', '8', 0, 0, 1, 1, 10, '2022-11-29 14:56:39'),
	(128, 11, NULL, 'TARAF PERKAHWINAN', 'TIADA MAKLUMAT', '0', 0, 0, 1, 1, 10, '2022-11-29 14:56:39'),
	(129, 11, NULL, 'TEMPOH PERKHIDMATAN', '61 TAHUN DAN KE ATAS', '10', 0, 0, 0, 1, 10, '2022-11-29 14:56:39'),
	(130, 11, NULL, 'TEMPOH PERKHIDMATAN', '41 TAHUN -60 TAHUN', '8', 0, 0, 0, 1, 10, '2022-11-29 14:56:39'),
	(131, 11, NULL, 'TEMPOH PERKHIDMATAN', '11 TAHUN -40 TAHUN', '6', 6, 0, 0, 1, 10, '2022-11-29 14:56:39'),
	(132, 11, NULL, 'TEMPOH PERKHIDMATAN', '1 TAHUN -10 TAHUN', '4', 0, 0, 0, 1, 10, '2022-11-29 14:56:39'),
	(133, 11, NULL, 'BILANGAN ANAK', '6 ORANG', '10', 0, 0, 0, 1, 10, '2022-11-29 14:56:39'),
	(134, 11, NULL, 'BILANGAN ANAK', '5 ORANG', '8', 0, 0, 0, 1, 10, '2022-11-29 14:56:39'),
	(135, 11, NULL, 'BILANGAN ANAK', '4 ORANG', '6', 0, 0, 0, 1, 10, '2022-11-29 14:56:39'),
	(136, 11, NULL, 'BILANGAN ANAK', '3 ORANG', '4', 0, 0, 0, 1, 10, '2022-11-29 14:56:39'),
	(137, 11, NULL, 'BILANGAN ANAK', '2 ORANG', '3', 0, 0, 0, 1, 10, '2022-11-29 14:56:39'),
	(138, 11, NULL, 'BILANGAN ANAK', '1 ORANG', '2', 2, 0, 0, 1, 10, '2022-11-29 14:56:39'),
	(139, 11, NULL, 'JUMLAH PENDAPATAN ISI RUMAH', 'RM 100,001.00 DAN KE ATAS', '2', 0, 0, 0, 1, 10, '2022-11-29 14:56:39'),
	(140, 11, NULL, 'JUMLAH PENDAPATAN ISI RUMAH', 'RM 5,001.00 - RM 10,000.00', '4', 0, 0, 0, 1, 10, '2022-11-29 14:56:39'),
	(141, 11, NULL, 'JUMLAH PENDAPATAN ISI RUMAH', 'RM 2,001.00 - RM 5,000.00', '6', 6, 0, 0, 1, 10, '2022-11-29 14:56:39'),
	(142, 11, NULL, 'JUMLAH PENDAPATAN ISI RUMAH', 'RM 2,000.00 DAN KE BAWAH', '8', 0, 0, 0, 1, 10, '2022-11-29 14:56:39'),
	(143, 11, NULL, 'JARAK TEMPAT TINGGAL SEMASA DENGAN TEMPAT BERTUGAS', '60 KM DAN KE ATAS', '8', 0, 0, 0, 1, 10, '2022-11-29 14:56:39'),
	(144, 11, NULL, 'JARAK TEMPAT TINGGAL SEMASA DENGAN TEMPAT BERTUGAS', '50 KM -59 KM', '6', 0, 0, 0, 1, 10, '2022-11-29 14:56:39'),
	(145, 11, NULL, 'JARAK TEMPAT TINGGAL SEMASA DENGAN TEMPAT BERTUGAS', '21 KM -49 KM', '4', 0, 0, 0, 1, 10, '2022-11-29 14:56:39'),
	(146, 11, NULL, 'JARAK TEMPAT TINGGAL SEMASA DENGAN TEMPAT BERTUGAS', '20 KM DAN KE BAWAH', '2', 2, 0, 0, 1, 10, '2022-11-29 14:56:39'),
	(147, 11, NULL, 'TEMPOH PERMOHONAN', '3 TAHUN', '14', 0, 0, 0, 1, 10, '2022-11-29 14:56:39'),
	(148, 11, NULL, 'TEMPOH PERMOHONAN', '2 TAHUN', '6', 0, 0, 0, 1, 10, '2022-11-29 14:56:39'),
	(149, 11, NULL, 'TEMPOH PERMOHONAN', '1 TAHUN', '2', 2, 0, 0, 1, 10, '2022-11-29 14:56:39'),
	(150, 11, NULL, 'FAKTOR KESIHATAN', 'PEMOHON', '6', 6, 0, 0, 1, 10, '2022-11-29 14:56:39'),
	(151, 11, NULL, 'FAKTOR KESIHATAN', 'PASANGAN', '4', 0, 0, 0, 1, 10, '2022-11-29 14:56:39'),
	(152, 11, NULL, 'FAKTOR KESIHATAN', 'ANAK-ANAK', '4', 0, 0, 0, 1, 10, '2022-11-29 14:56:39'),
	(153, 11, NULL, 'KEPENTINGAN DALAM JAWATAN', '', '10', 10, 1, 0, 1, 10, '2022-11-29 15:15:43'),
	(154, 12, NULL, 'TARAF PERKHIDMATAN', 'Badan Berkanun Negeri', '10', 10, 0, 1, 1, 10, '2022-11-29 15:41:07'),
	(155, 12, NULL, 'TARAF PERKHIDMATAN', 'Badan Berkanun Persekutuan', '10', 0, 0, 1, 1, 10, '2022-11-29 15:41:07'),
	(156, 12, NULL, 'TARAF PERKHIDMATAN', 'Perkhidmatan Awam Negeri', '20', 0, 0, 1, 1, 10, '2022-11-29 15:41:07'),
	(157, 12, NULL, 'TARAF PERKHIDMATAN', 'Perkhidmatan Awam Persekutuan', '6', 0, 0, 1, 1, 10, '2022-11-29 15:41:07'),
	(158, 12, NULL, 'TARAF PERKHIDMATAN', 'Pihak Berkuasa Tempatan', '0', 0, 0, 1, 1, 10, '2022-11-29 15:41:07'),
	(159, 12, NULL, 'TARAF JAWATAN', 'Lantikan Tetap', '10', 10, 0, 1, 1, 10, '2022-11-29 15:41:07'),
	(160, 12, NULL, 'TARAF JAWATAN', 'Lantikan Sementara', '6', 0, 0, 1, 1, 10, '2022-11-29 15:41:07'),
	(161, 12, NULL, 'TARAF JAWATAN', 'Lantikan Kontrak (Contract Of Service)', '8', 0, 0, 1, 1, 10, '2022-11-29 15:41:07'),
	(162, 12, NULL, 'TARAF JAWATAN', 'Lantikan Sangkut', '2', 0, 0, 1, 1, 10, '2022-11-29 15:41:07'),
	(163, 12, NULL, 'TARAF JAWATAN', 'Lantikan Sandaran', '2', 0, 0, 1, 1, 10, '2022-11-29 15:41:07'),
	(164, 12, NULL, 'TARAF JAWATAN', 'Lantikan Khidmat Singkat', '2', 0, 0, 1, 1, 10, '2022-11-29 15:41:07'),
	(165, 12, NULL, 'TARAF JAWATAN', 'Lantikan Sambilan', '2', 0, 0, 1, 1, 10, '2022-11-29 15:41:07'),
	(166, 12, NULL, 'TARAF JAWATAN', 'Lantikan Kontrak (Contract For Service)', '2', 0, 0, 1, 1, 10, '2022-11-29 15:41:07'),
	(167, 12, NULL, 'TARAF JAWATAN', 'Lantikan Sambilan (PRE2)', '2', 0, 0, 1, 1, 10, '2022-11-29 15:41:07'),
	(168, 12, NULL, 'TARAF JAWATAN', 'Lantikan Tetap Dan Tidak Berpencen', '6', 0, 0, 1, 1, 10, '2022-11-29 15:41:07'),
	(169, 12, NULL, 'TARAF JAWATAN', 'Lantikan Pinjaman', '2', 0, 0, 1, 1, 10, '2022-11-29 15:41:07'),
	(170, 12, NULL, 'TARAF JAWATAN', 'Lantikan Dipinjamkan', '2', 0, 0, 1, 1, 10, '2022-11-29 15:41:07'),
	(171, 12, NULL, 'TARAF JAWATAN', 'Lantikan Tambahsentara', '2', 0, 0, 1, 1, 10, '2022-11-29 15:41:07'),
	(172, 12, NULL, 'TARAF JAWATAN', 'Lantikan Berasaskan Caruman (KWSP)', '2', 0, 0, 1, 1, 10, '2022-11-29 15:41:07'),
	(173, 12, NULL, 'TARAF JAWATAN', 'Lantikan Berelaun', '2', 0, 0, 1, 1, 10, '2022-11-29 15:41:07'),
	(174, 12, NULL, 'TARAF PERKAHWINAN', 'BERKAHWIN', '10', 0, 0, 1, 1, 10, '2022-11-29 15:41:07'),
	(175, 12, NULL, 'TARAF PERKAHWINAN', 'JANDA', '8', 0, 0, 1, 1, 10, '2022-11-29 15:41:07'),
	(176, 12, NULL, 'TARAF PERKAHWINAN', 'DUDA', '6', 0, 0, 1, 1, 10, '2022-11-29 15:41:07'),
	(177, 12, NULL, 'TARAF PERKAHWINAN', 'BELUM BERKAHWIN', '4', 4, 0, 1, 1, 10, '2022-11-29 15:41:07'),
	(178, 12, NULL, 'TARAF PERKAHWINAN', 'BALU', '8', 0, 0, 1, 1, 10, '2022-11-29 15:41:07'),
	(179, 12, NULL, 'TARAF PERKAHWINAN', 'TIADA MAKLUMAT', '0', 0, 0, 1, 1, 10, '2022-11-29 15:41:07'),
	(180, 12, NULL, 'TEMPOH PERKHIDMATAN', '61 TAHUN DAN KE ATAS', '10', 0, 0, 0, 1, 10, '2022-11-29 15:41:07'),
	(181, 12, NULL, 'TEMPOH PERKHIDMATAN', '41 TAHUN -60 TAHUN', '8', 0, 0, 0, 1, 10, '2022-11-29 15:41:07'),
	(182, 12, NULL, 'TEMPOH PERKHIDMATAN', '11 TAHUN -40 TAHUN', '6', 0, 0, 0, 1, 10, '2022-11-29 15:41:07'),
	(183, 12, NULL, 'TEMPOH PERKHIDMATAN', '1 TAHUN -10 TAHUN', '4', 4, 0, 0, 1, 10, '2022-11-29 15:41:07'),
	(184, 12, NULL, 'BILANGAN ANAK', '6 ORANG', '10', 0, 0, 0, 1, 10, '2022-11-29 15:41:07'),
	(185, 12, NULL, 'BILANGAN ANAK', '5 ORANG', '8', 0, 0, 0, 1, 10, '2022-11-29 15:41:07'),
	(186, 12, NULL, 'BILANGAN ANAK', '4 ORANG', '6', 0, 0, 0, 1, 10, '2022-11-29 15:41:07'),
	(187, 12, NULL, 'BILANGAN ANAK', '3 ORANG', '4', 0, 0, 0, 1, 10, '2022-11-29 15:41:07'),
	(188, 12, NULL, 'BILANGAN ANAK', '2 ORANG', '3', 0, 0, 0, 1, 10, '2022-11-29 15:41:07'),
	(189, 12, NULL, 'BILANGAN ANAK', '1 ORANG', '2', 0, 0, 0, 1, 10, '2022-11-29 15:41:07'),
	(190, 12, NULL, 'JUMLAH PENDAPATAN ISI RUMAH', 'RM 100,001.00 DAN KE ATAS', '2', 0, 0, 0, 1, 10, '2022-11-29 15:41:07'),
	(191, 12, NULL, 'JUMLAH PENDAPATAN ISI RUMAH', 'RM 5,001.00 - RM 10,000.00', '4', 0, 0, 0, 1, 10, '2022-11-29 15:41:07'),
	(192, 12, NULL, 'JUMLAH PENDAPATAN ISI RUMAH', 'RM 2,001.00 - RM 5,000.00', '6', 0, 0, 0, 1, 10, '2022-11-29 15:41:07'),
	(193, 12, NULL, 'JUMLAH PENDAPATAN ISI RUMAH', 'RM 2,000.00 DAN KE BAWAH', '8', 8, 0, 0, 1, 10, '2022-11-29 15:41:07'),
	(194, 12, NULL, 'JARAK TEMPAT TINGGAL SEMASA DENGAN TEMPAT BERTUGAS', '60 KM DAN KE ATAS', '8', 0, 0, 0, 1, 10, '2022-11-29 15:41:07'),
	(195, 12, NULL, 'JARAK TEMPAT TINGGAL SEMASA DENGAN TEMPAT BERTUGAS', '50 KM -59 KM', '6', 0, 0, 0, 1, 10, '2022-11-29 15:41:07'),
	(196, 12, NULL, 'JARAK TEMPAT TINGGAL SEMASA DENGAN TEMPAT BERTUGAS', '21 KM -49 KM', '4', 0, 0, 0, 1, 10, '2022-11-29 15:41:07'),
	(197, 12, NULL, 'JARAK TEMPAT TINGGAL SEMASA DENGAN TEMPAT BERTUGAS', '20 KM DAN KE BAWAH', '2', 2, 0, 0, 1, 10, '2022-11-29 15:41:07'),
	(198, 12, NULL, 'TEMPOH PERMOHONAN', '3 TAHUN', '14', 0, 0, 0, 1, 10, '2022-11-29 15:41:07'),
	(199, 12, NULL, 'TEMPOH PERMOHONAN', '2 TAHUN', '6', 0, 0, 0, 1, 10, '2022-11-29 15:41:07'),
	(200, 12, NULL, 'TEMPOH PERMOHONAN', '1 TAHUN', '2', 2, 0, 0, 1, 10, '2022-11-29 15:41:07'),
	(201, 12, NULL, 'FAKTOR KESIHATAN', 'PEMOHON', '6', 6, 0, 0, 1, 10, '2022-11-29 15:41:07'),
	(202, 12, NULL, 'FAKTOR KESIHATAN', 'PASANGAN', '4', 0, 0, 0, 1, 10, '2022-11-29 15:41:07'),
	(203, 12, NULL, 'FAKTOR KESIHATAN', 'ANAK-ANAK', '4', 0, 0, 0, 1, 10, '2022-11-29 15:41:07'),
	(204, 12, NULL, 'KEPENTINGAN DALAM JAWATAN', '', '10', 0, 1, 0, 1, 10, '2022-11-29 15:41:07'),
	(205, 13, NULL, 'TARAF PERKHIDMATAN', 'Badan Berkanun Negeri', '10', 0, 0, 1, 1, 10, '2022-11-29 15:53:56'),
	(206, 13, NULL, 'TARAF PERKHIDMATAN', 'Badan Berkanun Persekutuan', '10', 0, 0, 1, 1, 10, '2022-11-29 15:53:56'),
	(207, 13, NULL, 'TARAF PERKHIDMATAN', 'Perkhidmatan Awam Negeri', '20', 20, 0, 1, 1, 10, '2022-11-29 15:53:56'),
	(208, 13, NULL, 'TARAF PERKHIDMATAN', 'Perkhidmatan Awam Persekutuan', '6', 0, 0, 1, 1, 10, '2022-11-29 15:53:56'),
	(209, 13, NULL, 'TARAF PERKHIDMATAN', 'Pihak Berkuasa Tempatan', '0', 0, 0, 1, 1, 10, '2022-11-29 15:53:56'),
	(210, 13, NULL, 'TARAF JAWATAN', 'Lantikan Tetap', '10', 10, 0, 1, 1, 10, '2022-11-29 15:53:56'),
	(211, 13, NULL, 'TARAF JAWATAN', 'Lantikan Sementara', '6', 0, 0, 1, 1, 10, '2022-11-29 15:53:56'),
	(212, 13, NULL, 'TARAF JAWATAN', 'Lantikan Kontrak (Contract Of Service)', '8', 0, 0, 1, 1, 10, '2022-11-29 15:53:56'),
	(213, 13, NULL, 'TARAF JAWATAN', 'Lantikan Sangkut', '2', 0, 0, 1, 1, 10, '2022-11-29 15:53:56'),
	(214, 13, NULL, 'TARAF JAWATAN', 'Lantikan Sandaran', '2', 0, 0, 1, 1, 10, '2022-11-29 15:53:56'),
	(215, 13, NULL, 'TARAF JAWATAN', 'Lantikan Khidmat Singkat', '2', 0, 0, 1, 1, 10, '2022-11-29 15:53:56'),
	(216, 13, NULL, 'TARAF JAWATAN', 'Lantikan Sambilan', '2', 0, 0, 1, 1, 10, '2022-11-29 15:53:56'),
	(217, 13, NULL, 'TARAF JAWATAN', 'Lantikan Kontrak (Contract For Service)', '2', 0, 0, 1, 1, 10, '2022-11-29 15:53:56'),
	(218, 13, NULL, 'TARAF JAWATAN', 'Lantikan Sambilan (PRE2)', '2', 0, 0, 1, 1, 10, '2022-11-29 15:53:56'),
	(219, 13, NULL, 'TARAF JAWATAN', 'Lantikan Tetap Dan Tidak Berpencen', '6', 0, 0, 1, 1, 10, '2022-11-29 15:53:56'),
	(220, 13, NULL, 'TARAF JAWATAN', 'Lantikan Pinjaman', '2', 0, 0, 1, 1, 10, '2022-11-29 15:53:56'),
	(221, 13, NULL, 'TARAF JAWATAN', 'Lantikan Dipinjamkan', '2', 0, 0, 1, 1, 10, '2022-11-29 15:53:56'),
	(222, 13, NULL, 'TARAF JAWATAN', 'Lantikan Tambahsentara', '2', 0, 0, 1, 1, 10, '2022-11-29 15:53:56'),
	(223, 13, NULL, 'TARAF JAWATAN', 'Lantikan Berasaskan Caruman (KWSP)', '2', 0, 0, 1, 1, 10, '2022-11-29 15:53:56'),
	(224, 13, NULL, 'TARAF JAWATAN', 'Lantikan Berelaun', '2', 0, 0, 1, 1, 10, '2022-11-29 15:53:56'),
	(225, 13, NULL, 'TARAF PERKAHWINAN', 'BERKAHWIN', '10', 10, 0, 1, 1, 10, '2022-11-29 15:53:56'),
	(226, 13, NULL, 'TARAF PERKAHWINAN', 'JANDA', '8', 0, 0, 1, 1, 10, '2022-11-29 15:53:56'),
	(227, 13, NULL, 'TARAF PERKAHWINAN', 'DUDA', '6', 0, 0, 1, 1, 10, '2022-11-29 15:53:56'),
	(228, 13, NULL, 'TARAF PERKAHWINAN', 'BELUM BERKAHWIN', '4', 0, 0, 1, 1, 10, '2022-11-29 15:53:56'),
	(229, 13, NULL, 'TARAF PERKAHWINAN', 'BALU', '8', 0, 0, 1, 1, 10, '2022-11-29 15:53:56'),
	(230, 13, NULL, 'TARAF PERKAHWINAN', 'TIADA MAKLUMAT', '0', 0, 0, 1, 1, 10, '2022-11-29 15:53:56'),
	(231, 13, NULL, 'TEMPOH PERKHIDMATAN', '61 TAHUN DAN KE ATAS', '10', 0, 0, 0, 1, 10, '2022-11-29 15:53:56'),
	(232, 13, NULL, 'TEMPOH PERKHIDMATAN', '41 TAHUN -60 TAHUN', '8', 0, 0, 0, 1, 10, '2022-11-29 15:53:56'),
	(233, 13, NULL, 'TEMPOH PERKHIDMATAN', '11 TAHUN -40 TAHUN', '6', 6, 0, 0, 1, 10, '2022-11-29 15:53:56'),
	(234, 13, NULL, 'TEMPOH PERKHIDMATAN', '1 TAHUN -10 TAHUN', '4', 0, 0, 0, 1, 10, '2022-11-29 15:53:56'),
	(235, 13, NULL, 'BILANGAN ANAK', '6 ORANG', '10', 0, 0, 0, 1, 10, '2022-11-29 15:53:56'),
	(236, 13, NULL, 'BILANGAN ANAK', '5 ORANG', '8', 0, 0, 0, 1, 10, '2022-11-29 15:53:56'),
	(237, 13, NULL, 'BILANGAN ANAK', '4 ORANG', '6', 0, 0, 0, 1, 10, '2022-11-29 15:53:56'),
	(238, 13, NULL, 'BILANGAN ANAK', '3 ORANG', '4', 4, 0, 0, 1, 10, '2022-11-29 15:53:56'),
	(239, 13, NULL, 'BILANGAN ANAK', '2 ORANG', '3', 0, 0, 0, 1, 10, '2022-11-29 15:53:56'),
	(240, 13, NULL, 'BILANGAN ANAK', '1 ORANG', '2', 0, 0, 0, 1, 10, '2022-11-29 15:53:56'),
	(241, 13, NULL, 'JUMLAH PENDAPATAN ISI RUMAH', 'RM 100,001.00 DAN KE ATAS', '2', 0, 0, 0, 1, 10, '2022-11-29 15:53:56'),
	(242, 13, NULL, 'JUMLAH PENDAPATAN ISI RUMAH', 'RM 5,001.00 - RM 10,000.00', '4', 0, 0, 0, 1, 10, '2022-11-29 15:53:56'),
	(243, 13, NULL, 'JUMLAH PENDAPATAN ISI RUMAH', 'RM 2,001.00 - RM 5,000.00', '6', 0, 0, 0, 1, 10, '2022-11-29 15:53:56'),
	(244, 13, NULL, 'JUMLAH PENDAPATAN ISI RUMAH', 'RM 2,000.00 DAN KE BAWAH', '8', 8, 0, 0, 1, 10, '2022-11-29 15:53:56'),
	(245, 13, NULL, 'JARAK TEMPAT TINGGAL SEMASA DENGAN TEMPAT BERTUGAS', '60 KM DAN KE ATAS', '8', 0, 0, 0, 1, 10, '2022-11-29 15:53:56'),
	(246, 13, NULL, 'JARAK TEMPAT TINGGAL SEMASA DENGAN TEMPAT BERTUGAS', '50 KM -59 KM', '6', 0, 0, 0, 1, 10, '2022-11-29 15:53:56'),
	(247, 13, NULL, 'JARAK TEMPAT TINGGAL SEMASA DENGAN TEMPAT BERTUGAS', '21 KM -49 KM', '4', 0, 0, 0, 1, 10, '2022-11-29 15:53:56'),
	(248, 13, NULL, 'JARAK TEMPAT TINGGAL SEMASA DENGAN TEMPAT BERTUGAS', '20 KM DAN KE BAWAH', '2', 2, 0, 0, 1, 10, '2022-11-29 15:53:56'),
	(249, 13, NULL, 'TEMPOH PERMOHONAN', '3 TAHUN', '14', 0, 0, 0, 1, 10, '2022-11-29 15:53:56'),
	(250, 13, NULL, 'TEMPOH PERMOHONAN', '2 TAHUN', '6', 0, 0, 0, 1, 10, '2022-11-29 15:53:56'),
	(251, 13, NULL, 'TEMPOH PERMOHONAN', '1 TAHUN', '2', 2, 0, 0, 1, 10, '2022-11-29 15:53:56'),
	(252, 13, NULL, 'FAKTOR KESIHATAN', 'PEMOHON', '6', 0, 0, 0, 1, 10, '2022-11-29 15:53:56'),
	(253, 13, NULL, 'FAKTOR KESIHATAN', 'PASANGAN', '4', 0, 0, 0, 1, 10, '2022-11-29 15:53:56'),
	(254, 13, NULL, 'FAKTOR KESIHATAN', 'ANAK-ANAK', '4', 4, 0, 0, 1, 10, '2022-11-29 15:53:56'),
	(255, 13, NULL, 'KEPENTINGAN DALAM JAWATAN', '', '10', 8, 1, 0, 1, 10, '2022-11-29 15:53:56'),
	(256, 14, NULL, 'TARAF PERKHIDMATAN', 'Badan Berkanun Negeri', '10', 0, 0, 1, 1, 10, '2022-11-29 16:09:44'),
	(257, 14, NULL, 'TARAF PERKHIDMATAN', 'Badan Berkanun Persekutuan', '10', 0, 0, 1, 1, 10, '2022-11-29 16:09:44'),
	(258, 14, NULL, 'TARAF PERKHIDMATAN', 'Perkhidmatan Awam Negeri', '20', 20, 0, 1, 1, 10, '2022-11-29 16:09:44'),
	(259, 14, NULL, 'TARAF PERKHIDMATAN', 'Perkhidmatan Awam Persekutuan', '6', 0, 0, 1, 1, 10, '2022-11-29 16:09:44'),
	(260, 14, NULL, 'TARAF PERKHIDMATAN', 'Pihak Berkuasa Tempatan', '0', 0, 0, 1, 1, 10, '2022-11-29 16:09:44'),
	(261, 14, NULL, 'TARAF JAWATAN', 'Lantikan Tetap', '10', 10, 0, 1, 1, 10, '2022-11-29 16:09:44'),
	(262, 14, NULL, 'TARAF JAWATAN', 'Lantikan Sementara', '6', 0, 0, 1, 1, 10, '2022-11-29 16:09:44'),
	(263, 14, NULL, 'TARAF JAWATAN', 'Lantikan Kontrak (Contract Of Service)', '8', 0, 0, 1, 1, 10, '2022-11-29 16:09:44'),
	(264, 14, NULL, 'TARAF JAWATAN', 'Lantikan Sangkut', '2', 0, 0, 1, 1, 10, '2022-11-29 16:09:44'),
	(265, 14, NULL, 'TARAF JAWATAN', 'Lantikan Sandaran', '2', 0, 0, 1, 1, 10, '2022-11-29 16:09:44'),
	(266, 14, NULL, 'TARAF JAWATAN', 'Lantikan Khidmat Singkat', '2', 0, 0, 1, 1, 10, '2022-11-29 16:09:44'),
	(267, 14, NULL, 'TARAF JAWATAN', 'Lantikan Sambilan', '2', 0, 0, 1, 1, 10, '2022-11-29 16:09:44'),
	(268, 14, NULL, 'TARAF JAWATAN', 'Lantikan Kontrak (Contract For Service)', '2', 0, 0, 1, 1, 10, '2022-11-29 16:09:44'),
	(269, 14, NULL, 'TARAF JAWATAN', 'Lantikan Sambilan (PRE2)', '2', 0, 0, 1, 1, 10, '2022-11-29 16:09:44'),
	(270, 14, NULL, 'TARAF JAWATAN', 'Lantikan Tetap Dan Tidak Berpencen', '6', 0, 0, 1, 1, 10, '2022-11-29 16:09:44'),
	(271, 14, NULL, 'TARAF JAWATAN', 'Lantikan Pinjaman', '2', 0, 0, 1, 1, 10, '2022-11-29 16:09:44'),
	(272, 14, NULL, 'TARAF JAWATAN', 'Lantikan Dipinjamkan', '2', 0, 0, 1, 1, 10, '2022-11-29 16:09:44'),
	(273, 14, NULL, 'TARAF JAWATAN', 'Lantikan Tambahsentara', '2', 0, 0, 1, 1, 10, '2022-11-29 16:09:44'),
	(274, 14, NULL, 'TARAF JAWATAN', 'Lantikan Berasaskan Caruman (KWSP)', '2', 0, 0, 1, 1, 10, '2022-11-29 16:09:44'),
	(275, 14, NULL, 'TARAF JAWATAN', 'Lantikan Berelaun', '2', 0, 0, 1, 1, 10, '2022-11-29 16:09:44'),
	(276, 14, NULL, 'TARAF PERKAHWINAN', 'BERKAHWIN', '10', 10, 0, 1, 1, 10, '2022-11-29 16:09:44'),
	(277, 14, NULL, 'TARAF PERKAHWINAN', 'JANDA', '8', 0, 0, 1, 1, 10, '2022-11-29 16:09:44'),
	(278, 14, NULL, 'TARAF PERKAHWINAN', 'DUDA', '6', 0, 0, 1, 1, 10, '2022-11-29 16:09:44'),
	(279, 14, NULL, 'TARAF PERKAHWINAN', 'BELUM BERKAHWIN', '4', 0, 0, 1, 1, 10, '2022-11-29 16:09:44'),
	(280, 14, NULL, 'TARAF PERKAHWINAN', 'BALU', '8', 0, 0, 1, 1, 10, '2022-11-29 16:09:44'),
	(281, 14, NULL, 'TARAF PERKAHWINAN', 'TIADA MAKLUMAT', '0', 0, 0, 1, 1, 10, '2022-11-29 16:09:44'),
	(282, 14, NULL, 'TEMPOH PERKHIDMATAN', '61 TAHUN DAN KE ATAS', '10', 0, 0, 0, 1, 10, '2022-11-29 16:09:44'),
	(283, 14, NULL, 'TEMPOH PERKHIDMATAN', '41 TAHUN -60 TAHUN', '8', 0, 0, 0, 1, 10, '2022-11-29 16:09:44'),
	(284, 14, NULL, 'TEMPOH PERKHIDMATAN', '11 TAHUN -40 TAHUN', '6', 6, 0, 0, 1, 10, '2022-11-29 16:09:44'),
	(285, 14, NULL, 'TEMPOH PERKHIDMATAN', '1 TAHUN -10 TAHUN', '4', 0, 0, 0, 1, 10, '2022-11-29 16:09:44'),
	(286, 14, NULL, 'BILANGAN ANAK', '6 ORANG', '10', 0, 0, 0, 1, 10, '2022-11-29 16:09:44'),
	(287, 14, NULL, 'BILANGAN ANAK', '5 ORANG', '8', 0, 0, 0, 1, 10, '2022-11-29 16:09:44'),
	(288, 14, NULL, 'BILANGAN ANAK', '4 ORANG', '6', 0, 0, 0, 1, 10, '2022-11-29 16:09:44'),
	(289, 14, NULL, 'BILANGAN ANAK', '3 ORANG', '4', 4, 0, 0, 1, 10, '2022-11-29 16:09:44'),
	(290, 14, NULL, 'BILANGAN ANAK', '2 ORANG', '3', 0, 0, 0, 1, 10, '2022-11-29 16:09:44'),
	(291, 14, NULL, 'BILANGAN ANAK', '1 ORANG', '2', 0, 0, 0, 1, 10, '2022-11-29 16:09:44'),
	(292, 14, NULL, 'JUMLAH PENDAPATAN ISI RUMAH', 'RM 100,001.00 DAN KE ATAS', '2', 0, 0, 0, 1, 10, '2022-11-29 16:09:44'),
	(293, 14, NULL, 'JUMLAH PENDAPATAN ISI RUMAH', 'RM 5,001.00 - RM 10,000.00', '4', 0, 0, 0, 1, 10, '2022-11-29 16:09:44'),
	(294, 14, NULL, 'JUMLAH PENDAPATAN ISI RUMAH', 'RM 2,001.00 - RM 5,000.00', '6', 0, 0, 0, 1, 10, '2022-11-29 16:09:44'),
	(295, 14, NULL, 'JUMLAH PENDAPATAN ISI RUMAH', 'RM 2,000.00 DAN KE BAWAH', '8', 8, 0, 0, 1, 10, '2022-11-29 16:09:44'),
	(296, 14, NULL, 'JARAK TEMPAT TINGGAL SEMASA DENGAN TEMPAT BERTUGAS', '60 KM DAN KE ATAS', '8', 0, 0, 0, 1, 10, '2022-11-29 16:09:44'),
	(297, 14, NULL, 'JARAK TEMPAT TINGGAL SEMASA DENGAN TEMPAT BERTUGAS', '50 KM -59 KM', '6', 0, 0, 0, 1, 10, '2022-11-29 16:09:44'),
	(298, 14, NULL, 'JARAK TEMPAT TINGGAL SEMASA DENGAN TEMPAT BERTUGAS', '21 KM -49 KM', '4', 0, 0, 0, 1, 10, '2022-11-29 16:09:44'),
	(299, 14, NULL, 'JARAK TEMPAT TINGGAL SEMASA DENGAN TEMPAT BERTUGAS', '20 KM DAN KE BAWAH', '2', 2, 0, 0, 1, 10, '2022-11-29 16:09:44'),
	(300, 14, NULL, 'TEMPOH PERMOHONAN', '3 TAHUN', '14', 0, 0, 0, 1, 10, '2022-11-29 16:09:44'),
	(301, 14, NULL, 'TEMPOH PERMOHONAN', '2 TAHUN', '6', 0, 0, 0, 1, 10, '2022-11-29 16:09:44'),
	(302, 14, NULL, 'TEMPOH PERMOHONAN', '1 TAHUN', '2', 2, 0, 0, 1, 10, '2022-11-29 16:09:44'),
	(303, 14, NULL, 'FAKTOR KESIHATAN', 'PEMOHON', '6', 0, 0, 0, 1, 10, '2022-11-29 16:09:44'),
	(304, 14, NULL, 'FAKTOR KESIHATAN', 'PASANGAN', '4', 0, 0, 0, 1, 10, '2022-11-29 16:09:44'),
	(305, 14, NULL, 'FAKTOR KESIHATAN', 'ANAK-ANAK', '4', 0, 0, 0, 1, 10, '2022-11-29 16:09:44'),
	(306, 14, NULL, 'KEPENTINGAN DALAM JAWATAN', '', '10', 0, 1, 0, 1, 10, '2022-11-29 16:09:44'),
	(307, 15, NULL, 'TARAF PERKHIDMATAN', 'Badan Berkanun Negeri', '20', 20, 0, 1, 1, 68, '2022-11-29 22:12:58'),
	(308, 15, NULL, 'TARAF PERKHIDMATAN', 'Badan Berkanun Persekutuan', '10', 0, 0, 1, 1, 68, '2022-11-29 22:12:58'),
	(309, 15, NULL, 'TARAF PERKHIDMATAN', 'Perkhidmatan Awam Negeri', '8', 0, 0, 1, 1, 68, '2022-11-29 22:12:58'),
	(310, 15, NULL, 'TARAF PERKHIDMATAN', 'Perkhidmatan Awam Persekutuan', '6', 0, 0, 1, 1, 68, '2022-11-29 22:12:58'),
	(311, 15, NULL, 'TARAF PERKHIDMATAN', 'Pihak Berkuasa Tempatan', '1', 0, 0, 1, 1, 68, '2022-11-29 22:12:58'),
	(312, 15, NULL, 'TARAF JAWATAN', 'Lantikan Tetap', '10', 10, 0, 1, 1, 68, '2022-11-29 22:12:58'),
	(313, 15, NULL, 'TARAF JAWATAN', 'Lantikan Sementara', '6', 0, 0, 1, 1, 68, '2022-11-29 22:12:58'),
	(314, 15, NULL, 'TARAF JAWATAN', 'Lantikan Kontrak (Contract Of Service)', '8', 0, 0, 1, 1, 68, '2022-11-29 22:12:58'),
	(315, 15, NULL, 'TARAF JAWATAN', 'Lantikan Sangkut', '2', 0, 0, 1, 1, 68, '2022-11-29 22:12:58'),
	(316, 15, NULL, 'TARAF JAWATAN', 'Lantikan Sandaran', '2', 0, 0, 1, 1, 68, '2022-11-29 22:12:58'),
	(317, 15, NULL, 'TARAF JAWATAN', 'Lantikan Khidmat Singkat', '2', 0, 0, 1, 1, 68, '2022-11-29 22:12:58'),
	(318, 15, NULL, 'TARAF JAWATAN', 'Lantikan Sambilan', '2', 0, 0, 1, 1, 68, '2022-11-29 22:12:58'),
	(319, 15, NULL, 'TARAF JAWATAN', 'Lantikan Kontrak (Contract For Service)', '2', 0, 0, 1, 1, 68, '2022-11-29 22:12:58'),
	(320, 15, NULL, 'TARAF JAWATAN', 'Lantikan Sambilan (PRE2)', '2', 0, 0, 1, 1, 68, '2022-11-29 22:12:58'),
	(321, 15, NULL, 'TARAF JAWATAN', 'Lantikan Tetap Dan Tidak Berpencen', '6', 0, 0, 1, 1, 68, '2022-11-29 22:12:58'),
	(322, 15, NULL, 'TARAF JAWATAN', 'Lantikan Pinjaman', '2', 0, 0, 1, 1, 68, '2022-11-29 22:12:58'),
	(323, 15, NULL, 'TARAF JAWATAN', 'Lantikan Dipinjamkan', '2', 0, 0, 1, 1, 68, '2022-11-29 22:12:58'),
	(324, 15, NULL, 'TARAF JAWATAN', 'Lantikan Tambahsentara', '2', 0, 0, 1, 1, 68, '2022-11-29 22:12:58'),
	(325, 15, NULL, 'TARAF JAWATAN', 'Lantikan Berasaskan Caruman (KWSP)', '2', 0, 0, 1, 1, 68, '2022-11-29 22:12:58'),
	(326, 15, NULL, 'TARAF JAWATAN', 'Lantikan Berelaun', '2', 0, 0, 1, 1, 68, '2022-11-29 22:12:58'),
	(327, 15, NULL, 'TARAF PERKAHWINAN', 'BERKAHWIN', '10', 10, 0, 1, 1, 68, '2022-11-29 22:12:58'),
	(328, 15, NULL, 'TARAF PERKAHWINAN', 'JANDA', '8', 0, 0, 1, 1, 68, '2022-11-29 22:12:58'),
	(329, 15, NULL, 'TARAF PERKAHWINAN', 'DUDA', '6', 0, 0, 1, 1, 68, '2022-11-29 22:12:58'),
	(330, 15, NULL, 'TARAF PERKAHWINAN', 'BELUM BERKAHWIN', '4', 0, 0, 1, 1, 68, '2022-11-29 22:12:58'),
	(331, 15, NULL, 'TARAF PERKAHWINAN', 'BALU', '8', 0, 0, 1, 1, 68, '2022-11-29 22:12:58'),
	(332, 15, NULL, 'TARAF PERKAHWINAN', 'TIADA MAKLUMAT', '0', 0, 0, 1, 1, 68, '2022-11-29 22:12:58'),
	(333, 15, NULL, 'TEMPOH PERKHIDMATAN', '61 TAHUN DAN KE ATAS', '10', 0, 0, 0, 1, 68, '2022-11-29 22:12:58'),
	(334, 15, NULL, 'TEMPOH PERKHIDMATAN', '41 TAHUN -60 TAHUN', '8', 0, 0, 0, 1, 68, '2022-11-29 22:12:58'),
	(335, 15, NULL, 'TEMPOH PERKHIDMATAN', '11 TAHUN -40 TAHUN', '6', 0, 0, 0, 1, 68, '2022-11-29 22:12:58'),
	(336, 15, NULL, 'TEMPOH PERKHIDMATAN', '1 TAHUN -10 TAHUN', '4', 4, 0, 0, 1, 68, '2022-11-29 22:12:58'),
	(337, 15, NULL, 'BILANGAN ANAK', '6 ORANG', '10', 0, 0, 0, 1, 68, '2022-11-29 22:12:58'),
	(338, 15, NULL, 'BILANGAN ANAK', '5 ORANG', '8', 0, 0, 0, 1, 68, '2022-11-29 22:12:58'),
	(339, 15, NULL, 'BILANGAN ANAK', '4 ORANG', '6', 0, 0, 0, 1, 68, '2022-11-29 22:12:58'),
	(340, 15, NULL, 'BILANGAN ANAK', '3 ORANG', '4', 0, 0, 0, 1, 68, '2022-11-29 22:12:58'),
	(341, 15, NULL, 'BILANGAN ANAK', '2 ORANG', '3', 0, 0, 0, 1, 68, '2022-11-29 22:12:58'),
	(342, 15, NULL, 'BILANGAN ANAK', '1 ORANG', '2', 2, 0, 0, 1, 68, '2022-11-29 22:12:58'),
	(343, 15, NULL, 'JUMLAH PENDAPATAN ISI RUMAH', 'RM 100,001.00 DAN KE ATAS', '2', 0, 0, 0, 1, 68, '2022-11-29 22:12:58'),
	(344, 15, NULL, 'JUMLAH PENDAPATAN ISI RUMAH', 'RM 5,001.00 - RM 10,000.00', '4', 0, 0, 0, 1, 68, '2022-11-29 22:12:58'),
	(345, 15, NULL, 'JUMLAH PENDAPATAN ISI RUMAH', 'RM 2,001.00 - RM 5,000.00', '6', 0, 0, 0, 1, 68, '2022-11-29 22:12:58'),
	(346, 15, NULL, 'JUMLAH PENDAPATAN ISI RUMAH', 'RM 2,000.00 DAN KE BAWAH', '8', 0, 0, 0, 1, 68, '2022-11-29 22:12:58'),
	(347, 15, NULL, 'JARAK TEMPAT TINGGAL SEMASA DENGAN TEMPAT BERTUGAS', '60 KM DAN KE ATAS', '8', 0, 0, 0, 1, 68, '2022-11-29 22:12:58'),
	(348, 15, NULL, 'JARAK TEMPAT TINGGAL SEMASA DENGAN TEMPAT BERTUGAS', '50 KM -59 KM', '6', 0, 0, 0, 1, 68, '2022-11-29 22:12:58'),
	(349, 15, NULL, 'JARAK TEMPAT TINGGAL SEMASA DENGAN TEMPAT BERTUGAS', '21 KM -49 KM', '4', 0, 0, 0, 1, 68, '2022-11-29 22:12:58'),
	(350, 15, NULL, 'JARAK TEMPAT TINGGAL SEMASA DENGAN TEMPAT BERTUGAS', '20 KM DAN KE BAWAH', '2', 2, 0, 0, 1, 68, '2022-11-29 22:12:58'),
	(351, 15, NULL, 'TEMPOH PERMOHONAN', '3 TAHUN', '14', 0, 0, 0, 1, 68, '2022-11-29 22:12:58'),
	(352, 15, NULL, 'TEMPOH PERMOHONAN', '2 TAHUN', '6', 0, 0, 0, 1, 68, '2022-11-29 22:12:58'),
	(353, 15, NULL, 'TEMPOH PERMOHONAN', '1 TAHUN', '2', 2, 0, 0, 1, 68, '2022-11-29 22:12:58'),
	(354, 15, NULL, 'FAKTOR KESIHATAN', 'PEMOHON', '6', 0, 0, 0, 1, 68, '2022-11-29 22:12:58'),
	(355, 15, NULL, 'FAKTOR KESIHATAN', 'PASANGAN', '4', 0, 0, 0, 1, 68, '2022-11-29 22:12:58'),
	(356, 15, NULL, 'FAKTOR KESIHATAN', 'ANAK-ANAK', '4', 0, 0, 0, 1, 68, '2022-11-29 22:12:58'),
	(357, 15, NULL, 'KEPENTINGAN DALAM JAWATAN', '', '10', 0, 1, 0, 1, 68, '2022-11-29 22:12:58'),
	(358, 16, NULL, 'TARAF PERKHIDMATAN', 'Badan Berkanun Negeri', '20', 20, 0, 1, 1, 10, '2022-11-30 00:08:34'),
	(359, 16, NULL, 'TARAF PERKHIDMATAN', 'Badan Berkanun Persekutuan', '10', 0, 0, 1, 1, 10, '2022-11-30 00:08:34'),
	(360, 16, NULL, 'TARAF PERKHIDMATAN', 'Perkhidmatan Awam Negeri', '8', 0, 0, 1, 1, 10, '2022-11-30 00:08:34'),
	(361, 16, NULL, 'TARAF PERKHIDMATAN', 'Perkhidmatan Awam Persekutuan', '6', 0, 0, 1, 1, 10, '2022-11-30 00:08:34'),
	(362, 16, NULL, 'TARAF PERKHIDMATAN', 'Pihak Berkuasa Tempatan', '1', 0, 0, 1, 1, 10, '2022-11-30 00:08:34'),
	(363, 16, NULL, 'TARAF JAWATAN', 'Lantikan Tetap', '10', 10, 0, 1, 1, 10, '2022-11-30 00:08:34'),
	(364, 16, NULL, 'TARAF JAWATAN', 'Lantikan Sementara', '6', 0, 0, 1, 1, 10, '2022-11-30 00:08:34'),
	(365, 16, NULL, 'TARAF JAWATAN', 'Lantikan Kontrak (Contract Of Service)', '8', 0, 0, 1, 1, 10, '2022-11-30 00:08:34'),
	(366, 16, NULL, 'TARAF JAWATAN', 'Lantikan Sangkut', '2', 0, 0, 1, 1, 10, '2022-11-30 00:08:34'),
	(367, 16, NULL, 'TARAF JAWATAN', 'Lantikan Sandaran', '2', 0, 0, 1, 1, 10, '2022-11-30 00:08:34'),
	(368, 16, NULL, 'TARAF JAWATAN', 'Lantikan Khidmat Singkat', '2', 0, 0, 1, 1, 10, '2022-11-30 00:08:34'),
	(369, 16, NULL, 'TARAF JAWATAN', 'Lantikan Sambilan', '2', 0, 0, 1, 1, 10, '2022-11-30 00:08:34'),
	(370, 16, NULL, 'TARAF JAWATAN', 'Lantikan Kontrak (Contract For Service)', '2', 0, 0, 1, 1, 10, '2022-11-30 00:08:34'),
	(371, 16, NULL, 'TARAF JAWATAN', 'Lantikan Sambilan (PRE2)', '2', 0, 0, 1, 1, 10, '2022-11-30 00:08:34'),
	(372, 16, NULL, 'TARAF JAWATAN', 'Lantikan Tetap Dan Tidak Berpencen', '6', 0, 0, 1, 1, 10, '2022-11-30 00:08:34'),
	(373, 16, NULL, 'TARAF JAWATAN', 'Lantikan Pinjaman', '2', 0, 0, 1, 1, 10, '2022-11-30 00:08:34'),
	(374, 16, NULL, 'TARAF JAWATAN', 'Lantikan Dipinjamkan', '2', 0, 0, 1, 1, 10, '2022-11-30 00:08:34'),
	(375, 16, NULL, 'TARAF JAWATAN', 'Lantikan Tambahsentara', '2', 0, 0, 1, 1, 10, '2022-11-30 00:08:34'),
	(376, 16, NULL, 'TARAF JAWATAN', 'Lantikan Berasaskan Caruman (KWSP)', '2', 0, 0, 1, 1, 10, '2022-11-30 00:08:34'),
	(377, 16, NULL, 'TARAF JAWATAN', 'Lantikan Berelaun', '2', 0, 0, 1, 1, 10, '2022-11-30 00:08:34'),
	(378, 16, NULL, 'TARAF PERKAHWINAN', 'BERKAHWIN', '10', 0, 0, 1, 1, 10, '2022-11-30 00:08:34'),
	(379, 16, NULL, 'TARAF PERKAHWINAN', 'JANDA', '8', 0, 0, 1, 1, 10, '2022-11-30 00:08:34'),
	(380, 16, NULL, 'TARAF PERKAHWINAN', 'DUDA', '6', 0, 0, 1, 1, 10, '2022-11-30 00:08:34'),
	(381, 16, NULL, 'TARAF PERKAHWINAN', 'BELUM BERKAHWIN', '4', 4, 0, 1, 1, 10, '2022-11-30 00:08:34'),
	(382, 16, NULL, 'TARAF PERKAHWINAN', 'BALU', '8', 0, 0, 1, 1, 10, '2022-11-30 00:08:34'),
	(383, 16, NULL, 'TARAF PERKAHWINAN', 'TIADA MAKLUMAT', '0', 0, 0, 1, 1, 10, '2022-11-30 00:08:34'),
	(384, 16, NULL, 'TEMPOH PERKHIDMATAN', '61 TAHUN DAN KE ATAS', '10', 0, 0, 0, 1, 10, '2022-11-30 00:08:34'),
	(385, 16, NULL, 'TEMPOH PERKHIDMATAN', '41 TAHUN -60 TAHUN', '8', 0, 0, 0, 1, 10, '2022-11-30 00:08:34'),
	(386, 16, NULL, 'TEMPOH PERKHIDMATAN', '11 TAHUN -40 TAHUN', '6', 6, 0, 0, 1, 10, '2022-11-30 00:08:34'),
	(387, 16, NULL, 'TEMPOH PERKHIDMATAN', '1 TAHUN -10 TAHUN', '4', 0, 0, 0, 1, 10, '2022-11-30 00:08:34'),
	(388, 16, NULL, 'BILANGAN ANAK', '6 ORANG', '10', 0, 0, 0, 1, 10, '2022-11-30 00:08:34'),
	(389, 16, NULL, 'BILANGAN ANAK', '5 ORANG', '8', 0, 0, 0, 1, 10, '2022-11-30 00:08:34'),
	(390, 16, NULL, 'BILANGAN ANAK', '4 ORANG', '6', 0, 0, 0, 1, 10, '2022-11-30 00:08:34'),
	(391, 16, NULL, 'BILANGAN ANAK', '3 ORANG', '4', 0, 0, 0, 1, 10, '2022-11-30 00:08:34'),
	(392, 16, NULL, 'BILANGAN ANAK', '2 ORANG', '3', 0, 0, 0, 1, 10, '2022-11-30 00:08:34'),
	(393, 16, NULL, 'BILANGAN ANAK', '1 ORANG', '2', 0, 0, 0, 1, 10, '2022-11-30 00:08:34'),
	(394, 16, NULL, 'JUMLAH PENDAPATAN ISI RUMAH', 'RM 100,001.00 DAN KE ATAS', '2', 0, 0, 0, 1, 10, '2022-11-30 00:08:34'),
	(395, 16, NULL, 'JUMLAH PENDAPATAN ISI RUMAH', 'RM 5,001.00 - RM 10,000.00', '4', 0, 0, 0, 1, 10, '2022-11-30 00:08:34'),
	(396, 16, NULL, 'JUMLAH PENDAPATAN ISI RUMAH', 'RM 2,001.00 - RM 5,000.00', '6', 0, 0, 0, 1, 10, '2022-11-30 00:08:34'),
	(397, 16, NULL, 'JUMLAH PENDAPATAN ISI RUMAH', 'RM 2,000.00 DAN KE BAWAH', '8', 8, 0, 0, 1, 10, '2022-11-30 00:08:34'),
	(398, 16, NULL, 'JARAK TEMPAT TINGGAL SEMASA DENGAN TEMPAT BERTUGAS', '60 KM DAN KE ATAS', '8', 0, 0, 0, 1, 10, '2022-11-30 00:08:34'),
	(399, 16, NULL, 'JARAK TEMPAT TINGGAL SEMASA DENGAN TEMPAT BERTUGAS', '50 KM -59 KM', '6', 0, 0, 0, 1, 10, '2022-11-30 00:08:34'),
	(400, 16, NULL, 'JARAK TEMPAT TINGGAL SEMASA DENGAN TEMPAT BERTUGAS', '21 KM -49 KM', '4', 0, 0, 0, 1, 10, '2022-11-30 00:08:34'),
	(401, 16, NULL, 'JARAK TEMPAT TINGGAL SEMASA DENGAN TEMPAT BERTUGAS', '20 KM DAN KE BAWAH', '2', 2, 0, 0, 1, 10, '2022-11-30 00:08:34'),
	(402, 16, NULL, 'TEMPOH PERMOHONAN', '3 TAHUN', '14', 0, 0, 0, 1, 10, '2022-11-30 00:08:34'),
	(403, 16, NULL, 'TEMPOH PERMOHONAN', '2 TAHUN', '6', 0, 0, 0, 1, 10, '2022-11-30 00:08:34'),
	(404, 16, NULL, 'TEMPOH PERMOHONAN', '1 TAHUN', '2', 2, 0, 0, 1, 10, '2022-11-30 00:08:34'),
	(405, 16, NULL, 'FAKTOR KESIHATAN', 'PEMOHON', '6', 6, 0, 0, 1, 10, '2022-11-30 00:08:34'),
	(406, 16, NULL, 'FAKTOR KESIHATAN', 'PASANGAN', '4', 0, 0, 0, 1, 10, '2022-11-30 00:08:34'),
	(407, 16, NULL, 'FAKTOR KESIHATAN', 'ANAK-ANAK', '4', 0, 0, 0, 1, 10, '2022-11-30 00:08:34'),
	(408, 16, NULL, 'KEPENTINGAN DALAM JAWATAN', '', '10', 10, 1, 0, 1, 10, '2022-11-30 00:08:34'),
	(409, 17, NULL, 'TARAF PERKHIDMATAN', 'Badan Berkanun Negeri', '20', 20, 0, 1, 1, 10, '2022-11-30 11:20:26'),
	(410, 17, NULL, 'TARAF PERKHIDMATAN', 'Badan Berkanun Persekutuan', '10', 0, 0, 1, 1, 10, '2022-11-30 11:20:26'),
	(411, 17, NULL, 'TARAF PERKHIDMATAN', 'Perkhidmatan Awam Negeri', '8', 0, 0, 1, 1, 10, '2022-11-30 11:20:26'),
	(412, 17, NULL, 'TARAF PERKHIDMATAN', 'Perkhidmatan Awam Persekutuan', '6', 0, 0, 1, 1, 10, '2022-11-30 11:20:26'),
	(413, 17, NULL, 'TARAF PERKHIDMATAN', 'Pihak Berkuasa Tempatan', '1', 0, 0, 1, 1, 10, '2022-11-30 11:20:26'),
	(414, 17, NULL, 'TARAF JAWATAN', 'Lantikan Tetap', '10', 10, 0, 1, 1, 10, '2022-11-30 11:20:26'),
	(415, 17, NULL, 'TARAF JAWATAN', 'Lantikan Sementara', '6', 0, 0, 1, 1, 10, '2022-11-30 11:20:26'),
	(416, 17, NULL, 'TARAF JAWATAN', 'Lantikan Kontrak (Contract Of Service)', '8', 0, 0, 1, 1, 10, '2022-11-30 11:20:26'),
	(417, 17, NULL, 'TARAF JAWATAN', 'Lantikan Sangkut', '2', 0, 0, 1, 1, 10, '2022-11-30 11:20:26'),
	(418, 17, NULL, 'TARAF JAWATAN', 'Lantikan Sandaran', '2', 0, 0, 1, 1, 10, '2022-11-30 11:20:26'),
	(419, 17, NULL, 'TARAF JAWATAN', 'Lantikan Khidmat Singkat', '2', 0, 0, 1, 1, 10, '2022-11-30 11:20:26'),
	(420, 17, NULL, 'TARAF JAWATAN', 'Lantikan Sambilan', '2', 0, 0, 1, 1, 10, '2022-11-30 11:20:26'),
	(421, 17, NULL, 'TARAF JAWATAN', 'Lantikan Kontrak (Contract For Service)', '2', 0, 0, 1, 1, 10, '2022-11-30 11:20:26'),
	(422, 17, NULL, 'TARAF JAWATAN', 'Lantikan Sambilan (PRE2)', '2', 0, 0, 1, 1, 10, '2022-11-30 11:20:26'),
	(423, 17, NULL, 'TARAF JAWATAN', 'Lantikan Tetap Dan Tidak Berpencen', '6', 0, 0, 1, 1, 10, '2022-11-30 11:20:26'),
	(424, 17, NULL, 'TARAF JAWATAN', 'Lantikan Pinjaman', '2', 0, 0, 1, 1, 10, '2022-11-30 11:20:26'),
	(425, 17, NULL, 'TARAF JAWATAN', 'Lantikan Dipinjamkan', '2', 0, 0, 1, 1, 10, '2022-11-30 11:20:26'),
	(426, 17, NULL, 'TARAF JAWATAN', 'Lantikan Tambahsentara', '2', 0, 0, 1, 1, 10, '2022-11-30 11:20:26'),
	(427, 17, NULL, 'TARAF JAWATAN', 'Lantikan Berasaskan Caruman (KWSP)', '2', 0, 0, 1, 1, 10, '2022-11-30 11:20:26'),
	(428, 17, NULL, 'TARAF JAWATAN', 'Lantikan Berelaun', '2', 0, 0, 1, 1, 10, '2022-11-30 11:20:26'),
	(429, 17, NULL, 'TARAF PERKAHWINAN', 'BERKAHWIN', '10', 10, 0, 1, 1, 10, '2022-11-30 11:20:26'),
	(430, 17, NULL, 'TARAF PERKAHWINAN', 'JANDA', '8', 0, 0, 1, 1, 10, '2022-11-30 11:20:26'),
	(431, 17, NULL, 'TARAF PERKAHWINAN', 'DUDA', '6', 0, 0, 1, 1, 10, '2022-11-30 11:20:26'),
	(432, 17, NULL, 'TARAF PERKAHWINAN', 'BELUM BERKAHWIN', '4', 0, 0, 1, 1, 10, '2022-11-30 11:20:26'),
	(433, 17, NULL, 'TARAF PERKAHWINAN', 'BALU', '8', 0, 0, 1, 1, 10, '2022-11-30 11:20:26'),
	(434, 17, NULL, 'TARAF PERKAHWINAN', 'TIADA MAKLUMAT', '0', 0, 0, 1, 1, 10, '2022-11-30 11:20:26'),
	(435, 17, NULL, 'TEMPOH PERKHIDMATAN', '61 TAHUN DAN KE ATAS', '10', 0, 0, 0, 1, 10, '2022-11-30 11:20:26'),
	(436, 17, NULL, 'TEMPOH PERKHIDMATAN', '41 TAHUN -60 TAHUN', '8', 0, 0, 0, 1, 10, '2022-11-30 11:20:26'),
	(437, 17, NULL, 'TEMPOH PERKHIDMATAN', '11 TAHUN -40 TAHUN', '6', 6, 0, 0, 1, 10, '2022-11-30 11:20:26'),
	(438, 17, NULL, 'TEMPOH PERKHIDMATAN', '1 TAHUN -10 TAHUN', '4', 0, 0, 0, 1, 10, '2022-11-30 11:20:26'),
	(439, 17, NULL, 'BILANGAN ANAK', '6 ORANG', '10', 0, 0, 0, 1, 10, '2022-11-30 11:20:26'),
	(440, 17, NULL, 'BILANGAN ANAK', '5 ORANG', '8', 0, 0, 0, 1, 10, '2022-11-30 11:20:26'),
	(441, 17, NULL, 'BILANGAN ANAK', '4 ORANG', '6', 0, 0, 0, 1, 10, '2022-11-30 11:20:26'),
	(442, 17, NULL, 'BILANGAN ANAK', '3 ORANG', '4', 0, 0, 0, 1, 10, '2022-11-30 11:20:26'),
	(443, 17, NULL, 'BILANGAN ANAK', '2 ORANG', '3', 0, 0, 0, 1, 10, '2022-11-30 11:20:26'),
	(444, 17, NULL, 'BILANGAN ANAK', '1 ORANG', '2', 2, 0, 0, 1, 10, '2022-11-30 11:20:26'),
	(445, 17, NULL, 'JUMLAH PENDAPATAN ISI RUMAH', 'RM 100,001.00 DAN KE ATAS', '2', 0, 0, 0, 1, 10, '2022-11-30 11:20:26'),
	(446, 17, NULL, 'JUMLAH PENDAPATAN ISI RUMAH', 'RM 5,001.00 - RM 10,000.00', '4', 0, 0, 0, 1, 10, '2022-11-30 11:20:26'),
	(447, 17, NULL, 'JUMLAH PENDAPATAN ISI RUMAH', 'RM 2,001.00 - RM 5,000.00', '6', 6, 0, 0, 1, 10, '2022-11-30 11:20:26'),
	(448, 17, NULL, 'JUMLAH PENDAPATAN ISI RUMAH', 'RM 2,000.00 DAN KE BAWAH', '8', 0, 0, 0, 1, 10, '2022-11-30 11:20:26'),
	(449, 17, NULL, 'JARAK TEMPAT TINGGAL SEMASA DENGAN TEMPAT BERTUGAS', '60 KM DAN KE ATAS', '8', 0, 0, 0, 1, 10, '2022-11-30 11:20:26'),
	(450, 17, NULL, 'JARAK TEMPAT TINGGAL SEMASA DENGAN TEMPAT BERTUGAS', '50 KM -59 KM', '6', 0, 0, 0, 1, 10, '2022-11-30 11:20:26'),
	(451, 17, NULL, 'JARAK TEMPAT TINGGAL SEMASA DENGAN TEMPAT BERTUGAS', '21 KM -49 KM', '4', 0, 0, 0, 1, 10, '2022-11-30 11:20:26'),
	(452, 17, NULL, 'JARAK TEMPAT TINGGAL SEMASA DENGAN TEMPAT BERTUGAS', '20 KM DAN KE BAWAH', '2', 2, 0, 0, 1, 10, '2022-11-30 11:20:26'),
	(453, 17, NULL, 'TEMPOH PERMOHONAN', '3 TAHUN', '14', 0, 0, 0, 1, 10, '2022-11-30 11:20:26'),
	(454, 17, NULL, 'TEMPOH PERMOHONAN', '2 TAHUN', '6', 0, 0, 0, 1, 10, '2022-11-30 11:20:26'),
	(455, 17, NULL, 'TEMPOH PERMOHONAN', '1 TAHUN', '2', 2, 0, 0, 1, 10, '2022-11-30 11:20:26'),
	(456, 17, NULL, 'FAKTOR KESIHATAN', 'PEMOHON', '6', 6, 0, 0, 1, 10, '2022-11-30 11:20:26'),
	(457, 17, NULL, 'FAKTOR KESIHATAN', 'PASANGAN', '4', 0, 0, 0, 1, 10, '2022-11-30 11:20:26'),
	(458, 17, NULL, 'FAKTOR KESIHATAN', 'ANAK-ANAK', '4', 0, 0, 0, 1, 10, '2022-11-30 11:20:26'),
	(459, 17, NULL, 'KEPENTINGAN DALAM JAWATAN', '', '10', 0, 1, 0, 1, 10, '2022-11-30 11:20:26'),
	(460, 18, NULL, 'TARAF PERKHIDMATAN', 'Badan Berkanun Negeri', '20', 0, 0, 1, 1, 10, '2022-11-30 12:52:43'),
	(461, 18, NULL, 'TARAF PERKHIDMATAN', 'Badan Berkanun Persekutuan', '10', 0, 0, 1, 1, 10, '2022-11-30 12:52:43'),
	(462, 18, NULL, 'TARAF PERKHIDMATAN', 'Perkhidmatan Awam Negeri', '8', 8, 0, 1, 1, 10, '2022-11-30 12:52:43'),
	(463, 18, NULL, 'TARAF PERKHIDMATAN', 'Perkhidmatan Awam Persekutuan', '6', 0, 0, 1, 1, 10, '2022-11-30 12:52:43'),
	(464, 18, NULL, 'TARAF PERKHIDMATAN', 'Pihak Berkuasa Tempatan', '1', 0, 0, 1, 1, 10, '2022-11-30 12:52:43'),
	(465, 18, NULL, 'TARAF JAWATAN', 'Lantikan Tetap', '10', 10, 0, 1, 1, 10, '2022-11-30 12:52:43'),
	(466, 18, NULL, 'TARAF JAWATAN', 'Lantikan Sementara', '6', 0, 0, 1, 1, 10, '2022-11-30 12:52:43'),
	(467, 18, NULL, 'TARAF JAWATAN', 'Lantikan Kontrak (Contract Of Service)', '8', 0, 0, 1, 1, 10, '2022-11-30 12:52:43'),
	(468, 18, NULL, 'TARAF JAWATAN', 'Lantikan Sangkut', '2', 0, 0, 1, 1, 10, '2022-11-30 12:52:43'),
	(469, 18, NULL, 'TARAF JAWATAN', 'Lantikan Sandaran', '2', 0, 0, 1, 1, 10, '2022-11-30 12:52:43'),
	(470, 18, NULL, 'TARAF JAWATAN', 'Lantikan Khidmat Singkat', '2', 0, 0, 1, 1, 10, '2022-11-30 12:52:43'),
	(471, 18, NULL, 'TARAF JAWATAN', 'Lantikan Sambilan', '2', 0, 0, 1, 1, 10, '2022-11-30 12:52:43'),
	(472, 18, NULL, 'TARAF JAWATAN', 'Lantikan Kontrak (Contract For Service)', '2', 0, 0, 1, 1, 10, '2022-11-30 12:52:43'),
	(473, 18, NULL, 'TARAF JAWATAN', 'Lantikan Sambilan (PRE2)', '2', 0, 0, 1, 1, 10, '2022-11-30 12:52:43'),
	(474, 18, NULL, 'TARAF JAWATAN', 'Lantikan Tetap Dan Tidak Berpencen', '6', 0, 0, 1, 1, 10, '2022-11-30 12:52:43'),
	(475, 18, NULL, 'TARAF JAWATAN', 'Lantikan Pinjaman', '2', 0, 0, 1, 1, 10, '2022-11-30 12:52:43'),
	(476, 18, NULL, 'TARAF JAWATAN', 'Lantikan Dipinjamkan', '2', 0, 0, 1, 1, 10, '2022-11-30 12:52:43'),
	(477, 18, NULL, 'TARAF JAWATAN', 'Lantikan Tambahsentara', '2', 0, 0, 1, 1, 10, '2022-11-30 12:52:44'),
	(478, 18, NULL, 'TARAF JAWATAN', 'Lantikan Berasaskan Caruman (KWSP)', '2', 0, 0, 1, 1, 10, '2022-11-30 12:52:44'),
	(479, 18, NULL, 'TARAF JAWATAN', 'Lantikan Berelaun', '2', 0, 0, 1, 1, 10, '2022-11-30 12:52:44'),
	(480, 18, NULL, 'TARAF PERKAHWINAN', 'BERKAHWIN', '10', 0, 0, 1, 1, 10, '2022-11-30 12:52:44'),
	(481, 18, NULL, 'TARAF PERKAHWINAN', 'JANDA', '8', 0, 0, 1, 1, 10, '2022-11-30 12:52:44'),
	(482, 18, NULL, 'TARAF PERKAHWINAN', 'DUDA', '6', 0, 0, 1, 1, 10, '2022-11-30 12:52:44'),
	(483, 18, NULL, 'TARAF PERKAHWINAN', 'BELUM BERKAHWIN', '4', 4, 0, 1, 1, 10, '2022-11-30 12:52:44'),
	(484, 18, NULL, 'TARAF PERKAHWINAN', 'BALU', '8', 0, 0, 1, 1, 10, '2022-11-30 12:52:44'),
	(485, 18, NULL, 'TARAF PERKAHWINAN', 'TIADA MAKLUMAT', '0', 0, 0, 1, 1, 10, '2022-11-30 12:52:44'),
	(486, 18, NULL, 'TEMPOH PERKHIDMATAN', '61 TAHUN DAN KE ATAS', '10', 0, 0, 0, 1, 10, '2022-11-30 12:52:44'),
	(487, 18, NULL, 'TEMPOH PERKHIDMATAN', '41 TAHUN -60 TAHUN', '8', 0, 0, 0, 1, 10, '2022-11-30 12:52:44'),
	(488, 18, NULL, 'TEMPOH PERKHIDMATAN', '11 TAHUN -40 TAHUN', '6', 6, 0, 0, 1, 10, '2022-11-30 12:52:44'),
	(489, 18, NULL, 'TEMPOH PERKHIDMATAN', '1 TAHUN -10 TAHUN', '4', 0, 0, 0, 1, 10, '2022-11-30 12:52:44'),
	(490, 18, NULL, 'BILANGAN ANAK', '6 ORANG', '10', 0, 0, 0, 1, 10, '2022-11-30 12:52:44'),
	(491, 18, NULL, 'BILANGAN ANAK', '5 ORANG', '8', 0, 0, 0, 1, 10, '2022-11-30 12:52:44'),
	(492, 18, NULL, 'BILANGAN ANAK', '4 ORANG', '6', 0, 0, 0, 1, 10, '2022-11-30 12:52:44'),
	(493, 18, NULL, 'BILANGAN ANAK', '3 ORANG', '4', 0, 0, 0, 1, 10, '2022-11-30 12:52:44'),
	(494, 18, NULL, 'BILANGAN ANAK', '2 ORANG', '3', 0, 0, 0, 1, 10, '2022-11-30 12:52:44'),
	(495, 18, NULL, 'BILANGAN ANAK', '1 ORANG', '2', 0, 0, 0, 1, 10, '2022-11-30 12:52:44'),
	(496, 18, NULL, 'JUMLAH PENDAPATAN ISI RUMAH', 'RM 100,001.00 DAN KE ATAS', '2', 0, 0, 0, 1, 10, '2022-11-30 12:52:44'),
	(497, 18, NULL, 'JUMLAH PENDAPATAN ISI RUMAH', 'RM 5,001.00 - RM 10,000.00', '4', 0, 0, 0, 1, 10, '2022-11-30 12:52:44'),
	(498, 18, NULL, 'JUMLAH PENDAPATAN ISI RUMAH', 'RM 2,001.00 - RM 5,000.00', '6', 0, 0, 0, 1, 10, '2022-11-30 12:52:44'),
	(499, 18, NULL, 'JUMLAH PENDAPATAN ISI RUMAH', 'RM 2,000.00 DAN KE BAWAH', '8', 8, 0, 0, 1, 10, '2022-11-30 12:52:44'),
	(500, 18, NULL, 'JARAK TEMPAT TINGGAL SEMASA DENGAN TEMPAT BERTUGAS', '60 KM DAN KE ATAS', '8', 0, 0, 0, 1, 10, '2022-11-30 12:52:44'),
	(501, 18, NULL, 'JARAK TEMPAT TINGGAL SEMASA DENGAN TEMPAT BERTUGAS', '50 KM -59 KM', '6', 0, 0, 0, 1, 10, '2022-11-30 12:52:44'),
	(502, 18, NULL, 'JARAK TEMPAT TINGGAL SEMASA DENGAN TEMPAT BERTUGAS', '21 KM -49 KM', '4', 0, 0, 0, 1, 10, '2022-11-30 12:52:44'),
	(503, 18, NULL, 'JARAK TEMPAT TINGGAL SEMASA DENGAN TEMPAT BERTUGAS', '20 KM DAN KE BAWAH', '2', 2, 0, 0, 1, 10, '2022-11-30 12:52:44'),
	(504, 18, NULL, 'TEMPOH PERMOHONAN', '3 TAHUN', '14', 0, 0, 0, 1, 10, '2022-11-30 12:52:44'),
	(505, 18, NULL, 'TEMPOH PERMOHONAN', '2 TAHUN', '6', 0, 0, 0, 1, 10, '2022-11-30 12:52:44'),
	(506, 18, NULL, 'TEMPOH PERMOHONAN', '1 TAHUN', '2', 2, 0, 0, 1, 10, '2022-11-30 12:52:44'),
	(507, 18, NULL, 'FAKTOR KESIHATAN', 'PEMOHON', '6', 6, 0, 0, 1, 10, '2022-11-30 12:52:44'),
	(508, 18, NULL, 'FAKTOR KESIHATAN', 'PASANGAN', '4', 0, 0, 0, 1, 10, '2022-11-30 12:52:44'),
	(509, 18, NULL, 'FAKTOR KESIHATAN', 'ANAK-ANAK', '4', 0, 0, 0, 1, 10, '2022-11-30 12:52:44'),
	(510, 18, NULL, 'KEPENTINGAN DALAM JAWATAN', '', '10', 8, 1, 0, 1, 10, '2022-11-30 12:52:44'),
	(511, 20, NULL, 'TARAF PERKHIDMATAN', 'Badan Berkanun Negeri', '20', 0, 0, 1, 1, 10, '2022-11-30 12:52:46'),
	(512, 20, NULL, 'TARAF PERKHIDMATAN', 'Badan Berkanun Persekutuan', '10', 0, 0, 1, 1, 10, '2022-11-30 12:52:46'),
	(513, 20, NULL, 'TARAF PERKHIDMATAN', 'Perkhidmatan Awam Negeri', '8', 8, 0, 1, 1, 10, '2022-11-30 12:52:46'),
	(514, 20, NULL, 'TARAF PERKHIDMATAN', 'Perkhidmatan Awam Persekutuan', '6', 0, 0, 1, 1, 10, '2022-11-30 12:52:46'),
	(515, 20, NULL, 'TARAF PERKHIDMATAN', 'Pihak Berkuasa Tempatan', '1', 0, 0, 1, 1, 10, '2022-11-30 12:52:46'),
	(516, 20, NULL, 'TARAF JAWATAN', 'Lantikan Tetap', '10', 10, 0, 1, 1, 10, '2022-11-30 12:52:46'),
	(517, 20, NULL, 'TARAF JAWATAN', 'Lantikan Sementara', '6', 0, 0, 1, 1, 10, '2022-11-30 12:52:46'),
	(518, 20, NULL, 'TARAF JAWATAN', 'Lantikan Kontrak (Contract Of Service)', '8', 0, 0, 1, 1, 10, '2022-11-30 12:52:46'),
	(519, 20, NULL, 'TARAF JAWATAN', 'Lantikan Sangkut', '2', 0, 0, 1, 1, 10, '2022-11-30 12:52:46'),
	(520, 20, NULL, 'TARAF JAWATAN', 'Lantikan Sandaran', '2', 0, 0, 1, 1, 10, '2022-11-30 12:52:46'),
	(521, 20, NULL, 'TARAF JAWATAN', 'Lantikan Khidmat Singkat', '2', 0, 0, 1, 1, 10, '2022-11-30 12:52:46'),
	(522, 20, NULL, 'TARAF JAWATAN', 'Lantikan Sambilan', '2', 0, 0, 1, 1, 10, '2022-11-30 12:52:46'),
	(523, 20, NULL, 'TARAF JAWATAN', 'Lantikan Kontrak (Contract For Service)', '2', 0, 0, 1, 1, 10, '2022-11-30 12:52:46'),
	(524, 20, NULL, 'TARAF JAWATAN', 'Lantikan Sambilan (PRE2)', '2', 0, 0, 1, 1, 10, '2022-11-30 12:52:46'),
	(525, 20, NULL, 'TARAF JAWATAN', 'Lantikan Tetap Dan Tidak Berpencen', '6', 0, 0, 1, 1, 10, '2022-11-30 12:52:46'),
	(526, 20, NULL, 'TARAF JAWATAN', 'Lantikan Pinjaman', '2', 0, 0, 1, 1, 10, '2022-11-30 12:52:46'),
	(527, 20, NULL, 'TARAF JAWATAN', 'Lantikan Dipinjamkan', '2', 0, 0, 1, 1, 10, '2022-11-30 12:52:46'),
	(528, 20, NULL, 'TARAF JAWATAN', 'Lantikan Tambahsentara', '2', 0, 0, 1, 1, 10, '2022-11-30 12:52:46'),
	(529, 20, NULL, 'TARAF JAWATAN', 'Lantikan Berasaskan Caruman (KWSP)', '2', 0, 0, 1, 1, 10, '2022-11-30 12:52:46'),
	(530, 20, NULL, 'TARAF JAWATAN', 'Lantikan Berelaun', '2', 0, 0, 1, 1, 10, '2022-11-30 12:52:46'),
	(531, 20, NULL, 'TARAF PERKAHWINAN', 'BERKAHWIN', '10', 0, 0, 1, 1, 10, '2022-11-30 12:52:46'),
	(532, 20, NULL, 'TARAF PERKAHWINAN', 'JANDA', '8', 0, 0, 1, 1, 10, '2022-11-30 12:52:46'),
	(533, 20, NULL, 'TARAF PERKAHWINAN', 'DUDA', '6', 0, 0, 1, 1, 10, '2022-11-30 12:52:46'),
	(534, 20, NULL, 'TARAF PERKAHWINAN', 'BELUM BERKAHWIN', '4', 4, 0, 1, 1, 10, '2022-11-30 12:52:46'),
	(535, 20, NULL, 'TARAF PERKAHWINAN', 'BALU', '8', 0, 0, 1, 1, 10, '2022-11-30 12:52:46'),
	(536, 20, NULL, 'TARAF PERKAHWINAN', 'TIADA MAKLUMAT', '0', 0, 0, 1, 1, 10, '2022-11-30 12:52:46'),
	(537, 20, NULL, 'TEMPOH PERKHIDMATAN', '61 TAHUN DAN KE ATAS', '10', 0, 0, 0, 1, 10, '2022-11-30 12:52:46'),
	(538, 20, NULL, 'TEMPOH PERKHIDMATAN', '41 TAHUN -60 TAHUN', '8', 0, 0, 0, 1, 10, '2022-11-30 12:52:46'),
	(539, 20, NULL, 'TEMPOH PERKHIDMATAN', '11 TAHUN -40 TAHUN', '6', 6, 0, 0, 1, 10, '2022-11-30 12:52:46'),
	(540, 20, NULL, 'TEMPOH PERKHIDMATAN', '1 TAHUN -10 TAHUN', '4', 0, 0, 0, 1, 10, '2022-11-30 12:52:46'),
	(541, 20, NULL, 'BILANGAN ANAK', '6 ORANG', '10', 0, 0, 0, 1, 10, '2022-11-30 12:52:46'),
	(542, 20, NULL, 'BILANGAN ANAK', '5 ORANG', '8', 0, 0, 0, 1, 10, '2022-11-30 12:52:46'),
	(543, 20, NULL, 'BILANGAN ANAK', '4 ORANG', '6', 0, 0, 0, 1, 10, '2022-11-30 12:52:46'),
	(544, 20, NULL, 'BILANGAN ANAK', '3 ORANG', '4', 0, 0, 0, 1, 10, '2022-11-30 12:52:46'),
	(545, 20, NULL, 'BILANGAN ANAK', '2 ORANG', '3', 0, 0, 0, 1, 10, '2022-11-30 12:52:46'),
	(546, 20, NULL, 'BILANGAN ANAK', '1 ORANG', '2', 0, 0, 0, 1, 10, '2022-11-30 12:52:46'),
	(547, 20, NULL, 'JUMLAH PENDAPATAN ISI RUMAH', 'RM 100,001.00 DAN KE ATAS', '2', 0, 0, 0, 1, 10, '2022-11-30 12:52:46'),
	(548, 20, NULL, 'JUMLAH PENDAPATAN ISI RUMAH', 'RM 5,001.00 - RM 10,000.00', '4', 0, 0, 0, 1, 10, '2022-11-30 12:52:46'),
	(549, 20, NULL, 'JUMLAH PENDAPATAN ISI RUMAH', 'RM 2,001.00 - RM 5,000.00', '6', 0, 0, 0, 1, 10, '2022-11-30 12:52:46'),
	(550, 20, NULL, 'JUMLAH PENDAPATAN ISI RUMAH', 'RM 2,000.00 DAN KE BAWAH', '8', 8, 0, 0, 1, 10, '2022-11-30 12:52:46'),
	(551, 20, NULL, 'JARAK TEMPAT TINGGAL SEMASA DENGAN TEMPAT BERTUGAS', '60 KM DAN KE ATAS', '8', 0, 0, 0, 1, 10, '2022-11-30 12:52:46'),
	(552, 20, NULL, 'JARAK TEMPAT TINGGAL SEMASA DENGAN TEMPAT BERTUGAS', '50 KM -59 KM', '6', 0, 0, 0, 1, 10, '2022-11-30 12:52:46'),
	(553, 20, NULL, 'JARAK TEMPAT TINGGAL SEMASA DENGAN TEMPAT BERTUGAS', '21 KM -49 KM', '4', 0, 0, 0, 1, 10, '2022-11-30 12:52:46'),
	(554, 20, NULL, 'JARAK TEMPAT TINGGAL SEMASA DENGAN TEMPAT BERTUGAS', '20 KM DAN KE BAWAH', '2', 2, 0, 0, 1, 10, '2022-11-30 12:52:46'),
	(555, 20, NULL, 'TEMPOH PERMOHONAN', '3 TAHUN', '14', 0, 0, 0, 1, 10, '2022-11-30 12:52:46'),
	(556, 20, NULL, 'TEMPOH PERMOHONAN', '2 TAHUN', '6', 0, 0, 0, 1, 10, '2022-11-30 12:52:46'),
	(557, 20, NULL, 'TEMPOH PERMOHONAN', '1 TAHUN', '2', 2, 0, 0, 1, 10, '2022-11-30 12:52:46'),
	(558, 20, NULL, 'FAKTOR KESIHATAN', 'PEMOHON', '6', 6, 0, 0, 1, 10, '2022-11-30 12:52:46'),
	(559, 20, NULL, 'FAKTOR KESIHATAN', 'PASANGAN', '4', 0, 0, 0, 1, 10, '2022-11-30 12:52:46'),
	(560, 20, NULL, 'FAKTOR KESIHATAN', 'ANAK-ANAK', '4', 0, 0, 0, 1, 10, '2022-11-30 12:52:46'),
	(561, 20, NULL, 'KEPENTINGAN DALAM JAWATAN', '', '10', 0, 1, 0, 1, 10, '2022-11-30 12:52:46'),
	(562, 21, NULL, 'TARAF PERKHIDMATAN', 'Badan Berkanun Negeri', '20', 20, 0, 1, 1, 282, '2022-11-30 12:52:49'),
	(563, 21, NULL, 'TARAF PERKHIDMATAN', 'Badan Berkanun Persekutuan', '10', 0, 0, 1, 1, 282, '2022-11-30 12:52:49'),
	(564, 21, NULL, 'TARAF PERKHIDMATAN', 'Perkhidmatan Awam Negeri', '8', 0, 0, 1, 1, 282, '2022-11-30 12:52:49'),
	(565, 21, NULL, 'TARAF PERKHIDMATAN', 'Perkhidmatan Awam Persekutuan', '6', 0, 0, 1, 1, 282, '2022-11-30 12:52:49'),
	(566, 21, NULL, 'TARAF PERKHIDMATAN', 'Pihak Berkuasa Tempatan', '1', 0, 0, 1, 1, 282, '2022-11-30 12:52:49'),
	(567, 21, NULL, 'TARAF JAWATAN', 'Lantikan Tetap', '10', 10, 0, 1, 1, 282, '2022-11-30 12:52:49'),
	(568, 21, NULL, 'TARAF JAWATAN', 'Lantikan Sementara', '6', 0, 0, 1, 1, 282, '2022-11-30 12:52:49'),
	(569, 21, NULL, 'TARAF JAWATAN', 'Lantikan Kontrak (Contract Of Service)', '8', 0, 0, 1, 1, 282, '2022-11-30 12:52:49'),
	(570, 21, NULL, 'TARAF JAWATAN', 'Lantikan Sangkut', '2', 0, 0, 1, 1, 282, '2022-11-30 12:52:49'),
	(571, 21, NULL, 'TARAF JAWATAN', 'Lantikan Sandaran', '2', 0, 0, 1, 1, 282, '2022-11-30 12:52:49'),
	(572, 21, NULL, 'TARAF JAWATAN', 'Lantikan Khidmat Singkat', '2', 0, 0, 1, 1, 282, '2022-11-30 12:52:49'),
	(573, 21, NULL, 'TARAF JAWATAN', 'Lantikan Sambilan', '2', 0, 0, 1, 1, 282, '2022-11-30 12:52:49'),
	(574, 21, NULL, 'TARAF JAWATAN', 'Lantikan Kontrak (Contract For Service)', '2', 0, 0, 1, 1, 282, '2022-11-30 12:52:49'),
	(575, 21, NULL, 'TARAF JAWATAN', 'Lantikan Sambilan (PRE2)', '2', 0, 0, 1, 1, 282, '2022-11-30 12:52:49'),
	(576, 21, NULL, 'TARAF JAWATAN', 'Lantikan Tetap Dan Tidak Berpencen', '6', 0, 0, 1, 1, 282, '2022-11-30 12:52:49'),
	(577, 21, NULL, 'TARAF JAWATAN', 'Lantikan Pinjaman', '2', 0, 0, 1, 1, 282, '2022-11-30 12:52:49'),
	(578, 21, NULL, 'TARAF JAWATAN', 'Lantikan Dipinjamkan', '2', 0, 0, 1, 1, 282, '2022-11-30 12:52:49'),
	(579, 21, NULL, 'TARAF JAWATAN', 'Lantikan Tambahsentara', '2', 0, 0, 1, 1, 282, '2022-11-30 12:52:49'),
	(580, 21, NULL, 'TARAF JAWATAN', 'Lantikan Berasaskan Caruman (KWSP)', '2', 0, 0, 1, 1, 282, '2022-11-30 12:52:49'),
	(581, 21, NULL, 'TARAF JAWATAN', 'Lantikan Berelaun', '2', 0, 0, 1, 1, 282, '2022-11-30 12:52:49'),
	(582, 21, NULL, 'TARAF PERKAHWINAN', 'BERKAHWIN', '10', 0, 0, 1, 1, 282, '2022-11-30 12:52:49'),
	(583, 21, NULL, 'TARAF PERKAHWINAN', 'JANDA', '8', 0, 0, 1, 1, 282, '2022-11-30 12:52:49'),
	(584, 21, NULL, 'TARAF PERKAHWINAN', 'DUDA', '6', 0, 0, 1, 1, 282, '2022-11-30 12:52:49'),
	(585, 21, NULL, 'TARAF PERKAHWINAN', 'BELUM BERKAHWIN', '4', 4, 0, 1, 1, 282, '2022-11-30 12:52:49'),
	(586, 21, NULL, 'TARAF PERKAHWINAN', 'BALU', '8', 0, 0, 1, 1, 282, '2022-11-30 12:52:49'),
	(587, 21, NULL, 'TARAF PERKAHWINAN', 'TIADA MAKLUMAT', '0', 0, 0, 1, 1, 282, '2022-11-30 12:52:49'),
	(588, 21, NULL, 'TEMPOH PERKHIDMATAN', '61 TAHUN DAN KE ATAS', '10', 0, 0, 0, 1, 282, '2022-11-30 12:52:49'),
	(589, 21, NULL, 'TEMPOH PERKHIDMATAN', '41 TAHUN -60 TAHUN', '8', 0, 0, 0, 1, 282, '2022-11-30 12:52:49'),
	(590, 21, NULL, 'TEMPOH PERKHIDMATAN', '11 TAHUN -40 TAHUN', '6', 6, 0, 0, 1, 282, '2022-11-30 12:52:49'),
	(591, 21, NULL, 'TEMPOH PERKHIDMATAN', '1 TAHUN -10 TAHUN', '4', 0, 0, 0, 1, 282, '2022-11-30 12:52:49'),
	(592, 21, NULL, 'BILANGAN ANAK', '6 ORANG', '10', 0, 0, 0, 1, 282, '2022-11-30 12:52:49'),
	(593, 21, NULL, 'BILANGAN ANAK', '5 ORANG', '8', 0, 0, 0, 1, 282, '2022-11-30 12:52:49'),
	(594, 21, NULL, 'BILANGAN ANAK', '4 ORANG', '6', 0, 0, 0, 1, 282, '2022-11-30 12:52:49'),
	(595, 21, NULL, 'BILANGAN ANAK', '3 ORANG', '4', 0, 0, 0, 1, 282, '2022-11-30 12:52:49'),
	(596, 21, NULL, 'BILANGAN ANAK', '2 ORANG', '3', 0, 0, 0, 1, 282, '2022-11-30 12:52:49'),
	(597, 21, NULL, 'BILANGAN ANAK', '1 ORANG', '2', 0, 0, 0, 1, 282, '2022-11-30 12:52:49'),
	(598, 21, NULL, 'JUMLAH PENDAPATAN ISI RUMAH', 'RM 100,001.00 DAN KE ATAS', '2', 0, 0, 0, 1, 282, '2022-11-30 12:52:49'),
	(599, 21, NULL, 'JUMLAH PENDAPATAN ISI RUMAH', 'RM 5,001.00 - RM 10,000.00', '4', 0, 0, 0, 1, 282, '2022-11-30 12:52:49'),
	(600, 21, NULL, 'JUMLAH PENDAPATAN ISI RUMAH', 'RM 2,001.00 - RM 5,000.00', '6', 0, 0, 0, 1, 282, '2022-11-30 12:52:49'),
	(601, 21, NULL, 'JUMLAH PENDAPATAN ISI RUMAH', 'RM 2,000.00 DAN KE BAWAH', '8', 8, 0, 0, 1, 282, '2022-11-30 12:52:49'),
	(602, 21, NULL, 'JARAK TEMPAT TINGGAL SEMASA DENGAN TEMPAT BERTUGAS', '60 KM DAN KE ATAS', '8', 0, 0, 0, 1, 282, '2022-11-30 12:52:49'),
	(603, 21, NULL, 'JARAK TEMPAT TINGGAL SEMASA DENGAN TEMPAT BERTUGAS', '50 KM -59 KM', '6', 0, 0, 0, 1, 282, '2022-11-30 12:52:49'),
	(604, 21, NULL, 'JARAK TEMPAT TINGGAL SEMASA DENGAN TEMPAT BERTUGAS', '21 KM -49 KM', '4', 0, 0, 0, 1, 282, '2022-11-30 12:52:49'),
	(605, 21, NULL, 'JARAK TEMPAT TINGGAL SEMASA DENGAN TEMPAT BERTUGAS', '20 KM DAN KE BAWAH', '2', 2, 0, 0, 1, 282, '2022-11-30 12:52:49'),
	(606, 21, NULL, 'TEMPOH PERMOHONAN', '3 TAHUN', '14', 0, 0, 0, 1, 282, '2022-11-30 12:52:49'),
	(607, 21, NULL, 'TEMPOH PERMOHONAN', '2 TAHUN', '6', 0, 0, 0, 1, 282, '2022-11-30 12:52:49'),
	(608, 21, NULL, 'TEMPOH PERMOHONAN', '1 TAHUN', '2', 2, 0, 0, 1, 282, '2022-11-30 12:52:49'),
	(609, 21, NULL, 'FAKTOR KESIHATAN', 'PEMOHON', '6', 0, 0, 0, 1, 282, '2022-11-30 12:52:49'),
	(610, 21, NULL, 'FAKTOR KESIHATAN', 'PASANGAN', '4', 0, 0, 0, 1, 282, '2022-11-30 12:52:49'),
	(611, 21, NULL, 'FAKTOR KESIHATAN', 'ANAK-ANAK', '4', 0, 0, 0, 1, 282, '2022-11-30 12:52:49'),
	(612, 21, NULL, 'KEPENTINGAN DALAM JAWATAN', '', '10', 0, 1, 0, 1, 282, '2022-11-30 12:52:49'),
	(613, 19, NULL, 'TARAF PERKHIDMATAN', 'Badan Berkanun Negeri', '20', 0, 0, 1, 1, 279, '2022-11-30 13:02:44'),
	(614, 19, NULL, 'TARAF PERKHIDMATAN', 'Badan Berkanun Persekutuan', '10', 0, 0, 1, 1, 279, '2022-11-30 13:02:44'),
	(615, 19, NULL, 'TARAF PERKHIDMATAN', 'Perkhidmatan Awam Negeri', '8', 8, 0, 1, 1, 279, '2022-11-30 13:02:44'),
	(616, 19, NULL, 'TARAF PERKHIDMATAN', 'Perkhidmatan Awam Persekutuan', '6', 0, 0, 1, 1, 279, '2022-11-30 13:02:44'),
	(617, 19, NULL, 'TARAF PERKHIDMATAN', 'Pihak Berkuasa Tempatan', '1', 0, 0, 1, 1, 279, '2022-11-30 13:02:44'),
	(618, 19, NULL, 'TARAF JAWATAN', 'Lantikan Tetap', '10', 10, 0, 1, 1, 279, '2022-11-30 13:02:44'),
	(619, 19, NULL, 'TARAF JAWATAN', 'Lantikan Sementara', '6', 0, 0, 1, 1, 279, '2022-11-30 13:02:44'),
	(620, 19, NULL, 'TARAF JAWATAN', 'Lantikan Kontrak (Contract Of Service)', '8', 0, 0, 1, 1, 279, '2022-11-30 13:02:44'),
	(621, 19, NULL, 'TARAF JAWATAN', 'Lantikan Sangkut', '2', 0, 0, 1, 1, 279, '2022-11-30 13:02:44'),
	(622, 19, NULL, 'TARAF JAWATAN', 'Lantikan Sandaran', '2', 0, 0, 1, 1, 279, '2022-11-30 13:02:44'),
	(623, 19, NULL, 'TARAF JAWATAN', 'Lantikan Khidmat Singkat', '2', 0, 0, 1, 1, 279, '2022-11-30 13:02:44'),
	(624, 19, NULL, 'TARAF JAWATAN', 'Lantikan Sambilan', '2', 0, 0, 1, 1, 279, '2022-11-30 13:02:44'),
	(625, 19, NULL, 'TARAF JAWATAN', 'Lantikan Kontrak (Contract For Service)', '2', 0, 0, 1, 1, 279, '2022-11-30 13:02:44'),
	(626, 19, NULL, 'TARAF JAWATAN', 'Lantikan Sambilan (PRE2)', '2', 0, 0, 1, 1, 279, '2022-11-30 13:02:44'),
	(627, 19, NULL, 'TARAF JAWATAN', 'Lantikan Tetap Dan Tidak Berpencen', '6', 0, 0, 1, 1, 279, '2022-11-30 13:02:44'),
	(628, 19, NULL, 'TARAF JAWATAN', 'Lantikan Pinjaman', '2', 0, 0, 1, 1, 279, '2022-11-30 13:02:44'),
	(629, 19, NULL, 'TARAF JAWATAN', 'Lantikan Dipinjamkan', '2', 0, 0, 1, 1, 279, '2022-11-30 13:02:44'),
	(630, 19, NULL, 'TARAF JAWATAN', 'Lantikan Tambahsentara', '2', 0, 0, 1, 1, 279, '2022-11-30 13:02:44'),
	(631, 19, NULL, 'TARAF JAWATAN', 'Lantikan Berasaskan Caruman (KWSP)', '2', 0, 0, 1, 1, 279, '2022-11-30 13:02:44'),
	(632, 19, NULL, 'TARAF JAWATAN', 'Lantikan Berelaun', '2', 0, 0, 1, 1, 279, '2022-11-30 13:02:44'),
	(633, 19, NULL, 'TARAF PERKAHWINAN', 'BERKAHWIN', '10', 10, 0, 1, 1, 279, '2022-11-30 13:02:44'),
	(634, 19, NULL, 'TARAF PERKAHWINAN', 'JANDA', '8', 0, 0, 1, 1, 279, '2022-11-30 13:02:44'),
	(635, 19, NULL, 'TARAF PERKAHWINAN', 'DUDA', '6', 0, 0, 1, 1, 279, '2022-11-30 13:02:44'),
	(636, 19, NULL, 'TARAF PERKAHWINAN', 'BELUM BERKAHWIN', '4', 0, 0, 1, 1, 279, '2022-11-30 13:02:44'),
	(637, 19, NULL, 'TARAF PERKAHWINAN', 'BALU', '8', 0, 0, 1, 1, 279, '2022-11-30 13:02:44'),
	(638, 19, NULL, 'TARAF PERKAHWINAN', 'TIADA MAKLUMAT', '0', 0, 0, 1, 1, 279, '2022-11-30 13:02:44'),
	(639, 19, NULL, 'TEMPOH PERKHIDMATAN', '61 TAHUN DAN KE ATAS', '10', 0, 0, 0, 1, 279, '2022-11-30 13:02:44'),
	(640, 19, NULL, 'TEMPOH PERKHIDMATAN', '41 TAHUN -60 TAHUN', '8', 0, 0, 0, 1, 279, '2022-11-30 13:02:44'),
	(641, 19, NULL, 'TEMPOH PERKHIDMATAN', '11 TAHUN -40 TAHUN', '6', 0, 0, 0, 1, 279, '2022-11-30 13:02:44'),
	(642, 19, NULL, 'TEMPOH PERKHIDMATAN', '1 TAHUN -10 TAHUN', '4', 4, 0, 0, 1, 279, '2022-11-30 13:02:44'),
	(643, 19, NULL, 'BILANGAN ANAK', '6 ORANG', '10', 0, 0, 0, 1, 279, '2022-11-30 13:02:44'),
	(644, 19, NULL, 'BILANGAN ANAK', '5 ORANG', '8', 0, 0, 0, 1, 279, '2022-11-30 13:02:44'),
	(645, 19, NULL, 'BILANGAN ANAK', '4 ORANG', '6', 0, 0, 0, 1, 279, '2022-11-30 13:02:44'),
	(646, 19, NULL, 'BILANGAN ANAK', '3 ORANG', '4', 0, 0, 0, 1, 279, '2022-11-30 13:02:44'),
	(647, 19, NULL, 'BILANGAN ANAK', '2 ORANG', '3', 0, 0, 0, 1, 279, '2022-11-30 13:02:44'),
	(648, 19, NULL, 'BILANGAN ANAK', '1 ORANG', '2', 0, 0, 0, 1, 279, '2022-11-30 13:02:44'),
	(649, 19, NULL, 'JUMLAH PENDAPATAN ISI RUMAH', 'RM 100,001.00 DAN KE ATAS', '2', 0, 0, 0, 1, 279, '2022-11-30 13:02:44'),
	(650, 19, NULL, 'JUMLAH PENDAPATAN ISI RUMAH', 'RM 5,001.00 - RM 10,000.00', '4', 0, 0, 0, 1, 279, '2022-11-30 13:02:44'),
	(651, 19, NULL, 'JUMLAH PENDAPATAN ISI RUMAH', 'RM 2,001.00 - RM 5,000.00', '6', 0, 0, 0, 1, 279, '2022-11-30 13:02:44'),
	(652, 19, NULL, 'JUMLAH PENDAPATAN ISI RUMAH', 'RM 2,000.00 DAN KE BAWAH', '8', 0, 0, 0, 1, 279, '2022-11-30 13:02:44'),
	(653, 19, NULL, 'JARAK TEMPAT TINGGAL SEMASA DENGAN TEMPAT BERTUGAS', '60 KM DAN KE ATAS', '8', 0, 0, 0, 1, 279, '2022-11-30 13:02:44'),
	(654, 19, NULL, 'JARAK TEMPAT TINGGAL SEMASA DENGAN TEMPAT BERTUGAS', '50 KM -59 KM', '6', 0, 0, 0, 1, 279, '2022-11-30 13:02:44'),
	(655, 19, NULL, 'JARAK TEMPAT TINGGAL SEMASA DENGAN TEMPAT BERTUGAS', '21 KM -49 KM', '4', 0, 0, 0, 1, 279, '2022-11-30 13:02:44'),
	(656, 19, NULL, 'JARAK TEMPAT TINGGAL SEMASA DENGAN TEMPAT BERTUGAS', '20 KM DAN KE BAWAH', '2', 2, 0, 0, 1, 279, '2022-11-30 13:02:44'),
	(657, 19, NULL, 'TEMPOH PERMOHONAN', '3 TAHUN', '14', 0, 0, 0, 1, 279, '2022-11-30 13:02:44'),
	(658, 19, NULL, 'TEMPOH PERMOHONAN', '2 TAHUN', '6', 0, 0, 0, 1, 279, '2022-11-30 13:02:44'),
	(659, 19, NULL, 'TEMPOH PERMOHONAN', '1 TAHUN', '2', 2, 0, 0, 1, 279, '2022-11-30 13:02:44'),
	(660, 19, NULL, 'FAKTOR KESIHATAN', 'PEMOHON', '6', 6, 0, 0, 1, 279, '2022-11-30 13:02:44'),
	(661, 19, NULL, 'FAKTOR KESIHATAN', 'PASANGAN', '4', 0, 0, 0, 1, 279, '2022-11-30 13:02:44'),
	(662, 19, NULL, 'FAKTOR KESIHATAN', 'ANAK-ANAK', '4', 0, 0, 0, 1, 279, '2022-11-30 13:02:44'),
	(663, 19, NULL, 'KEPENTINGAN DALAM JAWATAN', '', '10', 8, 1, 0, 1, 279, '2022-11-30 13:02:44'),
	(664, 23, NULL, 'TARAF PERKHIDMATAN', 'Badan Berkanun Negeri', '20', 0, 0, 1, 1, 279, '2022-11-30 15:17:02'),
	(665, 23, NULL, 'TARAF PERKHIDMATAN', 'Badan Berkanun Persekutuan', '10', 0, 0, 1, 1, 279, '2022-11-30 15:17:02'),
	(666, 23, NULL, 'TARAF PERKHIDMATAN', 'Perkhidmatan Awam Negeri', '8', 8, 0, 1, 1, 279, '2022-11-30 15:17:02'),
	(667, 23, NULL, 'TARAF PERKHIDMATAN', 'Perkhidmatan Awam Persekutuan', '6', 0, 0, 1, 1, 279, '2022-11-30 15:17:02'),
	(668, 23, NULL, 'TARAF PERKHIDMATAN', 'Pihak Berkuasa Tempatan', '1', 0, 0, 1, 1, 279, '2022-11-30 15:17:02'),
	(669, 23, NULL, 'TARAF JAWATAN', 'Lantikan Tetap', '10', 10, 0, 1, 1, 279, '2022-11-30 15:17:02'),
	(670, 23, NULL, 'TARAF JAWATAN', 'Lantikan Sementara', '6', 0, 0, 1, 1, 279, '2022-11-30 15:17:02'),
	(671, 23, NULL, 'TARAF JAWATAN', 'Lantikan Kontrak (Contract Of Service)', '8', 0, 0, 1, 1, 279, '2022-11-30 15:17:02'),
	(672, 23, NULL, 'TARAF JAWATAN', 'Lantikan Sangkut', '2', 0, 0, 1, 1, 279, '2022-11-30 15:17:02'),
	(673, 23, NULL, 'TARAF JAWATAN', 'Lantikan Sandaran', '2', 0, 0, 1, 1, 279, '2022-11-30 15:17:02'),
	(674, 23, NULL, 'TARAF JAWATAN', 'Lantikan Khidmat Singkat', '2', 0, 0, 1, 1, 279, '2022-11-30 15:17:02'),
	(675, 23, NULL, 'TARAF JAWATAN', 'Lantikan Sambilan', '2', 0, 0, 1, 1, 279, '2022-11-30 15:17:02'),
	(676, 23, NULL, 'TARAF JAWATAN', 'Lantikan Kontrak (Contract For Service)', '2', 0, 0, 1, 1, 279, '2022-11-30 15:17:02'),
	(677, 23, NULL, 'TARAF JAWATAN', 'Lantikan Sambilan (PRE2)', '2', 0, 0, 1, 1, 279, '2022-11-30 15:17:02'),
	(678, 23, NULL, 'TARAF JAWATAN', 'Lantikan Tetap Dan Tidak Berpencen', '6', 0, 0, 1, 1, 279, '2022-11-30 15:17:02'),
	(679, 23, NULL, 'TARAF JAWATAN', 'Lantikan Pinjaman', '2', 0, 0, 1, 1, 279, '2022-11-30 15:17:02'),
	(680, 23, NULL, 'TARAF JAWATAN', 'Lantikan Dipinjamkan', '2', 0, 0, 1, 1, 279, '2022-11-30 15:17:02'),
	(681, 23, NULL, 'TARAF JAWATAN', 'Lantikan Tambahsentara', '2', 0, 0, 1, 1, 279, '2022-11-30 15:17:02'),
	(682, 23, NULL, 'TARAF JAWATAN', 'Lantikan Berasaskan Caruman (KWSP)', '2', 0, 0, 1, 1, 279, '2022-11-30 15:17:02'),
	(683, 23, NULL, 'TARAF JAWATAN', 'Lantikan Berelaun', '2', 0, 0, 1, 1, 279, '2022-11-30 15:17:02'),
	(684, 23, NULL, 'TARAF PERKAHWINAN', 'BERKAHWIN', '10', 10, 0, 1, 1, 279, '2022-11-30 15:17:02'),
	(685, 23, NULL, 'TARAF PERKAHWINAN', 'JANDA', '8', 0, 0, 1, 1, 279, '2022-11-30 15:17:02'),
	(686, 23, NULL, 'TARAF PERKAHWINAN', 'DUDA', '6', 0, 0, 1, 1, 279, '2022-11-30 15:17:02'),
	(687, 23, NULL, 'TARAF PERKAHWINAN', 'BELUM BERKAHWIN', '4', 0, 0, 1, 1, 279, '2022-11-30 15:17:02'),
	(688, 23, NULL, 'TARAF PERKAHWINAN', 'BALU', '8', 0, 0, 1, 1, 279, '2022-11-30 15:17:02'),
	(689, 23, NULL, 'TARAF PERKAHWINAN', 'TIADA MAKLUMAT', '0', 0, 0, 1, 1, 279, '2022-11-30 15:17:02'),
	(690, 23, NULL, 'TEMPOH PERKHIDMATAN', '61 TAHUN DAN KE ATAS', '10', 0, 0, 0, 1, 279, '2022-11-30 15:17:02'),
	(691, 23, NULL, 'TEMPOH PERKHIDMATAN', '41 TAHUN -60 TAHUN', '8', 0, 0, 0, 1, 279, '2022-11-30 15:17:02'),
	(692, 23, NULL, 'TEMPOH PERKHIDMATAN', '11 TAHUN -40 TAHUN', '6', 6, 0, 0, 1, 279, '2022-11-30 15:17:02'),
	(693, 23, NULL, 'TEMPOH PERKHIDMATAN', '1 TAHUN -10 TAHUN', '4', 0, 0, 0, 1, 279, '2022-11-30 15:17:02'),
	(694, 23, NULL, 'BILANGAN ANAK', '6 ORANG', '10', 0, 0, 0, 1, 279, '2022-11-30 15:17:02'),
	(695, 23, NULL, 'BILANGAN ANAK', '5 ORANG', '8', 0, 0, 0, 1, 279, '2022-11-30 15:17:02'),
	(696, 23, NULL, 'BILANGAN ANAK', '4 ORANG', '6', 0, 0, 0, 1, 279, '2022-11-30 15:17:02'),
	(697, 23, NULL, 'BILANGAN ANAK', '3 ORANG', '4', 0, 0, 0, 1, 279, '2022-11-30 15:17:02'),
	(698, 23, NULL, 'BILANGAN ANAK', '2 ORANG', '3', 0, 0, 0, 1, 279, '2022-11-30 15:17:03'),
	(699, 23, NULL, 'BILANGAN ANAK', '1 ORANG', '2', 2, 0, 0, 1, 279, '2022-11-30 15:17:03'),
	(700, 23, NULL, 'JUMLAH PENDAPATAN ISI RUMAH', 'RM 100,001.00 DAN KE ATAS', '2', 0, 0, 0, 1, 279, '2022-11-30 15:17:03'),
	(701, 23, NULL, 'JUMLAH PENDAPATAN ISI RUMAH', 'RM 5,001.00 - RM 10,000.00', '4', 0, 0, 0, 1, 279, '2022-11-30 15:17:03'),
	(702, 23, NULL, 'JUMLAH PENDAPATAN ISI RUMAH', 'RM 2,001.00 - RM 5,000.00', '6', 0, 0, 0, 1, 279, '2022-11-30 15:17:03'),
	(703, 23, NULL, 'JUMLAH PENDAPATAN ISI RUMAH', 'RM 2,000.00 DAN KE BAWAH', '8', 0, 0, 0, 1, 279, '2022-11-30 15:17:03'),
	(704, 23, NULL, 'JARAK TEMPAT TINGGAL SEMASA DENGAN TEMPAT BERTUGAS', '60 KM DAN KE ATAS', '8', 0, 0, 0, 1, 279, '2022-11-30 15:17:03'),
	(705, 23, NULL, 'JARAK TEMPAT TINGGAL SEMASA DENGAN TEMPAT BERTUGAS', '50 KM -59 KM', '6', 0, 0, 0, 1, 279, '2022-11-30 15:17:03'),
	(706, 23, NULL, 'JARAK TEMPAT TINGGAL SEMASA DENGAN TEMPAT BERTUGAS', '21 KM -49 KM', '4', 0, 0, 0, 1, 279, '2022-11-30 15:17:03'),
	(707, 23, NULL, 'JARAK TEMPAT TINGGAL SEMASA DENGAN TEMPAT BERTUGAS', '20 KM DAN KE BAWAH', '2', 2, 0, 0, 1, 279, '2022-11-30 15:17:03'),
	(708, 23, NULL, 'TEMPOH PERMOHONAN', '3 TAHUN', '14', 0, 0, 0, 1, 279, '2022-11-30 15:17:03'),
	(709, 23, NULL, 'TEMPOH PERMOHONAN', '2 TAHUN', '6', 0, 0, 0, 1, 279, '2022-11-30 15:17:03'),
	(710, 23, NULL, 'TEMPOH PERMOHONAN', '1 TAHUN', '2', 2, 0, 0, 1, 279, '2022-11-30 15:17:03'),
	(711, 23, NULL, 'FAKTOR KESIHATAN', 'PEMOHON', '6', 0, 0, 0, 1, 279, '2022-11-30 15:17:03'),
	(712, 23, NULL, 'FAKTOR KESIHATAN', 'PASANGAN', '4', 0, 0, 0, 1, 279, '2022-11-30 15:17:03'),
	(713, 23, NULL, 'FAKTOR KESIHATAN', 'ANAK-ANAK', '4', 4, 0, 0, 1, 279, '2022-11-30 15:17:03'),
	(714, 23, NULL, 'KEPENTINGAN DALAM JAWATAN', '', '10', 10, 1, 0, 1, 279, '2022-11-30 15:17:03'),
	(715, 24, NULL, 'TARAF PERKHIDMATAN', 'Perkhidmatan Awam Negeri', '20', 0, 0, 1, 1, 10, '2022-12-01 09:50:31'),
	(716, 24, NULL, 'TARAF PERKHIDMATAN', 'Badan Berkanun Persekutuan', '10', 0, 0, 1, 1, 10, '2022-12-01 09:50:31'),
	(717, 24, NULL, 'TARAF PERKHIDMATAN', 'Badan Berkanun Negeri', '8', 8, 0, 1, 1, 10, '2022-12-01 09:50:31'),
	(718, 24, NULL, 'TARAF PERKHIDMATAN', 'Perkhidmatan Awam Persekutuan', '6', 0, 0, 1, 1, 10, '2022-12-01 09:50:31'),
	(719, 24, NULL, 'TARAF PERKHIDMATAN', 'Pihak Berkuasa Tempatan', '1', 0, 0, 1, 1, 10, '2022-12-01 09:50:31'),
	(720, 24, NULL, 'TARAF JAWATAN', 'Lantikan Tetap', '10', 10, 0, 1, 1, 10, '2022-12-01 09:50:31'),
	(721, 24, NULL, 'TARAF JAWATAN', 'Lantikan Kontrak (Contract Of Service)', '8', 0, 0, 1, 1, 10, '2022-12-01 09:50:31'),
	(722, 24, NULL, 'TARAF JAWATAN', 'Lantikan Sementara', '6', 0, 0, 1, 1, 10, '2022-12-01 09:50:31'),
	(723, 24, NULL, 'TARAF JAWATAN', 'Lantikan Tetap Dan Tidak Berpencen', '6', 0, 0, 1, 1, 10, '2022-12-01 09:50:31'),
	(724, 24, NULL, 'TARAF JAWATAN', 'Lantikan Sangkut', '2', 0, 0, 1, 1, 10, '2022-12-01 09:50:31'),
	(725, 24, NULL, 'TARAF JAWATAN', 'Lantikan Sandaran', '2', 0, 0, 1, 1, 10, '2022-12-01 09:50:31'),
	(726, 24, NULL, 'TARAF JAWATAN', 'Lantikan Khidmat Singkat', '2', 0, 0, 1, 1, 10, '2022-12-01 09:50:31'),
	(727, 24, NULL, 'TARAF JAWATAN', 'Lantikan Sambilan', '2', 0, 0, 1, 1, 10, '2022-12-01 09:50:31'),
	(728, 24, NULL, 'TARAF JAWATAN', 'Lantikan Kontrak (Contract For Service)', '2', 0, 0, 1, 1, 10, '2022-12-01 09:50:31'),
	(729, 24, NULL, 'TARAF JAWATAN', 'Lantikan Sambilan (PRE2)', '2', 0, 0, 1, 1, 10, '2022-12-01 09:50:31'),
	(730, 24, NULL, 'TARAF JAWATAN', 'Lantikan Pinjaman', '2', 0, 0, 1, 1, 10, '2022-12-01 09:50:31'),
	(731, 24, NULL, 'TARAF JAWATAN', 'Lantikan Dipinjamkan', '2', 0, 0, 1, 1, 10, '2022-12-01 09:50:31'),
	(732, 24, NULL, 'TARAF JAWATAN', 'Lantikan Tambahsentara', '2', 0, 0, 1, 1, 10, '2022-12-01 09:50:31'),
	(733, 24, NULL, 'TARAF JAWATAN', 'Lantikan Berasaskan Caruman (KWSP)', '2', 0, 0, 1, 1, 10, '2022-12-01 09:50:31'),
	(734, 24, NULL, 'TARAF JAWATAN', 'Lantikan Berelaun', '2', 0, 0, 1, 1, 10, '2022-12-01 09:50:31'),
	(735, 24, NULL, 'TARAF PERKAHWINAN', 'BERKAHWIN', '10', 10, 0, 1, 1, 10, '2022-12-01 09:50:31'),
	(736, 24, NULL, 'TARAF PERKAHWINAN', 'JANDA', '8', 0, 0, 1, 1, 10, '2022-12-01 09:50:31'),
	(737, 24, NULL, 'TARAF PERKAHWINAN', 'BALU', '8', 0, 0, 1, 1, 10, '2022-12-01 09:50:31'),
	(738, 24, NULL, 'TARAF PERKAHWINAN', 'DUDA', '6', 0, 0, 1, 1, 10, '2022-12-01 09:50:31'),
	(739, 24, NULL, 'TARAF PERKAHWINAN', 'BELUM BERKAHWIN', '4', 0, 0, 1, 1, 10, '2022-12-01 09:50:31'),
	(740, 24, NULL, 'TARAF PERKAHWINAN', 'TIADA MAKLUMAT', '0', 0, 0, 1, 1, 10, '2022-12-01 09:50:31'),
	(741, 24, NULL, 'TEMPOH PERKHIDMATAN', '61 TAHUN DAN KE ATAS', '10', 0, 0, 0, 1, 10, '2022-12-01 09:50:31'),
	(742, 24, NULL, 'TEMPOH PERKHIDMATAN', '41 TAHUN -60 TAHUN', '8', 0, 0, 0, 1, 10, '2022-12-01 09:50:31'),
	(743, 24, NULL, 'TEMPOH PERKHIDMATAN', '11 TAHUN -40 TAHUN', '6', 6, 0, 0, 1, 10, '2022-12-01 09:50:31'),
	(744, 24, NULL, 'TEMPOH PERKHIDMATAN', '1 TAHUN -10 TAHUN', '4', 0, 0, 0, 1, 10, '2022-12-01 09:50:31'),
	(745, 24, NULL, 'BILANGAN ANAK', '6 ORANG', '10', 0, 0, 0, 1, 10, '2022-12-01 09:50:31'),
	(746, 24, NULL, 'BILANGAN ANAK', '5 ORANG', '8', 0, 0, 0, 1, 10, '2022-12-01 09:50:31'),
	(747, 24, NULL, 'BILANGAN ANAK', '4 ORANG', '6', 0, 0, 0, 1, 10, '2022-12-01 09:50:31'),
	(748, 24, NULL, 'BILANGAN ANAK', '3 ORANG', '4', 0, 0, 0, 1, 10, '2022-12-01 09:50:31'),
	(749, 24, NULL, 'BILANGAN ANAK', '2 ORANG', '3', 0, 0, 0, 1, 10, '2022-12-01 09:50:31'),
	(750, 24, NULL, 'BILANGAN ANAK', '1 ORANG', '2', 2, 0, 0, 1, 10, '2022-12-01 09:50:31'),
	(751, 24, NULL, 'JUMLAH PENDAPATAN ISI RUMAH', 'RM 100,001.00 DAN KE ATAS', '2', 0, 0, 0, 1, 10, '2022-12-01 09:50:31'),
	(752, 24, NULL, 'JUMLAH PENDAPATAN ISI RUMAH', 'RM 5,001.00 - RM 10,000.00', '4', 0, 0, 0, 1, 10, '2022-12-01 09:50:31'),
	(753, 24, NULL, 'JUMLAH PENDAPATAN ISI RUMAH', 'RM 2,001.00 - RM 5,000.00', '6', 6, 0, 0, 1, 10, '2022-12-01 09:50:31'),
	(754, 24, NULL, 'JUMLAH PENDAPATAN ISI RUMAH', 'RM 2,000.00 DAN KE BAWAH', '8', 0, 0, 0, 1, 10, '2022-12-01 09:50:31'),
	(755, 24, NULL, 'JARAK TEMPAT TINGGAL SEMASA DENGAN TEMPAT BERTUGAS', '60 KM DAN KE ATAS', '8', 0, 0, 0, 1, 10, '2022-12-01 09:50:31'),
	(756, 24, NULL, 'JARAK TEMPAT TINGGAL SEMASA DENGAN TEMPAT BERTUGAS', '50 KM -59 KM', '6', 0, 0, 0, 1, 10, '2022-12-01 09:50:31'),
	(757, 24, NULL, 'JARAK TEMPAT TINGGAL SEMASA DENGAN TEMPAT BERTUGAS', '21 KM -49 KM', '4', 0, 0, 0, 1, 10, '2022-12-01 09:50:31'),
	(758, 24, NULL, 'JARAK TEMPAT TINGGAL SEMASA DENGAN TEMPAT BERTUGAS', '20 KM DAN KE BAWAH', '2', 2, 0, 0, 1, 10, '2022-12-01 09:50:31'),
	(759, 24, NULL, 'TEMPOH PERMOHONAN', '3 TAHUN', '14', 0, 0, 0, 1, 10, '2022-12-01 09:50:31'),
	(760, 24, NULL, 'TEMPOH PERMOHONAN', '2 TAHUN', '6', 0, 0, 0, 1, 10, '2022-12-01 09:50:31'),
	(761, 24, NULL, 'TEMPOH PERMOHONAN', '1 TAHUN', '2', 2, 0, 0, 1, 10, '2022-12-01 09:50:31'),
	(762, 24, NULL, 'FAKTOR KESIHATAN', 'PEMOHON', '6', 6, 0, 0, 1, 10, '2022-12-01 09:50:31'),
	(763, 24, NULL, 'FAKTOR KESIHATAN', 'PASANGAN', '4', 0, 0, 0, 1, 10, '2022-12-01 09:50:31'),
	(764, 24, NULL, 'FAKTOR KESIHATAN', 'ANAK-ANAK', '4', 0, 0, 0, 1, 10, '2022-12-01 09:50:31'),
	(765, 24, NULL, 'KEPENTINGAN DALAM JAWATAN', '', '10', 5, 1, 0, 1, 10, '2022-12-01 09:50:31'),
	(766, 25, NULL, 'TARAF PERKHIDMATAN', 'Perkhidmatan Awam Negeri', '20', 0, 0, 1, 1, 10, '2022-12-01 09:50:58'),
	(767, 25, NULL, 'TARAF PERKHIDMATAN', 'Badan Berkanun Persekutuan', '10', 0, 0, 1, 1, 10, '2022-12-01 09:50:58'),
	(768, 25, NULL, 'TARAF PERKHIDMATAN', 'Badan Berkanun Negeri', '8', 8, 0, 1, 1, 10, '2022-12-01 09:50:58'),
	(769, 25, NULL, 'TARAF PERKHIDMATAN', 'Perkhidmatan Awam Persekutuan', '6', 0, 0, 1, 1, 10, '2022-12-01 09:50:58'),
	(770, 25, NULL, 'TARAF PERKHIDMATAN', 'Pihak Berkuasa Tempatan', '1', 0, 0, 1, 1, 10, '2022-12-01 09:50:58'),
	(771, 25, NULL, 'TARAF JAWATAN', 'Lantikan Tetap', '10', 10, 0, 1, 1, 10, '2022-12-01 09:50:58'),
	(772, 25, NULL, 'TARAF JAWATAN', 'Lantikan Kontrak (Contract Of Service)', '8', 0, 0, 1, 1, 10, '2022-12-01 09:50:58'),
	(773, 25, NULL, 'TARAF JAWATAN', 'Lantikan Sementara', '6', 0, 0, 1, 1, 10, '2022-12-01 09:50:58'),
	(774, 25, NULL, 'TARAF JAWATAN', 'Lantikan Tetap Dan Tidak Berpencen', '6', 0, 0, 1, 1, 10, '2022-12-01 09:50:58'),
	(775, 25, NULL, 'TARAF JAWATAN', 'Lantikan Sangkut', '2', 0, 0, 1, 1, 10, '2022-12-01 09:50:58'),
	(776, 25, NULL, 'TARAF JAWATAN', 'Lantikan Sandaran', '2', 0, 0, 1, 1, 10, '2022-12-01 09:50:58'),
	(777, 25, NULL, 'TARAF JAWATAN', 'Lantikan Khidmat Singkat', '2', 0, 0, 1, 1, 10, '2022-12-01 09:50:58'),
	(778, 25, NULL, 'TARAF JAWATAN', 'Lantikan Sambilan', '2', 0, 0, 1, 1, 10, '2022-12-01 09:50:58'),
	(779, 25, NULL, 'TARAF JAWATAN', 'Lantikan Kontrak (Contract For Service)', '2', 0, 0, 1, 1, 10, '2022-12-01 09:50:58'),
	(780, 25, NULL, 'TARAF JAWATAN', 'Lantikan Sambilan (PRE2)', '2', 0, 0, 1, 1, 10, '2022-12-01 09:50:58'),
	(781, 25, NULL, 'TARAF JAWATAN', 'Lantikan Pinjaman', '2', 0, 0, 1, 1, 10, '2022-12-01 09:50:58'),
	(782, 25, NULL, 'TARAF JAWATAN', 'Lantikan Dipinjamkan', '2', 0, 0, 1, 1, 10, '2022-12-01 09:50:58'),
	(783, 25, NULL, 'TARAF JAWATAN', 'Lantikan Tambahsentara', '2', 0, 0, 1, 1, 10, '2022-12-01 09:50:58'),
	(784, 25, NULL, 'TARAF JAWATAN', 'Lantikan Berasaskan Caruman (KWSP)', '2', 0, 0, 1, 1, 10, '2022-12-01 09:50:58'),
	(785, 25, NULL, 'TARAF JAWATAN', 'Lantikan Berelaun', '2', 0, 0, 1, 1, 10, '2022-12-01 09:50:58'),
	(786, 25, NULL, 'TARAF PERKAHWINAN', 'BERKAHWIN', '10', 10, 0, 1, 1, 10, '2022-12-01 09:50:58'),
	(787, 25, NULL, 'TARAF PERKAHWINAN', 'JANDA', '8', 0, 0, 1, 1, 10, '2022-12-01 09:50:58'),
	(788, 25, NULL, 'TARAF PERKAHWINAN', 'BALU', '8', 0, 0, 1, 1, 10, '2022-12-01 09:50:58'),
	(789, 25, NULL, 'TARAF PERKAHWINAN', 'DUDA', '6', 0, 0, 1, 1, 10, '2022-12-01 09:50:58'),
	(790, 25, NULL, 'TARAF PERKAHWINAN', 'BELUM BERKAHWIN', '4', 0, 0, 1, 1, 10, '2022-12-01 09:50:58'),
	(791, 25, NULL, 'TARAF PERKAHWINAN', 'TIADA MAKLUMAT', '0', 0, 0, 1, 1, 10, '2022-12-01 09:50:58'),
	(792, 25, NULL, 'TEMPOH PERKHIDMATAN', '61 TAHUN DAN KE ATAS', '10', 0, 0, 0, 1, 10, '2022-12-01 09:50:58'),
	(793, 25, NULL, 'TEMPOH PERKHIDMATAN', '41 TAHUN -60 TAHUN', '8', 0, 0, 0, 1, 10, '2022-12-01 09:50:58'),
	(794, 25, NULL, 'TEMPOH PERKHIDMATAN', '11 TAHUN -40 TAHUN', '6', 0, 0, 0, 1, 10, '2022-12-01 09:50:58'),
	(795, 25, NULL, 'TEMPOH PERKHIDMATAN', '1 TAHUN -10 TAHUN', '4', 0, 0, 0, 1, 10, '2022-12-01 09:50:58'),
	(796, 25, NULL, 'BILANGAN ANAK', '6 ORANG', '10', 0, 0, 0, 1, 10, '2022-12-01 09:50:58'),
	(797, 25, NULL, 'BILANGAN ANAK', '5 ORANG', '8', 0, 0, 0, 1, 10, '2022-12-01 09:50:58'),
	(798, 25, NULL, 'BILANGAN ANAK', '4 ORANG', '6', 0, 0, 0, 1, 10, '2022-12-01 09:50:58'),
	(799, 25, NULL, 'BILANGAN ANAK', '3 ORANG', '4', 0, 0, 0, 1, 10, '2022-12-01 09:50:58'),
	(800, 25, NULL, 'BILANGAN ANAK', '2 ORANG', '3', 0, 0, 0, 1, 10, '2022-12-01 09:50:58'),
	(801, 25, NULL, 'BILANGAN ANAK', '1 ORANG', '2', 0, 0, 0, 1, 10, '2022-12-01 09:50:58'),
	(802, 25, NULL, 'JUMLAH PENDAPATAN ISI RUMAH', 'RM 100,001.00 DAN KE ATAS', '2', 0, 0, 0, 1, 10, '2022-12-01 09:50:58'),
	(803, 25, NULL, 'JUMLAH PENDAPATAN ISI RUMAH', 'RM 5,001.00 - RM 10,000.00', '4', 0, 0, 0, 1, 10, '2022-12-01 09:50:58'),
	(804, 25, NULL, 'JUMLAH PENDAPATAN ISI RUMAH', 'RM 2,001.00 - RM 5,000.00', '6', 0, 0, 0, 1, 10, '2022-12-01 09:50:58'),
	(805, 25, NULL, 'JUMLAH PENDAPATAN ISI RUMAH', 'RM 2,000.00 DAN KE BAWAH', '8', 8, 0, 0, 1, 10, '2022-12-01 09:50:58'),
	(806, 25, NULL, 'JARAK TEMPAT TINGGAL SEMASA DENGAN TEMPAT BERTUGAS', '60 KM DAN KE ATAS', '8', 0, 0, 0, 1, 10, '2022-12-01 09:50:58'),
	(807, 25, NULL, 'JARAK TEMPAT TINGGAL SEMASA DENGAN TEMPAT BERTUGAS', '50 KM -59 KM', '6', 0, 0, 0, 1, 10, '2022-12-01 09:50:58'),
	(808, 25, NULL, 'JARAK TEMPAT TINGGAL SEMASA DENGAN TEMPAT BERTUGAS', '21 KM -49 KM', '4', 0, 0, 0, 1, 10, '2022-12-01 09:50:58'),
	(809, 25, NULL, 'JARAK TEMPAT TINGGAL SEMASA DENGAN TEMPAT BERTUGAS', '20 KM DAN KE BAWAH', '2', 2, 0, 0, 1, 10, '2022-12-01 09:50:58'),
	(810, 25, NULL, 'TEMPOH PERMOHONAN', '3 TAHUN', '14', 0, 0, 0, 1, 10, '2022-12-01 09:50:58'),
	(811, 25, NULL, 'TEMPOH PERMOHONAN', '2 TAHUN', '6', 0, 0, 0, 1, 10, '2022-12-01 09:50:58'),
	(812, 25, NULL, 'TEMPOH PERMOHONAN', '1 TAHUN', '2', 2, 0, 0, 1, 10, '2022-12-01 09:50:58'),
	(813, 25, NULL, 'FAKTOR KESIHATAN', 'PEMOHON', '6', 0, 0, 0, 1, 10, '2022-12-01 09:50:58'),
	(814, 25, NULL, 'FAKTOR KESIHATAN', 'PASANGAN', '4', 0, 0, 0, 1, 10, '2022-12-01 09:50:58'),
	(815, 25, NULL, 'FAKTOR KESIHATAN', 'ANAK-ANAK', '4', 0, 0, 0, 1, 10, '2022-12-01 09:50:58'),
	(816, 25, NULL, 'KEPENTINGAN DALAM JAWATAN', '', '10', 9, 1, 0, 1, 10, '2022-12-01 09:50:58'),
	(817, 26, NULL, 'TARAF PERKHIDMATAN', 'Perkhidmatan Awam Negeri', '20', 20, 0, 1, 1, 10, '2022-12-01 10:01:45'),
	(818, 26, NULL, 'TARAF PERKHIDMATAN', 'Badan Berkanun Persekutuan', '10', 0, 0, 1, 1, 10, '2022-12-01 10:01:45'),
	(819, 26, NULL, 'TARAF PERKHIDMATAN', 'Badan Berkanun Negeri', '8', 0, 0, 1, 1, 10, '2022-12-01 10:01:45'),
	(820, 26, NULL, 'TARAF PERKHIDMATAN', 'Perkhidmatan Awam Persekutuan', '6', 0, 0, 1, 1, 10, '2022-12-01 10:01:45'),
	(821, 26, NULL, 'TARAF PERKHIDMATAN', 'Pihak Berkuasa Tempatan', '1', 0, 0, 1, 1, 10, '2022-12-01 10:01:45'),
	(822, 26, NULL, 'TARAF JAWATAN', 'Lantikan Tetap', '10', 10, 0, 1, 1, 10, '2022-12-01 10:01:45'),
	(823, 26, NULL, 'TARAF JAWATAN', 'Lantikan Kontrak (Contract Of Service)', '8', 0, 0, 1, 1, 10, '2022-12-01 10:01:45'),
	(824, 26, NULL, 'TARAF JAWATAN', 'Lantikan Sementara', '6', 0, 0, 1, 1, 10, '2022-12-01 10:01:45'),
	(825, 26, NULL, 'TARAF JAWATAN', 'Lantikan Tetap Dan Tidak Berpencen', '6', 0, 0, 1, 1, 10, '2022-12-01 10:01:45'),
	(826, 26, NULL, 'TARAF JAWATAN', 'Lantikan Sangkut', '2', 0, 0, 1, 1, 10, '2022-12-01 10:01:45'),
	(827, 26, NULL, 'TARAF JAWATAN', 'Lantikan Sandaran', '2', 0, 0, 1, 1, 10, '2022-12-01 10:01:45'),
	(828, 26, NULL, 'TARAF JAWATAN', 'Lantikan Khidmat Singkat', '2', 0, 0, 1, 1, 10, '2022-12-01 10:01:45'),
	(829, 26, NULL, 'TARAF JAWATAN', 'Lantikan Sambilan', '2', 0, 0, 1, 1, 10, '2022-12-01 10:01:45'),
	(830, 26, NULL, 'TARAF JAWATAN', 'Lantikan Kontrak (Contract For Service)', '2', 0, 0, 1, 1, 10, '2022-12-01 10:01:45'),
	(831, 26, NULL, 'TARAF JAWATAN', 'Lantikan Sambilan (PRE2)', '2', 0, 0, 1, 1, 10, '2022-12-01 10:01:45'),
	(832, 26, NULL, 'TARAF JAWATAN', 'Lantikan Pinjaman', '2', 0, 0, 1, 1, 10, '2022-12-01 10:01:45'),
	(833, 26, NULL, 'TARAF JAWATAN', 'Lantikan Dipinjamkan', '2', 0, 0, 1, 1, 10, '2022-12-01 10:01:45'),
	(834, 26, NULL, 'TARAF JAWATAN', 'Lantikan Tambahsentara', '2', 0, 0, 1, 1, 10, '2022-12-01 10:01:45'),
	(835, 26, NULL, 'TARAF JAWATAN', 'Lantikan Berasaskan Caruman (KWSP)', '2', 0, 0, 1, 1, 10, '2022-12-01 10:01:45'),
	(836, 26, NULL, 'TARAF JAWATAN', 'Lantikan Berelaun', '2', 0, 0, 1, 1, 10, '2022-12-01 10:01:45'),
	(837, 26, NULL, 'TARAF PERKAHWINAN', 'BERKAHWIN', '10', 0, 0, 1, 1, 10, '2022-12-01 10:01:45'),
	(838, 26, NULL, 'TARAF PERKAHWINAN', 'JANDA', '8', 0, 0, 1, 1, 10, '2022-12-01 10:01:45'),
	(839, 26, NULL, 'TARAF PERKAHWINAN', 'BALU', '8', 0, 0, 1, 1, 10, '2022-12-01 10:01:45'),
	(840, 26, NULL, 'TARAF PERKAHWINAN', 'DUDA', '6', 0, 0, 1, 1, 10, '2022-12-01 10:01:45'),
	(841, 26, NULL, 'TARAF PERKAHWINAN', 'BELUM BERKAHWIN', '4', 4, 0, 1, 1, 10, '2022-12-01 10:01:45'),
	(842, 26, NULL, 'TARAF PERKAHWINAN', 'TIADA MAKLUMAT', '0', 0, 0, 1, 1, 10, '2022-12-01 10:01:45'),
	(843, 26, NULL, 'TEMPOH PERKHIDMATAN', '61 TAHUN DAN KE ATAS', '10', 0, 0, 0, 1, 10, '2022-12-01 10:01:45'),
	(844, 26, NULL, 'TEMPOH PERKHIDMATAN', '41 TAHUN -60 TAHUN', '8', 0, 0, 0, 1, 10, '2022-12-01 10:01:45'),
	(845, 26, NULL, 'TEMPOH PERKHIDMATAN', '11 TAHUN -40 TAHUN', '6', 6, 0, 0, 1, 10, '2022-12-01 10:01:45'),
	(846, 26, NULL, 'TEMPOH PERKHIDMATAN', '1 TAHUN -10 TAHUN', '4', 0, 0, 0, 1, 10, '2022-12-01 10:01:45'),
	(847, 26, NULL, 'BILANGAN ANAK', '6 ORANG', '10', 0, 0, 0, 1, 10, '2022-12-01 10:01:45'),
	(848, 26, NULL, 'BILANGAN ANAK', '5 ORANG', '8', 0, 0, 0, 1, 10, '2022-12-01 10:01:45'),
	(849, 26, NULL, 'BILANGAN ANAK', '4 ORANG', '6', 0, 0, 0, 1, 10, '2022-12-01 10:01:45'),
	(850, 26, NULL, 'BILANGAN ANAK', '3 ORANG', '4', 0, 0, 0, 1, 10, '2022-12-01 10:01:45'),
	(851, 26, NULL, 'BILANGAN ANAK', '2 ORANG', '3', 0, 0, 0, 1, 10, '2022-12-01 10:01:45'),
	(852, 26, NULL, 'BILANGAN ANAK', '1 ORANG', '2', 0, 0, 0, 1, 10, '2022-12-01 10:01:45'),
	(853, 26, NULL, 'JUMLAH PENDAPATAN ISI RUMAH', 'RM 100,001.00 DAN KE ATAS', '2', 0, 0, 0, 1, 10, '2022-12-01 10:01:45'),
	(854, 26, NULL, 'JUMLAH PENDAPATAN ISI RUMAH', 'RM 5,001.00 - RM 10,000.00', '4', 0, 0, 0, 1, 10, '2022-12-01 10:01:45'),
	(855, 26, NULL, 'JUMLAH PENDAPATAN ISI RUMAH', 'RM 2,001.00 - RM 5,000.00', '6', 0, 0, 0, 1, 10, '2022-12-01 10:01:45'),
	(856, 26, NULL, 'JUMLAH PENDAPATAN ISI RUMAH', 'RM 2,000.00 DAN KE BAWAH', '8', 8, 0, 0, 1, 10, '2022-12-01 10:01:45'),
	(857, 26, NULL, 'JARAK TEMPAT TINGGAL SEMASA DENGAN TEMPAT BERTUGAS', '60 KM DAN KE ATAS', '8', 0, 0, 0, 1, 10, '2022-12-01 10:01:45'),
	(858, 26, NULL, 'JARAK TEMPAT TINGGAL SEMASA DENGAN TEMPAT BERTUGAS', '50 KM -59 KM', '6', 0, 0, 0, 1, 10, '2022-12-01 10:01:45'),
	(859, 26, NULL, 'JARAK TEMPAT TINGGAL SEMASA DENGAN TEMPAT BERTUGAS', '21 KM -49 KM', '4', 0, 0, 0, 1, 10, '2022-12-01 10:01:45'),
	(860, 26, NULL, 'JARAK TEMPAT TINGGAL SEMASA DENGAN TEMPAT BERTUGAS', '20 KM DAN KE BAWAH', '2', 2, 0, 0, 1, 10, '2022-12-01 10:01:45'),
	(861, 26, NULL, 'TEMPOH PERMOHONAN', '3 TAHUN', '14', 0, 0, 0, 1, 10, '2022-12-01 10:01:45'),
	(862, 26, NULL, 'TEMPOH PERMOHONAN', '2 TAHUN', '6', 0, 0, 0, 1, 10, '2022-12-01 10:01:45'),
	(863, 26, NULL, 'TEMPOH PERMOHONAN', '1 TAHUN', '2', 2, 0, 0, 1, 10, '2022-12-01 10:01:45'),
	(864, 26, NULL, 'FAKTOR KESIHATAN', 'PEMOHON', '6', 0, 0, 0, 1, 10, '2022-12-01 10:01:45'),
	(865, 26, NULL, 'FAKTOR KESIHATAN', 'PASANGAN', '4', 0, 0, 0, 1, 10, '2022-12-01 10:01:45'),
	(866, 26, NULL, 'FAKTOR KESIHATAN', 'ANAK-ANAK', '4', 0, 0, 0, 1, 10, '2022-12-01 10:01:45'),
	(867, 26, NULL, 'KEPENTINGAN DALAM JAWATAN', '', '10', 7, 1, 0, 1, 10, '2022-12-01 10:01:45'),
	(868, 28, NULL, 'TARAF PERKHIDMATAN', 'Perkhidmatan Awam Negeri', '20', 0, 0, 1, 1, 10, '2022-12-01 10:19:04'),
	(869, 28, NULL, 'TARAF PERKHIDMATAN', 'Badan Berkanun Persekutuan', '10', 0, 0, 1, 1, 10, '2022-12-01 10:19:04'),
	(870, 28, NULL, 'TARAF PERKHIDMATAN', 'Badan Berkanun Negeri', '8', 8, 0, 1, 1, 10, '2022-12-01 10:19:04'),
	(871, 28, NULL, 'TARAF PERKHIDMATAN', 'Perkhidmatan Awam Persekutuan', '6', 0, 0, 1, 1, 10, '2022-12-01 10:19:04'),
	(872, 28, NULL, 'TARAF PERKHIDMATAN', 'Pihak Berkuasa Tempatan', '1', 0, 0, 1, 1, 10, '2022-12-01 10:19:04'),
	(873, 28, NULL, 'TARAF JAWATAN', 'Lantikan Tetap', '10', 10, 0, 1, 1, 10, '2022-12-01 10:19:04'),
	(874, 28, NULL, 'TARAF JAWATAN', 'Lantikan Kontrak (Contract Of Service)', '8', 0, 0, 1, 1, 10, '2022-12-01 10:19:04'),
	(875, 28, NULL, 'TARAF JAWATAN', 'Lantikan Sementara', '6', 0, 0, 1, 1, 10, '2022-12-01 10:19:04'),
	(876, 28, NULL, 'TARAF JAWATAN', 'Lantikan Tetap Dan Tidak Berpencen', '6', 0, 0, 1, 1, 10, '2022-12-01 10:19:04'),
	(877, 28, NULL, 'TARAF JAWATAN', 'Lantikan Sangkut', '2', 0, 0, 1, 1, 10, '2022-12-01 10:19:04'),
	(878, 28, NULL, 'TARAF JAWATAN', 'Lantikan Sandaran', '2', 0, 0, 1, 1, 10, '2022-12-01 10:19:04'),
	(879, 28, NULL, 'TARAF JAWATAN', 'Lantikan Khidmat Singkat', '2', 0, 0, 1, 1, 10, '2022-12-01 10:19:04'),
	(880, 28, NULL, 'TARAF JAWATAN', 'Lantikan Sambilan', '2', 0, 0, 1, 1, 10, '2022-12-01 10:19:04'),
	(881, 28, NULL, 'TARAF JAWATAN', 'Lantikan Kontrak (Contract For Service)', '2', 0, 0, 1, 1, 10, '2022-12-01 10:19:04'),
	(882, 28, NULL, 'TARAF JAWATAN', 'Lantikan Sambilan (PRE2)', '2', 0, 0, 1, 1, 10, '2022-12-01 10:19:04'),
	(883, 28, NULL, 'TARAF JAWATAN', 'Lantikan Pinjaman', '2', 0, 0, 1, 1, 10, '2022-12-01 10:19:04'),
	(884, 28, NULL, 'TARAF JAWATAN', 'Lantikan Dipinjamkan', '2', 0, 0, 1, 1, 10, '2022-12-01 10:19:04'),
	(885, 28, NULL, 'TARAF JAWATAN', 'Lantikan Tambahsentara', '2', 0, 0, 1, 1, 10, '2022-12-01 10:19:04'),
	(886, 28, NULL, 'TARAF JAWATAN', 'Lantikan Berasaskan Caruman (KWSP)', '2', 0, 0, 1, 1, 10, '2022-12-01 10:19:04'),
	(887, 28, NULL, 'TARAF JAWATAN', 'Lantikan Berelaun', '2', 0, 0, 1, 1, 10, '2022-12-01 10:19:04'),
	(888, 28, NULL, 'TARAF PERKAHWINAN', 'BERKAHWIN', '10', 10, 0, 1, 1, 10, '2022-12-01 10:19:04'),
	(889, 28, NULL, 'TARAF PERKAHWINAN', 'JANDA', '8', 0, 0, 1, 1, 10, '2022-12-01 10:19:04'),
	(890, 28, NULL, 'TARAF PERKAHWINAN', 'BALU', '8', 0, 0, 1, 1, 10, '2022-12-01 10:19:04'),
	(891, 28, NULL, 'TARAF PERKAHWINAN', 'DUDA', '6', 0, 0, 1, 1, 10, '2022-12-01 10:19:04'),
	(892, 28, NULL, 'TARAF PERKAHWINAN', 'BELUM BERKAHWIN', '4', 0, 0, 1, 1, 10, '2022-12-01 10:19:04'),
	(893, 28, NULL, 'TARAF PERKAHWINAN', 'TIADA MAKLUMAT', '0', 0, 0, 1, 1, 10, '2022-12-01 10:19:04'),
	(894, 28, NULL, 'TEMPOH PERKHIDMATAN', '61 TAHUN DAN KE ATAS', '10', 0, 0, 0, 1, 10, '2022-12-01 10:19:04'),
	(895, 28, NULL, 'TEMPOH PERKHIDMATAN', '41 TAHUN -60 TAHUN', '8', 0, 0, 0, 1, 10, '2022-12-01 10:19:04'),
	(896, 28, NULL, 'TEMPOH PERKHIDMATAN', '11 TAHUN -40 TAHUN', '6', 6, 0, 0, 1, 10, '2022-12-01 10:19:04'),
	(897, 28, NULL, 'TEMPOH PERKHIDMATAN', '1 TAHUN -10 TAHUN', '4', 0, 0, 0, 1, 10, '2022-12-01 10:19:04'),
	(898, 28, NULL, 'BILANGAN ANAK', '6 ORANG', '10', 0, 0, 0, 1, 10, '2022-12-01 10:19:04'),
	(899, 28, NULL, 'BILANGAN ANAK', '5 ORANG', '8', 0, 0, 0, 1, 10, '2022-12-01 10:19:04'),
	(900, 28, NULL, 'BILANGAN ANAK', '4 ORANG', '6', 0, 0, 0, 1, 10, '2022-12-01 10:19:04'),
	(901, 28, NULL, 'BILANGAN ANAK', '3 ORANG', '4', 0, 0, 0, 1, 10, '2022-12-01 10:19:04'),
	(902, 28, NULL, 'BILANGAN ANAK', '2 ORANG', '3', 0, 0, 0, 1, 10, '2022-12-01 10:19:04'),
	(903, 28, NULL, 'BILANGAN ANAK', '1 ORANG', '2', 2, 0, 0, 1, 10, '2022-12-01 10:19:04'),
	(904, 28, NULL, 'JUMLAH PENDAPATAN ISI RUMAH', 'RM 100,001.00 DAN KE ATAS', '2', 0, 0, 0, 1, 10, '2022-12-01 10:19:04'),
	(905, 28, NULL, 'JUMLAH PENDAPATAN ISI RUMAH', 'RM 5,001.00 - RM 10,000.00', '4', 0, 0, 0, 1, 10, '2022-12-01 10:19:04'),
	(906, 28, NULL, 'JUMLAH PENDAPATAN ISI RUMAH', 'RM 2,001.00 - RM 5,000.00', '6', 0, 0, 0, 1, 10, '2022-12-01 10:19:04'),
	(907, 28, NULL, 'JUMLAH PENDAPATAN ISI RUMAH', 'RM 2,000.00 DAN KE BAWAH', '8', 0, 0, 0, 1, 10, '2022-12-01 10:19:04'),
	(908, 28, NULL, 'JARAK TEMPAT TINGGAL SEMASA DENGAN TEMPAT BERTUGAS', '60 KM DAN KE ATAS', '8', 0, 0, 0, 1, 10, '2022-12-01 10:19:04'),
	(909, 28, NULL, 'JARAK TEMPAT TINGGAL SEMASA DENGAN TEMPAT BERTUGAS', '50 KM -59 KM', '6', 0, 0, 0, 1, 10, '2022-12-01 10:19:04'),
	(910, 28, NULL, 'JARAK TEMPAT TINGGAL SEMASA DENGAN TEMPAT BERTUGAS', '21 KM -49 KM', '4', 0, 0, 0, 1, 10, '2022-12-01 10:19:04'),
	(911, 28, NULL, 'JARAK TEMPAT TINGGAL SEMASA DENGAN TEMPAT BERTUGAS', '20 KM DAN KE BAWAH', '2', 2, 0, 0, 1, 10, '2022-12-01 10:19:04'),
	(912, 28, NULL, 'TEMPOH PERMOHONAN', '3 TAHUN', '14', 0, 0, 0, 1, 10, '2022-12-01 10:19:04'),
	(913, 28, NULL, 'TEMPOH PERMOHONAN', '2 TAHUN', '6', 0, 0, 0, 1, 10, '2022-12-01 10:19:04'),
	(914, 28, NULL, 'TEMPOH PERMOHONAN', '1 TAHUN', '2', 2, 0, 0, 1, 10, '2022-12-01 10:19:04'),
	(915, 28, NULL, 'FAKTOR KESIHATAN', 'PEMOHON', '6', 0, 0, 0, 1, 10, '2022-12-01 10:19:04'),
	(916, 28, NULL, 'FAKTOR KESIHATAN', 'PASANGAN', '4', 0, 0, 0, 1, 10, '2022-12-01 10:19:04'),
	(917, 28, NULL, 'FAKTOR KESIHATAN', 'ANAK-ANAK', '4', 0, 0, 0, 1, 10, '2022-12-01 10:19:04'),
	(918, 28, NULL, 'KEPENTINGAN DALAM JAWATAN', '', '10', 10, 1, 0, 1, 10, '2022-12-01 10:19:04'),
	(919, 29, NULL, 'TARAF PERKHIDMATAN', 'Perkhidmatan Awam Negeri', '20', 0, 0, 1, 1, 10, '2022-12-01 10:19:40'),
	(920, 29, NULL, 'TARAF PERKHIDMATAN', 'Badan Berkanun Persekutuan', '10', 0, 0, 1, 1, 10, '2022-12-01 10:19:40'),
	(921, 29, NULL, 'TARAF PERKHIDMATAN', 'Badan Berkanun Negeri', '8', 8, 0, 1, 1, 10, '2022-12-01 10:19:40'),
	(922, 29, NULL, 'TARAF PERKHIDMATAN', 'Perkhidmatan Awam Persekutuan', '6', 0, 0, 1, 1, 10, '2022-12-01 10:19:40'),
	(923, 29, NULL, 'TARAF PERKHIDMATAN', 'Pihak Berkuasa Tempatan', '1', 0, 0, 1, 1, 10, '2022-12-01 10:19:40'),
	(924, 29, NULL, 'TARAF JAWATAN', 'Lantikan Tetap', '10', 10, 0, 1, 1, 10, '2022-12-01 10:19:40'),
	(925, 29, NULL, 'TARAF JAWATAN', 'Lantikan Kontrak (Contract Of Service)', '8', 0, 0, 1, 1, 10, '2022-12-01 10:19:40'),
	(926, 29, NULL, 'TARAF JAWATAN', 'Lantikan Sementara', '6', 0, 0, 1, 1, 10, '2022-12-01 10:19:40'),
	(927, 29, NULL, 'TARAF JAWATAN', 'Lantikan Tetap Dan Tidak Berpencen', '6', 0, 0, 1, 1, 10, '2022-12-01 10:19:40'),
	(928, 29, NULL, 'TARAF JAWATAN', 'Lantikan Sangkut', '2', 0, 0, 1, 1, 10, '2022-12-01 10:19:40'),
	(929, 29, NULL, 'TARAF JAWATAN', 'Lantikan Sandaran', '2', 0, 0, 1, 1, 10, '2022-12-01 10:19:40'),
	(930, 29, NULL, 'TARAF JAWATAN', 'Lantikan Khidmat Singkat', '2', 0, 0, 1, 1, 10, '2022-12-01 10:19:40'),
	(931, 29, NULL, 'TARAF JAWATAN', 'Lantikan Sambilan', '2', 0, 0, 1, 1, 10, '2022-12-01 10:19:40'),
	(932, 29, NULL, 'TARAF JAWATAN', 'Lantikan Kontrak (Contract For Service)', '2', 0, 0, 1, 1, 10, '2022-12-01 10:19:40'),
	(933, 29, NULL, 'TARAF JAWATAN', 'Lantikan Sambilan (PRE2)', '2', 0, 0, 1, 1, 10, '2022-12-01 10:19:40'),
	(934, 29, NULL, 'TARAF JAWATAN', 'Lantikan Pinjaman', '2', 0, 0, 1, 1, 10, '2022-12-01 10:19:40'),
	(935, 29, NULL, 'TARAF JAWATAN', 'Lantikan Dipinjamkan', '2', 0, 0, 1, 1, 10, '2022-12-01 10:19:40'),
	(936, 29, NULL, 'TARAF JAWATAN', 'Lantikan Tambahsentara', '2', 0, 0, 1, 1, 10, '2022-12-01 10:19:40'),
	(937, 29, NULL, 'TARAF JAWATAN', 'Lantikan Berasaskan Caruman (KWSP)', '2', 0, 0, 1, 1, 10, '2022-12-01 10:19:40'),
	(938, 29, NULL, 'TARAF JAWATAN', 'Lantikan Berelaun', '2', 0, 0, 1, 1, 10, '2022-12-01 10:19:40'),
	(939, 29, NULL, 'TARAF PERKAHWINAN', 'BERKAHWIN', '10', 10, 0, 1, 1, 10, '2022-12-01 10:19:40'),
	(940, 29, NULL, 'TARAF PERKAHWINAN', 'JANDA', '8', 0, 0, 1, 1, 10, '2022-12-01 10:19:40'),
	(941, 29, NULL, 'TARAF PERKAHWINAN', 'BALU', '8', 0, 0, 1, 1, 10, '2022-12-01 10:19:40'),
	(942, 29, NULL, 'TARAF PERKAHWINAN', 'DUDA', '6', 0, 0, 1, 1, 10, '2022-12-01 10:19:40'),
	(943, 29, NULL, 'TARAF PERKAHWINAN', 'BELUM BERKAHWIN', '4', 0, 0, 1, 1, 10, '2022-12-01 10:19:40'),
	(944, 29, NULL, 'TARAF PERKAHWINAN', 'TIADA MAKLUMAT', '0', 0, 0, 1, 1, 10, '2022-12-01 10:19:40'),
	(945, 29, NULL, 'TEMPOH PERKHIDMATAN', '61 TAHUN DAN KE ATAS', '10', 0, 0, 0, 1, 10, '2022-12-01 10:19:40'),
	(946, 29, NULL, 'TEMPOH PERKHIDMATAN', '41 TAHUN -60 TAHUN', '8', 0, 0, 0, 1, 10, '2022-12-01 10:19:40'),
	(947, 29, NULL, 'TEMPOH PERKHIDMATAN', '11 TAHUN -40 TAHUN', '6', 6, 0, 0, 1, 10, '2022-12-01 10:19:40'),
	(948, 29, NULL, 'TEMPOH PERKHIDMATAN', '1 TAHUN -10 TAHUN', '4', 0, 0, 0, 1, 10, '2022-12-01 10:19:40'),
	(949, 29, NULL, 'BILANGAN ANAK', '6 ORANG', '10', 0, 0, 0, 1, 10, '2022-12-01 10:19:40'),
	(950, 29, NULL, 'BILANGAN ANAK', '5 ORANG', '8', 0, 0, 0, 1, 10, '2022-12-01 10:19:40'),
	(951, 29, NULL, 'BILANGAN ANAK', '4 ORANG', '6', 0, 0, 0, 1, 10, '2022-12-01 10:19:40'),
	(952, 29, NULL, 'BILANGAN ANAK', '3 ORANG', '4', 0, 0, 0, 1, 10, '2022-12-01 10:19:40'),
	(953, 29, NULL, 'BILANGAN ANAK', '2 ORANG', '3', 0, 0, 0, 1, 10, '2022-12-01 10:19:40'),
	(954, 29, NULL, 'BILANGAN ANAK', '1 ORANG', '2', 2, 0, 0, 1, 10, '2022-12-01 10:19:40'),
	(955, 29, NULL, 'JUMLAH PENDAPATAN ISI RUMAH', 'RM 100,001.00 DAN KE ATAS', '2', 0, 0, 0, 1, 10, '2022-12-01 10:19:40'),
	(956, 29, NULL, 'JUMLAH PENDAPATAN ISI RUMAH', 'RM 5,001.00 - RM 10,000.00', '4', 0, 0, 0, 1, 10, '2022-12-01 10:19:40'),
	(957, 29, NULL, 'JUMLAH PENDAPATAN ISI RUMAH', 'RM 2,001.00 - RM 5,000.00', '6', 6, 0, 0, 1, 10, '2022-12-01 10:19:40'),
	(958, 29, NULL, 'JUMLAH PENDAPATAN ISI RUMAH', 'RM 2,000.00 DAN KE BAWAH', '8', 0, 0, 0, 1, 10, '2022-12-01 10:19:40'),
	(959, 29, NULL, 'JARAK TEMPAT TINGGAL SEMASA DENGAN TEMPAT BERTUGAS', '60 KM DAN KE ATAS', '8', 0, 0, 0, 1, 10, '2022-12-01 10:19:40'),
	(960, 29, NULL, 'JARAK TEMPAT TINGGAL SEMASA DENGAN TEMPAT BERTUGAS', '50 KM -59 KM', '6', 0, 0, 0, 1, 10, '2022-12-01 10:19:40'),
	(961, 29, NULL, 'JARAK TEMPAT TINGGAL SEMASA DENGAN TEMPAT BERTUGAS', '21 KM -49 KM', '4', 0, 0, 0, 1, 10, '2022-12-01 10:19:40'),
	(962, 29, NULL, 'JARAK TEMPAT TINGGAL SEMASA DENGAN TEMPAT BERTUGAS', '20 KM DAN KE BAWAH', '2', 2, 0, 0, 1, 10, '2022-12-01 10:19:40'),
	(963, 29, NULL, 'TEMPOH PERMOHONAN', '3 TAHUN', '14', 0, 0, 0, 1, 10, '2022-12-01 10:19:40'),
	(964, 29, NULL, 'TEMPOH PERMOHONAN', '2 TAHUN', '6', 0, 0, 0, 1, 10, '2022-12-01 10:19:40'),
	(965, 29, NULL, 'TEMPOH PERMOHONAN', '1 TAHUN', '2', 2, 0, 0, 1, 10, '2022-12-01 10:19:40'),
	(966, 29, NULL, 'FAKTOR KESIHATAN', 'PEMOHON', '6', 0, 0, 0, 1, 10, '2022-12-01 10:19:40'),
	(967, 29, NULL, 'FAKTOR KESIHATAN', 'PASANGAN', '4', 0, 0, 0, 1, 10, '2022-12-01 10:19:40'),
	(968, 29, NULL, 'FAKTOR KESIHATAN', 'ANAK-ANAK', '4', 0, 0, 0, 1, 10, '2022-12-01 10:19:40'),
	(969, 29, NULL, 'KEPENTINGAN DALAM JAWATAN', '', '10', 8, 1, 0, 1, 10, '2022-12-01 10:19:40'),
	(970, 22, NULL, 'TARAF PERKHIDMATAN', 'Perkhidmatan Awam Negeri', '20', 20, 0, 1, 1, 10, '2022-12-01 11:30:13'),
	(971, 22, NULL, 'TARAF PERKHIDMATAN', 'Badan Berkanun Persekutuan', '10', 0, 0, 1, 1, 10, '2022-12-01 11:30:13'),
	(972, 22, NULL, 'TARAF PERKHIDMATAN', 'Badan Berkanun Negeri', '8', 0, 0, 1, 1, 10, '2022-12-01 11:30:13'),
	(973, 22, NULL, 'TARAF PERKHIDMATAN', 'Perkhidmatan Awam Persekutuan', '6', 0, 0, 1, 1, 10, '2022-12-01 11:30:13'),
	(974, 22, NULL, 'TARAF PERKHIDMATAN', 'Pihak Berkuasa Tempatan', '1', 0, 0, 1, 1, 10, '2022-12-01 11:30:13'),
	(975, 22, NULL, 'TARAF JAWATAN', 'Lantikan Tetap', '10', 10, 0, 1, 1, 10, '2022-12-01 11:30:13'),
	(976, 22, NULL, 'TARAF JAWATAN', 'Lantikan Kontrak (Contract Of Service)', '8', 0, 0, 1, 1, 10, '2022-12-01 11:30:13'),
	(977, 22, NULL, 'TARAF JAWATAN', 'Lantikan Sementara', '6', 0, 0, 1, 1, 10, '2022-12-01 11:30:13'),
	(978, 22, NULL, 'TARAF JAWATAN', 'Lantikan Tetap Dan Tidak Berpencen', '6', 0, 0, 1, 1, 10, '2022-12-01 11:30:13'),
	(979, 22, NULL, 'TARAF JAWATAN', 'Lantikan Sangkut', '2', 0, 0, 1, 1, 10, '2022-12-01 11:30:13'),
	(980, 22, NULL, 'TARAF JAWATAN', 'Lantikan Sandaran', '2', 0, 0, 1, 1, 10, '2022-12-01 11:30:13'),
	(981, 22, NULL, 'TARAF JAWATAN', 'Lantikan Khidmat Singkat', '2', 0, 0, 1, 1, 10, '2022-12-01 11:30:13'),
	(982, 22, NULL, 'TARAF JAWATAN', 'Lantikan Sambilan', '2', 0, 0, 1, 1, 10, '2022-12-01 11:30:13'),
	(983, 22, NULL, 'TARAF JAWATAN', 'Lantikan Kontrak (Contract For Service)', '2', 0, 0, 1, 1, 10, '2022-12-01 11:30:13'),
	(984, 22, NULL, 'TARAF JAWATAN', 'Lantikan Sambilan (PRE2)', '2', 0, 0, 1, 1, 10, '2022-12-01 11:30:13'),
	(985, 22, NULL, 'TARAF JAWATAN', 'Lantikan Pinjaman', '2', 0, 0, 1, 1, 10, '2022-12-01 11:30:13'),
	(986, 22, NULL, 'TARAF JAWATAN', 'Lantikan Dipinjamkan', '2', 0, 0, 1, 1, 10, '2022-12-01 11:30:13'),
	(987, 22, NULL, 'TARAF JAWATAN', 'Lantikan Tambahsentara', '2', 0, 0, 1, 1, 10, '2022-12-01 11:30:13'),
	(988, 22, NULL, 'TARAF JAWATAN', 'Lantikan Berasaskan Caruman (KWSP)', '2', 0, 0, 1, 1, 10, '2022-12-01 11:30:13'),
	(989, 22, NULL, 'TARAF JAWATAN', 'Lantikan Berelaun', '2', 0, 0, 1, 1, 10, '2022-12-01 11:30:13'),
	(990, 22, NULL, 'TARAF PERKAHWINAN', 'BERKAHWIN', '10', 0, 0, 1, 1, 10, '2022-12-01 11:30:13'),
	(991, 22, NULL, 'TARAF PERKAHWINAN', 'JANDA', '8', 8, 0, 1, 1, 10, '2022-12-01 11:30:13'),
	(992, 22, NULL, 'TARAF PERKAHWINAN', 'BALU', '8', 0, 0, 1, 1, 10, '2022-12-01 11:30:13'),
	(993, 22, NULL, 'TARAF PERKAHWINAN', 'DUDA', '6', 0, 0, 1, 1, 10, '2022-12-01 11:30:13'),
	(994, 22, NULL, 'TARAF PERKAHWINAN', 'BELUM BERKAHWIN', '4', 0, 0, 1, 1, 10, '2022-12-01 11:30:13'),
	(995, 22, NULL, 'TARAF PERKAHWINAN', 'TIADA MAKLUMAT', '0', 0, 0, 1, 1, 10, '2022-12-01 11:30:13'),
	(996, 22, NULL, 'TEMPOH PERKHIDMATAN', '61 TAHUN DAN KE ATAS', '10', 0, 0, 0, 1, 10, '2022-12-01 11:30:13'),
	(997, 22, NULL, 'TEMPOH PERKHIDMATAN', '41 TAHUN -60 TAHUN', '8', 0, 0, 0, 1, 10, '2022-12-01 11:30:13'),
	(998, 22, NULL, 'TEMPOH PERKHIDMATAN', '11 TAHUN -40 TAHUN', '6', 0, 0, 0, 1, 10, '2022-12-01 11:30:13'),
	(999, 22, NULL, 'TEMPOH PERKHIDMATAN', '1 TAHUN -10 TAHUN', '4', 0, 0, 0, 1, 10, '2022-12-01 11:30:13'),
	(1000, 22, NULL, 'BILANGAN ANAK', '6 ORANG', '10', 0, 0, 0, 1, 10, '2022-12-01 11:30:13'),
	(1001, 22, NULL, 'BILANGAN ANAK', '5 ORANG', '8', 0, 0, 0, 1, 10, '2022-12-01 11:30:13'),
	(1002, 22, NULL, 'BILANGAN ANAK', '4 ORANG', '6', 0, 0, 0, 1, 10, '2022-12-01 11:30:13'),
	(1003, 22, NULL, 'BILANGAN ANAK', '3 ORANG', '4', 0, 0, 0, 1, 10, '2022-12-01 11:30:13'),
	(1004, 22, NULL, 'BILANGAN ANAK', '2 ORANG', '3', 0, 0, 0, 1, 10, '2022-12-01 11:30:13'),
	(1005, 22, NULL, 'BILANGAN ANAK', '1 ORANG', '2', 0, 0, 0, 1, 10, '2022-12-01 11:30:13'),
	(1006, 22, NULL, 'JUMLAH PENDAPATAN ISI RUMAH', 'RM 100,001.00 DAN KE ATAS', '2', 0, 0, 0, 1, 10, '2022-12-01 11:30:13'),
	(1007, 22, NULL, 'JUMLAH PENDAPATAN ISI RUMAH', 'RM 5,001.00 - RM 10,000.00', '4', 0, 0, 0, 1, 10, '2022-12-01 11:30:13'),
	(1008, 22, NULL, 'JUMLAH PENDAPATAN ISI RUMAH', 'RM 2,001.00 - RM 5,000.00', '6', 0, 0, 0, 1, 10, '2022-12-01 11:30:13'),
	(1009, 22, NULL, 'JUMLAH PENDAPATAN ISI RUMAH', 'RM 2,000.00 DAN KE BAWAH', '8', 8, 0, 0, 1, 10, '2022-12-01 11:30:13'),
	(1010, 22, NULL, 'JARAK TEMPAT TINGGAL SEMASA DENGAN TEMPAT BERTUGAS', '60 KM DAN KE ATAS', '8', 0, 0, 0, 1, 10, '2022-12-01 11:30:13'),
	(1011, 22, NULL, 'JARAK TEMPAT TINGGAL SEMASA DENGAN TEMPAT BERTUGAS', '50 KM -59 KM', '6', 0, 0, 0, 1, 10, '2022-12-01 11:30:13'),
	(1012, 22, NULL, 'JARAK TEMPAT TINGGAL SEMASA DENGAN TEMPAT BERTUGAS', '21 KM -49 KM', '4', 0, 0, 0, 1, 10, '2022-12-01 11:30:13'),
	(1013, 22, NULL, 'JARAK TEMPAT TINGGAL SEMASA DENGAN TEMPAT BERTUGAS', '20 KM DAN KE BAWAH', '2', 2, 0, 0, 1, 10, '2022-12-01 11:30:13'),
	(1014, 22, NULL, 'TEMPOH PERMOHONAN', '3 TAHUN', '14', 0, 0, 0, 1, 10, '2022-12-01 11:30:13'),
	(1015, 22, NULL, 'TEMPOH PERMOHONAN', '2 TAHUN', '6', 0, 0, 0, 1, 10, '2022-12-01 11:30:13'),
	(1016, 22, NULL, 'TEMPOH PERMOHONAN', '1 TAHUN', '2', 2, 0, 0, 1, 10, '2022-12-01 11:30:13'),
	(1017, 22, NULL, 'FAKTOR KESIHATAN', 'PEMOHON', '6', 0, 0, 0, 1, 10, '2022-12-01 11:30:13'),
	(1018, 22, NULL, 'FAKTOR KESIHATAN', 'PASANGAN', '4', 0, 0, 0, 1, 10, '2022-12-01 11:30:13'),
	(1019, 22, NULL, 'FAKTOR KESIHATAN', 'ANAK-ANAK', '4', 0, 0, 0, 1, 10, '2022-12-01 11:30:13'),
	(1020, 22, NULL, 'KEPENTINGAN DALAM JAWATAN', '', '10', 0, 1, 0, 1, 10, '2022-12-01 11:30:13'),
	(1021, 27, NULL, 'TARAF PERKHIDMATAN', 'Perkhidmatan Awam Negeri', '20', 20, 0, 1, 1, 10, '2022-12-01 11:31:03'),
	(1022, 27, NULL, 'TARAF PERKHIDMATAN', 'Badan Berkanun Persekutuan', '10', 0, 0, 1, 1, 10, '2022-12-01 11:31:03'),
	(1023, 27, NULL, 'TARAF PERKHIDMATAN', 'Badan Berkanun Negeri', '8', 0, 0, 1, 1, 10, '2022-12-01 11:31:03'),
	(1024, 27, NULL, 'TARAF PERKHIDMATAN', 'Perkhidmatan Awam Persekutuan', '6', 0, 0, 1, 1, 10, '2022-12-01 11:31:03'),
	(1025, 27, NULL, 'TARAF PERKHIDMATAN', 'Pihak Berkuasa Tempatan', '1', 0, 0, 1, 1, 10, '2022-12-01 11:31:03'),
	(1026, 27, NULL, 'TARAF JAWATAN', 'Lantikan Tetap', '10', 10, 0, 1, 1, 10, '2022-12-01 11:31:03'),
	(1027, 27, NULL, 'TARAF JAWATAN', 'Lantikan Kontrak (Contract Of Service)', '8', 0, 0, 1, 1, 10, '2022-12-01 11:31:03'),
	(1028, 27, NULL, 'TARAF JAWATAN', 'Lantikan Sementara', '6', 0, 0, 1, 1, 10, '2022-12-01 11:31:03'),
	(1029, 27, NULL, 'TARAF JAWATAN', 'Lantikan Tetap Dan Tidak Berpencen', '6', 0, 0, 1, 1, 10, '2022-12-01 11:31:03'),
	(1030, 27, NULL, 'TARAF JAWATAN', 'Lantikan Sangkut', '2', 0, 0, 1, 1, 10, '2022-12-01 11:31:03'),
	(1031, 27, NULL, 'TARAF JAWATAN', 'Lantikan Sandaran', '2', 0, 0, 1, 1, 10, '2022-12-01 11:31:03'),
	(1032, 27, NULL, 'TARAF JAWATAN', 'Lantikan Khidmat Singkat', '2', 0, 0, 1, 1, 10, '2022-12-01 11:31:03'),
	(1033, 27, NULL, 'TARAF JAWATAN', 'Lantikan Sambilan', '2', 0, 0, 1, 1, 10, '2022-12-01 11:31:03'),
	(1034, 27, NULL, 'TARAF JAWATAN', 'Lantikan Kontrak (Contract For Service)', '2', 0, 0, 1, 1, 10, '2022-12-01 11:31:03'),
	(1035, 27, NULL, 'TARAF JAWATAN', 'Lantikan Sambilan (PRE2)', '2', 0, 0, 1, 1, 10, '2022-12-01 11:31:03'),
	(1036, 27, NULL, 'TARAF JAWATAN', 'Lantikan Pinjaman', '2', 0, 0, 1, 1, 10, '2022-12-01 11:31:03'),
	(1037, 27, NULL, 'TARAF JAWATAN', 'Lantikan Dipinjamkan', '2', 0, 0, 1, 1, 10, '2022-12-01 11:31:03'),
	(1038, 27, NULL, 'TARAF JAWATAN', 'Lantikan Tambahsentara', '2', 0, 0, 1, 1, 10, '2022-12-01 11:31:03'),
	(1039, 27, NULL, 'TARAF JAWATAN', 'Lantikan Berasaskan Caruman (KWSP)', '2', 0, 0, 1, 1, 10, '2022-12-01 11:31:03'),
	(1040, 27, NULL, 'TARAF JAWATAN', 'Lantikan Berelaun', '2', 0, 0, 1, 1, 10, '2022-12-01 11:31:03'),
	(1041, 27, NULL, 'TARAF PERKAHWINAN', 'BERKAHWIN', '10', 10, 0, 1, 1, 10, '2022-12-01 11:31:03'),
	(1042, 27, NULL, 'TARAF PERKAHWINAN', 'JANDA', '8', 0, 0, 1, 1, 10, '2022-12-01 11:31:03'),
	(1043, 27, NULL, 'TARAF PERKAHWINAN', 'BALU', '8', 0, 0, 1, 1, 10, '2022-12-01 11:31:03'),
	(1044, 27, NULL, 'TARAF PERKAHWINAN', 'DUDA', '6', 0, 0, 1, 1, 10, '2022-12-01 11:31:03'),
	(1045, 27, NULL, 'TARAF PERKAHWINAN', 'BELUM BERKAHWIN', '4', 0, 0, 1, 1, 10, '2022-12-01 11:31:03'),
	(1046, 27, NULL, 'TARAF PERKAHWINAN', 'TIADA MAKLUMAT', '0', 0, 0, 1, 1, 10, '2022-12-01 11:31:03'),
	(1047, 27, NULL, 'TEMPOH PERKHIDMATAN', '61 TAHUN DAN KE ATAS', '10', 0, 0, 0, 1, 10, '2022-12-01 11:31:03'),
	(1048, 27, NULL, 'TEMPOH PERKHIDMATAN', '41 TAHUN -60 TAHUN', '8', 0, 0, 0, 1, 10, '2022-12-01 11:31:03'),
	(1049, 27, NULL, 'TEMPOH PERKHIDMATAN', '11 TAHUN -40 TAHUN', '6', 6, 0, 0, 1, 10, '2022-12-01 11:31:03'),
	(1050, 27, NULL, 'TEMPOH PERKHIDMATAN', '1 TAHUN -10 TAHUN', '4', 0, 0, 0, 1, 10, '2022-12-01 11:31:03'),
	(1051, 27, NULL, 'BILANGAN ANAK', '6 ORANG', '10', 0, 0, 0, 1, 10, '2022-12-01 11:31:03'),
	(1052, 27, NULL, 'BILANGAN ANAK', '5 ORANG', '8', 0, 0, 0, 1, 10, '2022-12-01 11:31:03'),
	(1053, 27, NULL, 'BILANGAN ANAK', '4 ORANG', '6', 0, 0, 0, 1, 10, '2022-12-01 11:31:03'),
	(1054, 27, NULL, 'BILANGAN ANAK', '3 ORANG', '4', 0, 0, 0, 1, 10, '2022-12-01 11:31:03'),
	(1055, 27, NULL, 'BILANGAN ANAK', '2 ORANG', '3', 0, 0, 0, 1, 10, '2022-12-01 11:31:03'),
	(1056, 27, NULL, 'BILANGAN ANAK', '1 ORANG', '2', 0, 0, 0, 1, 10, '2022-12-01 11:31:03'),
	(1057, 27, NULL, 'JUMLAH PENDAPATAN ISI RUMAH', 'RM 100,001.00 DAN KE ATAS', '2', 0, 0, 0, 1, 10, '2022-12-01 11:31:03'),
	(1058, 27, NULL, 'JUMLAH PENDAPATAN ISI RUMAH', 'RM 5,001.00 - RM 10,000.00', '4', 0, 0, 0, 1, 10, '2022-12-01 11:31:03'),
	(1059, 27, NULL, 'JUMLAH PENDAPATAN ISI RUMAH', 'RM 2,001.00 - RM 5,000.00', '6', 0, 0, 0, 1, 10, '2022-12-01 11:31:03'),
	(1060, 27, NULL, 'JUMLAH PENDAPATAN ISI RUMAH', 'RM 2,000.00 DAN KE BAWAH', '8', 8, 0, 0, 1, 10, '2022-12-01 11:31:03'),
	(1061, 27, NULL, 'JARAK TEMPAT TINGGAL SEMASA DENGAN TEMPAT BERTUGAS', '60 KM DAN KE ATAS', '8', 0, 0, 0, 1, 10, '2022-12-01 11:31:03'),
	(1062, 27, NULL, 'JARAK TEMPAT TINGGAL SEMASA DENGAN TEMPAT BERTUGAS', '50 KM -59 KM', '6', 0, 0, 0, 1, 10, '2022-12-01 11:31:03'),
	(1063, 27, NULL, 'JARAK TEMPAT TINGGAL SEMASA DENGAN TEMPAT BERTUGAS', '21 KM -49 KM', '4', 0, 0, 0, 1, 10, '2022-12-01 11:31:03'),
	(1064, 27, NULL, 'JARAK TEMPAT TINGGAL SEMASA DENGAN TEMPAT BERTUGAS', '20 KM DAN KE BAWAH', '2', 2, 0, 0, 1, 10, '2022-12-01 11:31:03'),
	(1065, 27, NULL, 'TEMPOH PERMOHONAN', '3 TAHUN', '14', 0, 0, 0, 1, 10, '2022-12-01 11:31:03'),
	(1066, 27, NULL, 'TEMPOH PERMOHONAN', '2 TAHUN', '6', 0, 0, 0, 1, 10, '2022-12-01 11:31:03'),
	(1067, 27, NULL, 'TEMPOH PERMOHONAN', '1 TAHUN', '2', 2, 0, 0, 1, 10, '2022-12-01 11:31:03'),
	(1068, 27, NULL, 'FAKTOR KESIHATAN', 'PEMOHON', '6', 0, 0, 0, 1, 10, '2022-12-01 11:31:03'),
	(1069, 27, NULL, 'FAKTOR KESIHATAN', 'PASANGAN', '4', 0, 0, 0, 1, 10, '2022-12-01 11:31:03'),
	(1070, 27, NULL, 'FAKTOR KESIHATAN', 'ANAK-ANAK', '4', 0, 0, 0, 1, 10, '2022-12-01 11:31:03'),
	(1071, 27, NULL, 'KEPENTINGAN DALAM JAWATAN', '', '10', 0, 1, 0, 1, 10, '2022-12-01 11:31:03'),
	(1072, 30, NULL, 'TARAF PERKHIDMATAN', 'Perkhidmatan Awam Negeri', '20', 0, 0, 1, 1, 10, '2022-12-02 07:28:18'),
	(1073, 30, NULL, 'TARAF PERKHIDMATAN', 'Badan Berkanun Persekutuan', '10', 0, 0, 1, 1, 10, '2022-12-02 07:28:18'),
	(1074, 30, NULL, 'TARAF PERKHIDMATAN', 'Badan Berkanun Negeri', '8', 8, 0, 1, 1, 10, '2022-12-02 07:28:18'),
	(1075, 30, NULL, 'TARAF PERKHIDMATAN', 'Perkhidmatan Awam Persekutuan', '6', 0, 0, 1, 1, 10, '2022-12-02 07:28:18'),
	(1076, 30, NULL, 'TARAF PERKHIDMATAN', 'Pihak Berkuasa Tempatan', '1', 0, 0, 1, 1, 10, '2022-12-02 07:28:18'),
	(1077, 30, NULL, 'TARAF JAWATAN', 'Lantikan Tetap', '10', 10, 0, 1, 1, 10, '2022-12-02 07:28:18'),
	(1078, 30, NULL, 'TARAF JAWATAN', 'Lantikan Kontrak (Contract Of Service)', '8', 0, 0, 1, 1, 10, '2022-12-02 07:28:18'),
	(1079, 30, NULL, 'TARAF JAWATAN', 'Lantikan Sementara', '6', 0, 0, 1, 1, 10, '2022-12-02 07:28:18'),
	(1080, 30, NULL, 'TARAF JAWATAN', 'Lantikan Tetap Dan Tidak Berpencen', '6', 0, 0, 1, 1, 10, '2022-12-02 07:28:18'),
	(1081, 30, NULL, 'TARAF JAWATAN', 'Lantikan Sangkut', '2', 0, 0, 1, 1, 10, '2022-12-02 07:28:18'),
	(1082, 30, NULL, 'TARAF JAWATAN', 'Lantikan Sandaran', '2', 0, 0, 1, 1, 10, '2022-12-02 07:28:18'),
	(1083, 30, NULL, 'TARAF JAWATAN', 'Lantikan Khidmat Singkat', '2', 0, 0, 1, 1, 10, '2022-12-02 07:28:18'),
	(1084, 30, NULL, 'TARAF JAWATAN', 'Lantikan Sambilan', '2', 0, 0, 1, 1, 10, '2022-12-02 07:28:18'),
	(1085, 30, NULL, 'TARAF JAWATAN', 'Lantikan Kontrak (Contract For Service)', '2', 0, 0, 1, 1, 10, '2022-12-02 07:28:18'),
	(1086, 30, NULL, 'TARAF JAWATAN', 'Lantikan Sambilan (PRE2)', '2', 0, 0, 1, 1, 10, '2022-12-02 07:28:18'),
	(1087, 30, NULL, 'TARAF JAWATAN', 'Lantikan Pinjaman', '2', 0, 0, 1, 1, 10, '2022-12-02 07:28:18'),
	(1088, 30, NULL, 'TARAF JAWATAN', 'Lantikan Dipinjamkan', '2', 0, 0, 1, 1, 10, '2022-12-02 07:28:18'),
	(1089, 30, NULL, 'TARAF JAWATAN', 'Lantikan Tambahsentara', '2', 0, 0, 1, 1, 10, '2022-12-02 07:28:18'),
	(1090, 30, NULL, 'TARAF JAWATAN', 'Lantikan Berasaskan Caruman (KWSP)', '2', 0, 0, 1, 1, 10, '2022-12-02 07:28:18'),
	(1091, 30, NULL, 'TARAF JAWATAN', 'Lantikan Berelaun', '2', 0, 0, 1, 1, 10, '2022-12-02 07:28:18'),
	(1092, 30, NULL, 'TARAF PERKAHWINAN', 'BERKAHWIN', '10', 10, 0, 1, 1, 10, '2022-12-02 07:28:18'),
	(1093, 30, NULL, 'TARAF PERKAHWINAN', 'JANDA', '8', 0, 0, 1, 1, 10, '2022-12-02 07:28:18'),
	(1094, 30, NULL, 'TARAF PERKAHWINAN', 'BALU', '8', 0, 0, 1, 1, 10, '2022-12-02 07:28:18'),
	(1095, 30, NULL, 'TARAF PERKAHWINAN', 'DUDA', '6', 0, 0, 1, 1, 10, '2022-12-02 07:28:18'),
	(1096, 30, NULL, 'TARAF PERKAHWINAN', 'BELUM BERKAHWIN', '4', 0, 0, 1, 1, 10, '2022-12-02 07:28:18'),
	(1097, 30, NULL, 'TARAF PERKAHWINAN', 'TIADA MAKLUMAT', '0', 0, 0, 1, 1, 10, '2022-12-02 07:28:18'),
	(1098, 30, NULL, 'TEMPOH PERKHIDMATAN', '61 TAHUN DAN KE ATAS', '10', 0, 0, 0, 1, 10, '2022-12-02 07:28:18'),
	(1099, 30, NULL, 'TEMPOH PERKHIDMATAN', '41 TAHUN -60 TAHUN', '8', 0, 0, 0, 1, 10, '2022-12-02 07:28:18'),
	(1100, 30, NULL, 'TEMPOH PERKHIDMATAN', '11 TAHUN -40 TAHUN', '6', 6, 0, 0, 1, 10, '2022-12-02 07:28:18'),
	(1101, 30, NULL, 'TEMPOH PERKHIDMATAN', '1 TAHUN -10 TAHUN', '4', 0, 0, 0, 1, 10, '2022-12-02 07:28:18'),
	(1102, 30, NULL, 'BILANGAN ANAK', '6 ORANG', '10', 0, 0, 0, 1, 10, '2022-12-02 07:28:18'),
	(1103, 30, NULL, 'BILANGAN ANAK', '5 ORANG', '8', 0, 0, 0, 1, 10, '2022-12-02 07:28:18'),
	(1104, 30, NULL, 'BILANGAN ANAK', '4 ORANG', '6', 0, 0, 0, 1, 10, '2022-12-02 07:28:18'),
	(1105, 30, NULL, 'BILANGAN ANAK', '3 ORANG', '4', 0, 0, 0, 1, 10, '2022-12-02 07:28:18'),
	(1106, 30, NULL, 'BILANGAN ANAK', '2 ORANG', '3', 0, 0, 0, 1, 10, '2022-12-02 07:28:18'),
	(1107, 30, NULL, 'BILANGAN ANAK', '1 ORANG', '2', 2, 0, 0, 1, 10, '2022-12-02 07:28:18'),
	(1108, 30, NULL, 'JUMLAH PENDAPATAN ISI RUMAH', 'RM 100,001.00 DAN KE ATAS', '2', 0, 0, 0, 1, 10, '2022-12-02 07:28:18'),
	(1109, 30, NULL, 'JUMLAH PENDAPATAN ISI RUMAH', 'RM 5,001.00 - RM 10,000.00', '4', 0, 0, 0, 1, 10, '2022-12-02 07:28:18'),
	(1110, 30, NULL, 'JUMLAH PENDAPATAN ISI RUMAH', 'RM 2,001.00 - RM 5,000.00', '6', 0, 0, 0, 1, 10, '2022-12-02 07:28:18'),
	(1111, 30, NULL, 'JUMLAH PENDAPATAN ISI RUMAH', 'RM 2,000.00 DAN KE BAWAH', '8', 0, 0, 0, 1, 10, '2022-12-02 07:28:18'),
	(1112, 30, NULL, 'JARAK TEMPAT TINGGAL SEMASA DENGAN TEMPAT BERTUGAS', '60 KM DAN KE ATAS', '8', 0, 0, 0, 1, 10, '2022-12-02 07:28:18'),
	(1113, 30, NULL, 'JARAK TEMPAT TINGGAL SEMASA DENGAN TEMPAT BERTUGAS', '50 KM -59 KM', '6', 0, 0, 0, 1, 10, '2022-12-02 07:28:18'),
	(1114, 30, NULL, 'JARAK TEMPAT TINGGAL SEMASA DENGAN TEMPAT BERTUGAS', '21 KM -49 KM', '4', 0, 0, 0, 1, 10, '2022-12-02 07:28:18'),
	(1115, 30, NULL, 'JARAK TEMPAT TINGGAL SEMASA DENGAN TEMPAT BERTUGAS', '20 KM DAN KE BAWAH', '2', 2, 0, 0, 1, 10, '2022-12-02 07:28:18'),
	(1116, 30, NULL, 'TEMPOH PERMOHONAN', '3 TAHUN', '14', 0, 0, 0, 1, 10, '2022-12-02 07:28:18'),
	(1117, 30, NULL, 'TEMPOH PERMOHONAN', '2 TAHUN', '6', 0, 0, 0, 1, 10, '2022-12-02 07:28:18'),
	(1118, 30, NULL, 'TEMPOH PERMOHONAN', '1 TAHUN', '2', 2, 0, 0, 1, 10, '2022-12-02 07:28:18'),
	(1119, 30, NULL, 'FAKTOR KESIHATAN', 'PEMOHON', '6', 6, 0, 0, 1, 10, '2022-12-02 07:28:18'),
	(1120, 30, NULL, 'FAKTOR KESIHATAN', 'PASANGAN', '4', 0, 0, 0, 1, 10, '2022-12-02 07:28:18'),
	(1121, 30, NULL, 'FAKTOR KESIHATAN', 'ANAK-ANAK', '4', 0, 0, 0, 1, 10, '2022-12-02 07:28:18'),
	(1122, 30, NULL, 'KEPENTINGAN DALAM JAWATAN', '', '10', 10, 1, 0, 1, 10, '2022-12-02 07:28:18'),
	(1123, 37, NULL, 'TARAF PERKHIDMATAN', 'Perkhidmatan Awam Negeri', '20', 20, 0, 1, 1, 10, '2022-12-03 21:45:44'),
	(1124, 37, NULL, 'TARAF PERKHIDMATAN', 'Badan Berkanun Persekutuan', '10', 0, 0, 1, 1, 10, '2022-12-03 21:45:44'),
	(1125, 37, NULL, 'TARAF PERKHIDMATAN', 'Badan Berkanun Negeri', '8', 0, 0, 1, 1, 10, '2022-12-03 21:45:44'),
	(1126, 37, NULL, 'TARAF PERKHIDMATAN', 'Perkhidmatan Awam Persekutuan', '6', 0, 0, 1, 1, 10, '2022-12-03 21:45:44'),
	(1127, 37, NULL, 'TARAF PERKHIDMATAN', 'Pihak Berkuasa Tempatan', '1', 0, 0, 1, 1, 10, '2022-12-03 21:45:44'),
	(1128, 37, NULL, 'TARAF JAWATAN', 'Lantikan Tetap', '10', 10, 0, 1, 1, 10, '2022-12-03 21:45:44'),
	(1129, 37, NULL, 'TARAF JAWATAN', 'Lantikan Kontrak (Contract Of Service)', '8', 0, 0, 1, 1, 10, '2022-12-03 21:45:44'),
	(1130, 37, NULL, 'TARAF JAWATAN', 'Lantikan Sementara', '6', 0, 0, 1, 1, 10, '2022-12-03 21:45:44'),
	(1131, 37, NULL, 'TARAF JAWATAN', 'Lantikan Tetap Dan Tidak Berpencen', '6', 0, 0, 1, 1, 10, '2022-12-03 21:45:44'),
	(1132, 37, NULL, 'TARAF JAWATAN', 'Lantikan Sangkut', '2', 0, 0, 1, 1, 10, '2022-12-03 21:45:44'),
	(1133, 37, NULL, 'TARAF JAWATAN', 'Lantikan Sandaran', '2', 0, 0, 1, 1, 10, '2022-12-03 21:45:44'),
	(1134, 37, NULL, 'TARAF JAWATAN', 'Lantikan Khidmat Singkat', '2', 0, 0, 1, 1, 10, '2022-12-03 21:45:44'),
	(1135, 37, NULL, 'TARAF JAWATAN', 'Lantikan Sambilan', '2', 0, 0, 1, 1, 10, '2022-12-03 21:45:44'),
	(1136, 37, NULL, 'TARAF JAWATAN', 'Lantikan Kontrak (Contract For Service)', '2', 0, 0, 1, 1, 10, '2022-12-03 21:45:44'),
	(1137, 37, NULL, 'TARAF JAWATAN', 'Lantikan Sambilan (PRE2)', '2', 0, 0, 1, 1, 10, '2022-12-03 21:45:44'),
	(1138, 37, NULL, 'TARAF JAWATAN', 'Lantikan Pinjaman', '2', 0, 0, 1, 1, 10, '2022-12-03 21:45:44'),
	(1139, 37, NULL, 'TARAF JAWATAN', 'Lantikan Dipinjamkan', '2', 0, 0, 1, 1, 10, '2022-12-03 21:45:44'),
	(1140, 37, NULL, 'TARAF JAWATAN', 'Lantikan Tambahsentara', '2', 0, 0, 1, 1, 10, '2022-12-03 21:45:44'),
	(1141, 37, NULL, 'TARAF JAWATAN', 'Lantikan Berasaskan Caruman (KWSP)', '2', 0, 0, 1, 1, 10, '2022-12-03 21:45:44'),
	(1142, 37, NULL, 'TARAF JAWATAN', 'Lantikan Berelaun', '2', 0, 0, 1, 1, 10, '2022-12-03 21:45:44'),
	(1143, 37, NULL, 'TARAF PERKAHWINAN', 'BERKAHWIN', '10', 10, 0, 1, 1, 10, '2022-12-03 21:45:44'),
	(1144, 37, NULL, 'TARAF PERKAHWINAN', 'JANDA', '8', 0, 0, 1, 1, 10, '2022-12-03 21:45:44'),
	(1145, 37, NULL, 'TARAF PERKAHWINAN', 'BALU', '8', 0, 0, 1, 1, 10, '2022-12-03 21:45:44'),
	(1146, 37, NULL, 'TARAF PERKAHWINAN', 'DUDA', '6', 0, 0, 1, 1, 10, '2022-12-03 21:45:44'),
	(1147, 37, NULL, 'TARAF PERKAHWINAN', 'BELUM BERKAHWIN', '4', 0, 0, 1, 1, 10, '2022-12-03 21:45:44'),
	(1148, 37, NULL, 'TARAF PERKAHWINAN', 'TIADA MAKLUMAT', '0', 0, 0, 1, 1, 10, '2022-12-03 21:45:44'),
	(1149, 37, NULL, 'TEMPOH PERKHIDMATAN', '61 TAHUN DAN KE ATAS', '10', 0, 0, 0, 1, 10, '2022-12-03 21:45:44'),
	(1150, 37, NULL, 'TEMPOH PERKHIDMATAN', '41 TAHUN -60 TAHUN', '8', 0, 0, 0, 1, 10, '2022-12-03 21:45:44'),
	(1151, 37, NULL, 'TEMPOH PERKHIDMATAN', '11 TAHUN -40 TAHUN', '6', 0, 0, 0, 1, 10, '2022-12-03 21:45:44'),
	(1152, 37, NULL, 'TEMPOH PERKHIDMATAN', '1 TAHUN -10 TAHUN', '4', 4, 0, 0, 1, 10, '2022-12-03 21:45:44'),
	(1153, 37, NULL, 'BILANGAN ANAK', '6 ORANG', '10', 0, 0, 0, 1, 10, '2022-12-03 21:45:44'),
	(1154, 37, NULL, 'BILANGAN ANAK', '5 ORANG', '8', 0, 0, 0, 1, 10, '2022-12-03 21:45:44'),
	(1155, 37, NULL, 'BILANGAN ANAK', '4 ORANG', '6', 0, 0, 0, 1, 10, '2022-12-03 21:45:44'),
	(1156, 37, NULL, 'BILANGAN ANAK', '3 ORANG', '4', 0, 0, 0, 1, 10, '2022-12-03 21:45:44'),
	(1157, 37, NULL, 'BILANGAN ANAK', '2 ORANG', '3', 3, 0, 0, 1, 10, '2022-12-03 21:45:44'),
	(1158, 37, NULL, 'BILANGAN ANAK', '1 ORANG', '2', 0, 0, 0, 1, 10, '2022-12-03 21:45:44'),
	(1159, 37, NULL, 'JUMLAH PENDAPATAN ISI RUMAH', 'RM 100,001.00 DAN KE ATAS', '2', 0, 0, 0, 1, 10, '2022-12-03 21:45:44'),
	(1160, 37, NULL, 'JUMLAH PENDAPATAN ISI RUMAH', 'RM 5,001.00 - RM 10,000.00', '4', 0, 0, 0, 1, 10, '2022-12-03 21:45:44'),
	(1161, 37, NULL, 'JUMLAH PENDAPATAN ISI RUMAH', 'RM 2,001.00 - RM 5,000.00', '6', 6, 0, 0, 1, 10, '2022-12-03 21:45:44'),
	(1162, 37, NULL, 'JUMLAH PENDAPATAN ISI RUMAH', 'RM 2,000.00 DAN KE BAWAH', '8', 0, 0, 0, 1, 10, '2022-12-03 21:45:44'),
	(1163, 37, NULL, 'JARAK TEMPAT TINGGAL SEMASA DENGAN TEMPAT BERTUGAS', '60 KM DAN KE ATAS', '8', 0, 0, 0, 1, 10, '2022-12-03 21:45:44'),
	(1164, 37, NULL, 'JARAK TEMPAT TINGGAL SEMASA DENGAN TEMPAT BERTUGAS', '50 KM -59 KM', '6', 0, 0, 0, 1, 10, '2022-12-03 21:45:44'),
	(1165, 37, NULL, 'JARAK TEMPAT TINGGAL SEMASA DENGAN TEMPAT BERTUGAS', '21 KM -49 KM', '4', 0, 0, 0, 1, 10, '2022-12-03 21:45:44'),
	(1166, 37, NULL, 'JARAK TEMPAT TINGGAL SEMASA DENGAN TEMPAT BERTUGAS', '20 KM DAN KE BAWAH', '2', 2, 0, 0, 1, 10, '2022-12-03 21:45:44'),
	(1167, 37, NULL, 'TEMPOH PERMOHONAN', '3 TAHUN', '14', 0, 0, 0, 1, 10, '2022-12-03 21:45:44'),
	(1168, 37, NULL, 'TEMPOH PERMOHONAN', '2 TAHUN', '6', 0, 0, 0, 1, 10, '2022-12-03 21:45:44'),
	(1169, 37, NULL, 'TEMPOH PERMOHONAN', '1 TAHUN', '2', 2, 0, 0, 1, 10, '2022-12-03 21:45:44'),
	(1170, 37, NULL, 'FAKTOR KESIHATAN', 'PEMOHON', '6', 6, 0, 0, 1, 10, '2022-12-03 21:45:44'),
	(1171, 37, NULL, 'FAKTOR KESIHATAN', 'PASANGAN', '4', 0, 0, 0, 1, 10, '2022-12-03 21:45:44'),
	(1172, 37, NULL, 'FAKTOR KESIHATAN', 'ANAK-ANAK', '4', 0, 0, 0, 1, 10, '2022-12-03 21:45:44'),
	(1173, 37, NULL, 'KEPENTINGAN DALAM JAWATAN', '', '10', 10, 1, 0, 1, 10, '2022-12-03 21:45:44'),
	(1174, 33, NULL, 'TARAF PERKHIDMATAN', 'Perkhidmatan Awam Negeri', '20', 20, 0, 1, 1, 10, '2022-12-03 22:48:26'),
	(1175, 33, NULL, 'TARAF PERKHIDMATAN', 'Badan Berkanun Persekutuan', '10', 0, 0, 1, 1, 10, '2022-12-03 22:48:26'),
	(1176, 33, NULL, 'TARAF PERKHIDMATAN', 'Badan Berkanun Negeri', '8', 0, 0, 1, 1, 10, '2022-12-03 22:48:26'),
	(1177, 33, NULL, 'TARAF PERKHIDMATAN', 'Perkhidmatan Awam Persekutuan', '6', 0, 0, 1, 1, 10, '2022-12-03 22:48:26'),
	(1178, 33, NULL, 'TARAF PERKHIDMATAN', 'Pihak Berkuasa Tempatan', '1', 0, 0, 1, 1, 10, '2022-12-03 22:48:26'),
	(1179, 33, NULL, 'TARAF JAWATAN', 'Lantikan Tetap', '10', 10, 0, 1, 1, 10, '2022-12-03 22:48:26'),
	(1180, 33, NULL, 'TARAF JAWATAN', 'Lantikan Kontrak (Contract Of Service)', '8', 0, 0, 1, 1, 10, '2022-12-03 22:48:26'),
	(1181, 33, NULL, 'TARAF JAWATAN', 'Lantikan Sementara', '6', 0, 0, 1, 1, 10, '2022-12-03 22:48:26'),
	(1182, 33, NULL, 'TARAF JAWATAN', 'Lantikan Tetap Dan Tidak Berpencen', '6', 0, 0, 1, 1, 10, '2022-12-03 22:48:26'),
	(1183, 33, NULL, 'TARAF JAWATAN', 'Lantikan Sangkut', '2', 0, 0, 1, 1, 10, '2022-12-03 22:48:26'),
	(1184, 33, NULL, 'TARAF JAWATAN', 'Lantikan Sandaran', '2', 0, 0, 1, 1, 10, '2022-12-03 22:48:26'),
	(1185, 33, NULL, 'TARAF JAWATAN', 'Lantikan Khidmat Singkat', '2', 0, 0, 1, 1, 10, '2022-12-03 22:48:26'),
	(1186, 33, NULL, 'TARAF JAWATAN', 'Lantikan Sambilan', '2', 0, 0, 1, 1, 10, '2022-12-03 22:48:26'),
	(1187, 33, NULL, 'TARAF JAWATAN', 'Lantikan Kontrak (Contract For Service)', '2', 0, 0, 1, 1, 10, '2022-12-03 22:48:26'),
	(1188, 33, NULL, 'TARAF JAWATAN', 'Lantikan Sambilan (PRE2)', '2', 0, 0, 1, 1, 10, '2022-12-03 22:48:26'),
	(1189, 33, NULL, 'TARAF JAWATAN', 'Lantikan Pinjaman', '2', 0, 0, 1, 1, 10, '2022-12-03 22:48:26'),
	(1190, 33, NULL, 'TARAF JAWATAN', 'Lantikan Dipinjamkan', '2', 0, 0, 1, 1, 10, '2022-12-03 22:48:26'),
	(1191, 33, NULL, 'TARAF JAWATAN', 'Lantikan Tambahsentara', '2', 0, 0, 1, 1, 10, '2022-12-03 22:48:26'),
	(1192, 33, NULL, 'TARAF JAWATAN', 'Lantikan Berasaskan Caruman (KWSP)', '2', 0, 0, 1, 1, 10, '2022-12-03 22:48:26'),
	(1193, 33, NULL, 'TARAF JAWATAN', 'Lantikan Berelaun', '2', 0, 0, 1, 1, 10, '2022-12-03 22:48:26'),
	(1194, 33, NULL, 'TARAF PERKAHWINAN', 'BERKAHWIN', '10', 0, 0, 1, 1, 10, '2022-12-03 22:48:26'),
	(1195, 33, NULL, 'TARAF PERKAHWINAN', 'JANDA', '8', 0, 0, 1, 1, 10, '2022-12-03 22:48:26'),
	(1196, 33, NULL, 'TARAF PERKAHWINAN', 'BALU', '8', 0, 0, 1, 1, 10, '2022-12-03 22:48:26'),
	(1197, 33, NULL, 'TARAF PERKAHWINAN', 'DUDA', '6', 0, 0, 1, 1, 10, '2022-12-03 22:48:26'),
	(1198, 33, NULL, 'TARAF PERKAHWINAN', 'BELUM BERKAHWIN', '4', 4, 0, 1, 1, 10, '2022-12-03 22:48:26'),
	(1199, 33, NULL, 'TARAF PERKAHWINAN', 'TIADA MAKLUMAT', '0', 0, 0, 1, 1, 10, '2022-12-03 22:48:26'),
	(1200, 33, NULL, 'TEMPOH PERKHIDMATAN', '61 TAHUN DAN KE ATAS', '10', 0, 0, 0, 1, 10, '2022-12-03 22:48:26'),
	(1201, 33, NULL, 'TEMPOH PERKHIDMATAN', '41 TAHUN -60 TAHUN', '8', 0, 0, 0, 1, 10, '2022-12-03 22:48:26'),
	(1202, 33, NULL, 'TEMPOH PERKHIDMATAN', '11 TAHUN -40 TAHUN', '6', 6, 0, 0, 1, 10, '2022-12-03 22:48:26'),
	(1203, 33, NULL, 'TEMPOH PERKHIDMATAN', '1 TAHUN -10 TAHUN', '4', 0, 0, 0, 1, 10, '2022-12-03 22:48:26'),
	(1204, 33, NULL, 'BILANGAN ANAK', '6 ORANG', '10', 0, 0, 0, 1, 10, '2022-12-03 22:48:26'),
	(1205, 33, NULL, 'BILANGAN ANAK', '5 ORANG', '8', 0, 0, 0, 1, 10, '2022-12-03 22:48:26'),
	(1206, 33, NULL, 'BILANGAN ANAK', '4 ORANG', '6', 0, 0, 0, 1, 10, '2022-12-03 22:48:26'),
	(1207, 33, NULL, 'BILANGAN ANAK', '3 ORANG', '4', 0, 0, 0, 1, 10, '2022-12-03 22:48:26'),
	(1208, 33, NULL, 'BILANGAN ANAK', '2 ORANG', '3', 0, 0, 0, 1, 10, '2022-12-03 22:48:26'),
	(1209, 33, NULL, 'BILANGAN ANAK', '1 ORANG', '2', 0, 0, 0, 1, 10, '2022-12-03 22:48:26'),
	(1210, 33, NULL, 'JUMLAH PENDAPATAN ISI RUMAH', 'RM 100,001.00 DAN KE ATAS', '2', 0, 0, 0, 1, 10, '2022-12-03 22:48:26'),
	(1211, 33, NULL, 'JUMLAH PENDAPATAN ISI RUMAH', 'RM 5,001.00 - RM 10,000.00', '4', 0, 0, 0, 1, 10, '2022-12-03 22:48:26'),
	(1212, 33, NULL, 'JUMLAH PENDAPATAN ISI RUMAH', 'RM 2,001.00 - RM 5,000.00', '6', 0, 0, 0, 1, 10, '2022-12-03 22:48:26'),
	(1213, 33, NULL, 'JUMLAH PENDAPATAN ISI RUMAH', 'RM 2,000.00 DAN KE BAWAH', '8', 8, 0, 0, 1, 10, '2022-12-03 22:48:26'),
	(1214, 33, NULL, 'JARAK TEMPAT TINGGAL SEMASA DENGAN TEMPAT BERTUGAS', '60 KM DAN KE ATAS', '8', 0, 0, 0, 1, 10, '2022-12-03 22:48:26'),
	(1215, 33, NULL, 'JARAK TEMPAT TINGGAL SEMASA DENGAN TEMPAT BERTUGAS', '50 KM -59 KM', '6', 0, 0, 0, 1, 10, '2022-12-03 22:48:26'),
	(1216, 33, NULL, 'JARAK TEMPAT TINGGAL SEMASA DENGAN TEMPAT BERTUGAS', '21 KM -49 KM', '4', 0, 0, 0, 1, 10, '2022-12-03 22:48:26'),
	(1217, 33, NULL, 'JARAK TEMPAT TINGGAL SEMASA DENGAN TEMPAT BERTUGAS', '20 KM DAN KE BAWAH', '2', 2, 0, 0, 1, 10, '2022-12-03 22:48:26'),
	(1218, 33, NULL, 'TEMPOH PERMOHONAN', '3 TAHUN', '14', 0, 0, 0, 1, 10, '2022-12-03 22:48:26'),
	(1219, 33, NULL, 'TEMPOH PERMOHONAN', '2 TAHUN', '6', 0, 0, 0, 1, 10, '2022-12-03 22:48:26'),
	(1220, 33, NULL, 'TEMPOH PERMOHONAN', '1 TAHUN', '2', 2, 0, 0, 1, 10, '2022-12-03 22:48:26'),
	(1221, 33, NULL, 'FAKTOR KESIHATAN', 'PEMOHON', '6', 0, 0, 0, 1, 10, '2022-12-03 22:48:26'),
	(1222, 33, NULL, 'FAKTOR KESIHATAN', 'PASANGAN', '4', 0, 0, 0, 1, 10, '2022-12-03 22:48:26'),
	(1223, 33, NULL, 'FAKTOR KESIHATAN', 'ANAK-ANAK', '4', 0, 0, 0, 1, 10, '2022-12-03 22:48:26'),
	(1224, 33, NULL, 'KEPENTINGAN DALAM JAWATAN', '', '10', 10, 1, 0, 1, 10, '2022-12-03 22:48:26'),
	(1225, 34, NULL, 'TARAF PERKHIDMATAN', 'Perkhidmatan Awam Negeri', '20', 0, 0, 1, 1, 10, '2022-12-03 22:54:48'),
	(1226, 34, NULL, 'TARAF PERKHIDMATAN', 'Badan Berkanun Persekutuan', '10', 0, 0, 1, 1, 10, '2022-12-03 22:54:48'),
	(1227, 34, NULL, 'TARAF PERKHIDMATAN', 'Badan Berkanun Negeri', '8', 8, 0, 1, 1, 10, '2022-12-03 22:54:48'),
	(1228, 34, NULL, 'TARAF PERKHIDMATAN', 'Perkhidmatan Awam Persekutuan', '6', 0, 0, 1, 1, 10, '2022-12-03 22:54:48'),
	(1229, 34, NULL, 'TARAF PERKHIDMATAN', 'Pihak Berkuasa Tempatan', '1', 0, 0, 1, 1, 10, '2022-12-03 22:54:48'),
	(1230, 34, NULL, 'TARAF JAWATAN', 'Lantikan Tetap', '10', 10, 0, 1, 1, 10, '2022-12-03 22:54:48'),
	(1231, 34, NULL, 'TARAF JAWATAN', 'Lantikan Kontrak (Contract Of Service)', '8', 0, 0, 1, 1, 10, '2022-12-03 22:54:48'),
	(1232, 34, NULL, 'TARAF JAWATAN', 'Lantikan Sementara', '6', 0, 0, 1, 1, 10, '2022-12-03 22:54:48'),
	(1233, 34, NULL, 'TARAF JAWATAN', 'Lantikan Tetap Dan Tidak Berpencen', '6', 0, 0, 1, 1, 10, '2022-12-03 22:54:48'),
	(1234, 34, NULL, 'TARAF JAWATAN', 'Lantikan Sangkut', '2', 0, 0, 1, 1, 10, '2022-12-03 22:54:48'),
	(1235, 34, NULL, 'TARAF JAWATAN', 'Lantikan Sandaran', '2', 0, 0, 1, 1, 10, '2022-12-03 22:54:48'),
	(1236, 34, NULL, 'TARAF JAWATAN', 'Lantikan Khidmat Singkat', '2', 0, 0, 1, 1, 10, '2022-12-03 22:54:48'),
	(1237, 34, NULL, 'TARAF JAWATAN', 'Lantikan Sambilan', '2', 0, 0, 1, 1, 10, '2022-12-03 22:54:48'),
	(1238, 34, NULL, 'TARAF JAWATAN', 'Lantikan Kontrak (Contract For Service)', '2', 0, 0, 1, 1, 10, '2022-12-03 22:54:48'),
	(1239, 34, NULL, 'TARAF JAWATAN', 'Lantikan Sambilan (PRE2)', '2', 0, 0, 1, 1, 10, '2022-12-03 22:54:48'),
	(1240, 34, NULL, 'TARAF JAWATAN', 'Lantikan Pinjaman', '2', 0, 0, 1, 1, 10, '2022-12-03 22:54:48'),
	(1241, 34, NULL, 'TARAF JAWATAN', 'Lantikan Dipinjamkan', '2', 0, 0, 1, 1, 10, '2022-12-03 22:54:48'),
	(1242, 34, NULL, 'TARAF JAWATAN', 'Lantikan Tambahsentara', '2', 0, 0, 1, 1, 10, '2022-12-03 22:54:48'),
	(1243, 34, NULL, 'TARAF JAWATAN', 'Lantikan Berasaskan Caruman (KWSP)', '2', 0, 0, 1, 1, 10, '2022-12-03 22:54:48'),
	(1244, 34, NULL, 'TARAF JAWATAN', 'Lantikan Berelaun', '2', 0, 0, 1, 1, 10, '2022-12-03 22:54:48'),
	(1245, 34, NULL, 'TARAF PERKAHWINAN', 'BERKAHWIN', '10', 10, 0, 1, 1, 10, '2022-12-03 22:54:48'),
	(1246, 34, NULL, 'TARAF PERKAHWINAN', 'JANDA', '8', 0, 0, 1, 1, 10, '2022-12-03 22:54:48'),
	(1247, 34, NULL, 'TARAF PERKAHWINAN', 'BALU', '8', 0, 0, 1, 1, 10, '2022-12-03 22:54:48'),
	(1248, 34, NULL, 'TARAF PERKAHWINAN', 'DUDA', '6', 0, 0, 1, 1, 10, '2022-12-03 22:54:48'),
	(1249, 34, NULL, 'TARAF PERKAHWINAN', 'BELUM BERKAHWIN', '4', 0, 0, 1, 1, 10, '2022-12-03 22:54:48'),
	(1250, 34, NULL, 'TARAF PERKAHWINAN', 'TIADA MAKLUMAT', '0', 0, 0, 1, 1, 10, '2022-12-03 22:54:48'),
	(1251, 34, NULL, 'TEMPOH PERKHIDMATAN', '61 TAHUN DAN KE ATAS', '10', 0, 0, 0, 1, 10, '2022-12-03 22:54:48'),
	(1252, 34, NULL, 'TEMPOH PERKHIDMATAN', '41 TAHUN -60 TAHUN', '8', 0, 0, 0, 1, 10, '2022-12-03 22:54:48'),
	(1253, 34, NULL, 'TEMPOH PERKHIDMATAN', '11 TAHUN -40 TAHUN', '6', 6, 0, 0, 1, 10, '2022-12-03 22:54:48'),
	(1254, 34, NULL, 'TEMPOH PERKHIDMATAN', '1 TAHUN -10 TAHUN', '4', 0, 0, 0, 1, 10, '2022-12-03 22:54:48'),
	(1255, 34, NULL, 'BILANGAN ANAK', '6 ORANG', '10', 0, 0, 0, 1, 10, '2022-12-03 22:54:48'),
	(1256, 34, NULL, 'BILANGAN ANAK', '5 ORANG', '8', 0, 0, 0, 1, 10, '2022-12-03 22:54:48'),
	(1257, 34, NULL, 'BILANGAN ANAK', '4 ORANG', '6', 0, 0, 0, 1, 10, '2022-12-03 22:54:48'),
	(1258, 34, NULL, 'BILANGAN ANAK', '3 ORANG', '4', 0, 0, 0, 1, 10, '2022-12-03 22:54:48'),
	(1259, 34, NULL, 'BILANGAN ANAK', '2 ORANG', '3', 0, 0, 0, 1, 10, '2022-12-03 22:54:48'),
	(1260, 34, NULL, 'BILANGAN ANAK', '1 ORANG', '2', 2, 0, 0, 1, 10, '2022-12-03 22:54:48'),
	(1261, 34, NULL, 'JUMLAH PENDAPATAN ISI RUMAH', 'RM 100,001.00 DAN KE ATAS', '2', 0, 0, 0, 1, 10, '2022-12-03 22:54:48'),
	(1262, 34, NULL, 'JUMLAH PENDAPATAN ISI RUMAH', 'RM 5,001.00 - RM 10,000.00', '4', 0, 0, 0, 1, 10, '2022-12-03 22:54:48'),
	(1263, 34, NULL, 'JUMLAH PENDAPATAN ISI RUMAH', 'RM 2,001.00 - RM 5,000.00', '6', 6, 0, 0, 1, 10, '2022-12-03 22:54:48'),
	(1264, 34, NULL, 'JUMLAH PENDAPATAN ISI RUMAH', 'RM 2,000.00 DAN KE BAWAH', '8', 0, 0, 0, 1, 10, '2022-12-03 22:54:48'),
	(1265, 34, NULL, 'JARAK TEMPAT TINGGAL SEMASA DENGAN TEMPAT BERTUGAS', '60 KM DAN KE ATAS', '8', 0, 0, 0, 1, 10, '2022-12-03 22:54:48'),
	(1266, 34, NULL, 'JARAK TEMPAT TINGGAL SEMASA DENGAN TEMPAT BERTUGAS', '50 KM -59 KM', '6', 0, 0, 0, 1, 10, '2022-12-03 22:54:48'),
	(1267, 34, NULL, 'JARAK TEMPAT TINGGAL SEMASA DENGAN TEMPAT BERTUGAS', '21 KM -49 KM', '4', 0, 0, 0, 1, 10, '2022-12-03 22:54:48'),
	(1268, 34, NULL, 'JARAK TEMPAT TINGGAL SEMASA DENGAN TEMPAT BERTUGAS', '20 KM DAN KE BAWAH', '2', 2, 0, 0, 1, 10, '2022-12-03 22:54:48'),
	(1269, 34, NULL, 'TEMPOH PERMOHONAN', '3 TAHUN', '14', 0, 0, 0, 1, 10, '2022-12-03 22:54:48'),
	(1270, 34, NULL, 'TEMPOH PERMOHONAN', '2 TAHUN', '6', 0, 0, 0, 1, 10, '2022-12-03 22:54:48'),
	(1271, 34, NULL, 'TEMPOH PERMOHONAN', '1 TAHUN', '2', 2, 0, 0, 1, 10, '2022-12-03 22:54:48'),
	(1272, 34, NULL, 'FAKTOR KESIHATAN', 'PEMOHON', '6', 0, 0, 0, 1, 10, '2022-12-03 22:54:48'),
	(1273, 34, NULL, 'FAKTOR KESIHATAN', 'PASANGAN', '4', 0, 0, 0, 1, 10, '2022-12-03 22:54:48'),
	(1274, 34, NULL, 'FAKTOR KESIHATAN', 'ANAK-ANAK', '4', 0, 0, 0, 1, 10, '2022-12-03 22:54:48'),
	(1275, 34, NULL, 'KEPENTINGAN DALAM JAWATAN', '', '10', 10, 1, 0, 1, 10, '2022-12-03 22:54:48');
/*!40000 ALTER TABLE `application_scoring` ENABLE KEYS */;

-- Dumping structure for table staging_epro_kuarters_johor.application_status
CREATE TABLE IF NOT EXISTS `application_status` (
  `id` int(11) NOT NULL AUTO_INCREMENT,
  `status` varchar(255) DEFAULT NULL,
  `label_status` varchar(255) DEFAULT NULL,
  `description` text,
  `flag_semakan_permohonan` tinyint(4) DEFAULT '0',
  `flag_kelulusan_permohonan` tinyint(4) DEFAULT '0',
  `flag_penilaian_mesyuarat` tinyint(4) DEFAULT '0',
  `flag_terimaan_kuarters` tinyint(4) DEFAULT '0',
  `is_show` int(11) DEFAULT '0',
  `data_status` tinyint(4) DEFAULT '1',
  `action_by` int(11) DEFAULT NULL,
  `action_on` datetime DEFAULT NULL,
  `delete_by` int(11) DEFAULT NULL,
  `delete_on` datetime DEFAULT NULL,
  PRIMARY KEY (`id`)
) ENGINE=InnoDB AUTO_INCREMENT=13 DEFAULT CHARSET=latin1;

-- Dumping data for table staging_epro_kuarters_johor.application_status: ~11 rows (approximately)
/*!40000 ALTER TABLE `application_status` DISABLE KEYS */;
INSERT INTO `application_status` (`id`, `status`, `label_status`, `description`, `flag_semakan_permohonan`, `flag_kelulusan_permohonan`, `flag_penilaian_mesyuarat`, `flag_terimaan_kuarters`, `is_show`, `data_status`, `action_by`, `action_on`, `delete_by`, `delete_on`) VALUES
	(1, 'PERMOHONAN BARU', 'PERMOHONAN BARU', 'Permohonan baru dan akan melalui proses pemarkahan permohonan.', 0, 0, 0, 0, 1, 1, NULL, NULL, NULL, NULL),
	(2, 'PEMARKAHAN PERMOHONAN', 'PEMARKAHAN PERMOHONAN', 'Permohonan telah melalui proses pemarkahan dan akan disemak oleh pegawai penyemak.', 0, 0, 0, 0, 1, 1, NULL, NULL, NULL, NULL),
	(3, 'SEMAK', 'DISEMAK', 'Permohonan telah disemak oleh pegawai penyemak. Seterusnya untuk proses kelulusan oleh pegawai pelulus.', 1, 0, 0, 0, 1, 1, NULL, NULL, NULL, NULL),
	(4, 'TOLAK', 'DITOLAK SEMASA PROSES SEMAKAN', 'Permohonan telah ditolak semasa proses semakan terdahulu.', 1, 0, 0, 0, 1, 1, NULL, NULL, NULL, NULL),
	(5, 'LULUS', 'LULUS SEMASA PROSES KELULUSAN', 'Permohonan diluluskan oleh pegawai pelulus dan dibawa akan ke mesyuarat penilaian.', 0, 1, 0, 0, 1, 1, NULL, NULL, NULL, NULL),
	(6, 'TOLAK', 'TOLAK SEMASA PROSES KELULUSAN', 'Permohonan telah ditolak semasa proses kelulusan terdahulu.', 0, 1, 0, 0, 1, 1, NULL, NULL, NULL, NULL),
	(7, 'LULUS', 'LULUS DALAM MESYUARAT PENILAIAN', 'Proses pengesahan terimaan kuarters.', 0, 0, 1, 0, 1, 1, NULL, NULL, NULL, NULL),
	(8, 'GAGAL', 'GAGAL DALAM MESYUARAT PENILAIAN', 'Permohonan gagal dalam mesyuarat penilaian.', 0, 0, 1, 0, 1, 1, NULL, NULL, NULL, NULL),
	(9, 'RAYUAN SEMULA', 'RAYUAN SEMULA DALAM MESYUARAT PENILAIAN', 'Permohonan layak untuk proses rayuan semula.', 0, 0, 1, 0, 1, 1, NULL, NULL, NULL, NULL),
	(11, 'SETUJU', 'TERIMA TAWARAN KUARTERS', 'Terima tawaran kuarters', 0, 0, 0, 1, 0, 1, NULL, NULL, NULL, NULL),
	(12, 'TIDAK SETUJU', 'TOLAK TAWARAN KUARTERS', 'Tolak tawaran kuarters', 0, 0, 0, 1, 0, 1, NULL, NULL, NULL, NULL);
/*!40000 ALTER TABLE `application_status` ENABLE KEYS */;

-- Dumping structure for table staging_epro_kuarters_johor.appointment_status
CREATE TABLE IF NOT EXISTS `appointment_status` (
  `id` int(11) NOT NULL AUTO_INCREMENT,
  `appointment_status` varchar(255) DEFAULT NULL,
  `data_status` int(11) DEFAULT '1',
  PRIMARY KEY (`id`)
) ENGINE=InnoDB AUTO_INCREMENT=3 DEFAULT CHARSET=latin1;

-- Dumping data for table staging_epro_kuarters_johor.appointment_status: ~2 rows (approximately)
/*!40000 ALTER TABLE `appointment_status` DISABLE KEYS */;
INSERT INTO `appointment_status` (`id`, `appointment_status`, `data_status`) VALUES
	(1, 'SETUJU', 1),
	(2, 'TIDAK SETUJU', 1);
/*!40000 ALTER TABLE `appointment_status` ENABLE KEYS */;

-- Dumping structure for table staging_epro_kuarters_johor.blacklist
CREATE TABLE IF NOT EXISTS `blacklist` (
  `id` int(10) unsigned NOT NULL AUTO_INCREMENT,
  `range` int(11) DEFAULT NULL,
  `data_status` tinyint(1) DEFAULT '1',
  `action_by` int(11) DEFAULT NULL,
  `action_on` datetime DEFAULT NULL,
  PRIMARY KEY (`id`)
) ENGINE=InnoDB AUTO_INCREMENT=2 DEFAULT CHARSET=latin1;

-- Dumping data for table staging_epro_kuarters_johor.blacklist: ~1 rows (approximately)
/*!40000 ALTER TABLE `blacklist` DISABLE KEYS */;
INSERT INTO `blacklist` (`id`, `range`, `data_status`, `action_by`, `action_on`) VALUES
	(1, 24, 1, 10, '2022-08-09 04:04:17');
/*!40000 ALTER TABLE `blacklist` ENABLE KEYS */;

-- Dumping structure for table staging_epro_kuarters_johor.complaint
CREATE TABLE IF NOT EXISTS `complaint` (
  `id` int(11) NOT NULL AUTO_INCREMENT,
  `ref_no` varchar(50) DEFAULT NULL,
  `running_no` int(11) DEFAULT '0',
  `users_id` int(11) DEFAULT NULL,
  `complaint_date` date DEFAULT NULL,
  `quarters_id` int(11) DEFAULT NULL,
  `complaint_type` int(11) DEFAULT '0' COMMENT '1:,Aduan Kerosakan 2:Langgar Peraturan',
  `complaint_description` text,
  `complaint_status_id` int(11) DEFAULT '0' COMMENT 'complaint_status -> pemantauan aduan',
  `remarks` text COMMENT 'aduan awam',
  `officer_id` int(11) DEFAULT NULL COMMENT 'by officer',
  `officer_respond_on` varchar(50) DEFAULT NULL COMMENT 'by officer',
  `data_status` tinyint(4) DEFAULT '1',
  `action_by` varchar(50) DEFAULT NULL COMMENT 'by tenant',
  `action_on` varchar(50) DEFAULT NULL COMMENT 'by tenant',
  `delete_by` varchar(50) DEFAULT NULL,
  `delete_on` varchar(50) DEFAULT NULL,
  PRIMARY KEY (`id`)
) ENGINE=InnoDB AUTO_INCREMENT=61 DEFAULT CHARSET=latin1;

-- Dumping data for table staging_epro_kuarters_johor.complaint: ~60 rows (approximately)
/*!40000 ALTER TABLE `complaint` DISABLE KEYS */;
INSERT INTO `complaint` (`id`, `ref_no`, `running_no`, `users_id`, `complaint_date`, `quarters_id`, `complaint_type`, `complaint_description`, `complaint_status_id`, `remarks`, `officer_id`, `officer_respond_on`, `data_status`, `action_by`, `action_on`, `delete_by`, `delete_on`) VALUES
	(1, 'AKJB2211000001', 1, 267, '2022-11-29', 39, 1, NULL, 0, NULL, NULL, NULL, 1, '10', '2022-11-29 14:14:09', NULL, NULL),
	(2, 'APJB2211000001', 1, 267, '2022-11-29', 39, 2, 'JIRAN SEBELAH BUAT RENOVATION RUMAH', 0, NULL, NULL, NULL, 1, '267', '2022-11-29 14:39:08', NULL, NULL),
	(3, NULL, 0, NULL, NULL, NULL, 0, NULL, 0, NULL, NULL, NULL, 1, NULL, NULL, NULL, NULL),
	(4, NULL, 0, NULL, NULL, NULL, 0, NULL, 0, NULL, NULL, NULL, 1, NULL, NULL, NULL, NULL),
	(5, NULL, 0, NULL, NULL, NULL, 0, NULL, 0, NULL, NULL, NULL, 1, NULL, NULL, NULL, NULL),
	(6, NULL, 0, NULL, NULL, NULL, 0, NULL, 0, NULL, NULL, NULL, 1, NULL, NULL, NULL, NULL),
	(7, NULL, 0, NULL, NULL, NULL, 0, NULL, 0, NULL, NULL, NULL, 1, NULL, NULL, NULL, NULL),
	(8, 'AKJB2211000002', 2, 141, '2022-11-29', 491, 1, NULL, 0, NULL, NULL, NULL, 1, '10', '2022-11-29 17:46:19', NULL, NULL),
	(9, 'AKBP2211000003', 3, 68, '2022-11-29', 613, 1, NULL, 0, NULL, NULL, NULL, 1, '68', '2022-11-29 22:29:55', NULL, NULL),
	(10, NULL, 0, NULL, NULL, NULL, 0, NULL, 0, NULL, NULL, NULL, 1, NULL, NULL, NULL, NULL),
	(11, 'AKJB2211000004', 4, 71, '2022-11-30', 607, 1, NULL, 0, NULL, NULL, NULL, 1, '10', '2022-11-30 13:03:35', NULL, NULL),
	(12, 'AKJB2211000005', 5, 118, '2022-11-30', 606, 1, NULL, 0, NULL, NULL, NULL, 0, '118', '2022-11-30 13:05:01', '118', '2022-11-30 14:32:27'),
	(13, 'AKJB2211000006', 6, 118, '2022-11-30', 606, 1, NULL, 2, NULL, NULL, NULL, 1, '10', '2022-11-30 16:16:18', NULL, NULL),
	(14, 'AKJB2211000007', 7, 118, '2022-11-30', 606, 1, NULL, 0, NULL, NULL, NULL, 0, '118', '2022-11-30 13:12:00', '118', '2022-11-30 15:47:09'),
	(15, 'APJB2211000002', 2, 118, '2022-11-30', 606, 2, 'JIRAN BISING', 0, NULL, NULL, NULL, 0, '118', '2022-11-30 13:13:06', '118', '2022-11-30 14:22:49'),
	(16, 'AKJB2211000008', 8, 118, '2022-11-30', 606, 1, NULL, 0, NULL, NULL, NULL, 0, '118', '2022-11-30 14:20:32', '118', '2022-11-30 14:32:20'),
	(17, 'AKJB2211000009', 9, 118, '2022-11-30', 606, 1, NULL, 0, NULL, NULL, NULL, 0, '118', '2022-11-30 14:22:04', '118', '2022-11-30 14:32:14'),
	(18, 'APJB2211000003', 3, 118, '2022-11-30', 606, 2, 'JIRAN BISING', 0, NULL, NULL, NULL, 0, '118', '2022-11-30 14:22:40', '118', '2022-11-30 14:29:09'),
	(19, 'AKJB2211000010', 10, 71, '2022-11-30', 607, 1, NULL, 0, NULL, NULL, NULL, 1, '71', '2022-11-30 14:23:03', NULL, NULL),
	(20, 'AKJB2211000011', 11, 71, '2022-11-30', 607, 1, NULL, 0, NULL, NULL, NULL, 1, '10', '2022-11-30 15:36:28', NULL, NULL),
	(21, 'APJB2211000004', 4, 118, '2022-11-30', 606, 2, 'JIRAN BISING 2', 0, NULL, NULL, NULL, 0, '118', '2022-11-30 14:24:08', '118', '2022-11-30 14:42:44'),
	(22, 'AKJB2211000012', 12, 118, '2022-11-30', 606, 1, NULL, 0, NULL, NULL, NULL, 0, '118', '2022-11-30 14:31:44', '118', '2022-11-30 14:32:08'),
	(23, 'APJB2211000005', 5, 118, '2022-11-30', 606, 2, 'SAMPAH MERATA DI KAWASAN PERUMAHAN', 1, NULL, NULL, NULL, 1, '10', '2022-11-30 16:39:42', NULL, NULL),
	(24, 'AKJB2211000013', 13, 71, '2022-11-30', 607, 1, NULL, 0, NULL, NULL, NULL, 1, '10', '2022-11-30 14:51:30', NULL, NULL),
	(25, 'APJB2211000006', 6, 71, '2022-11-30', 607, 2, 'JIRAN MEMECAHKAN CERMIN RUMAH DENGAN SENGAJA', 2, NULL, NULL, NULL, 1, '10', '2022-11-30 15:20:46', NULL, NULL),
	(26, 'APJB2211000007', 7, 71, '2022-11-30', 607, 2, 'JIRAN MEMECAHKAN LAMPU KORIDOR', 1, NULL, NULL, NULL, 1, '10', '2022-11-30 15:58:14', NULL, NULL),
	(27, 'AKJB2211000014', 14, 118, '2022-11-30', 606, 1, NULL, 1, NULL, NULL, NULL, 1, '10', '2022-11-30 16:32:37', NULL, NULL),
	(28, 'AKJB2211000015', 15, 118, '2022-11-30', 606, 1, NULL, 0, NULL, NULL, NULL, 1, '10', '2022-11-30 16:30:05', NULL, NULL),
	(29, 'APJB2211000008', 8, 118, '2022-11-30', 606, 2, 'JIRAN BISING', 2, NULL, NULL, NULL, 1, '10', '2022-11-30 16:43:15', NULL, NULL),
	(30, 'AKJB2212000016', 16, 141, '2022-12-01', 491, 1, NULL, 0, NULL, NULL, NULL, 0, '141', '2022-12-01 10:16:45', '141', '2022-12-01 10:21:12'),
	(31, 'AKPN2212000017', 17, 279, '2022-12-01', 623, 1, NULL, 0, NULL, NULL, NULL, 1, '274', '2022-12-01 10:37:52', NULL, NULL),
	(32, 'AKBP2212000018', 18, 68, '2022-12-01', 613, 1, NULL, 0, NULL, NULL, NULL, 1, '68', '2022-12-01 10:16:54', NULL, NULL),
	(33, 'AKJB2212000019', 19, 71, '2022-12-01', 607, 1, NULL, 0, NULL, NULL, NULL, 1, '278', '2022-12-01 10:38:10', NULL, NULL),
	(34, 'APBP2212000009', 9, 68, '2022-12-01', 613, 2, 'JIRAN RENOVATE RUMAH', 0, NULL, NULL, NULL, 1, '68', '2022-12-01 10:39:59', NULL, NULL),
	(35, 'APPN2212000010', 10, 279, '2022-12-01', 623, 2, 'KACAU GANGGU HAIWAN', 0, NULL, NULL, NULL, 1, '279', '2022-12-01 10:21:50', NULL, NULL),
	(36, 'APJB2212000011', 11, 71, '2022-12-01', 607, 2, 'JIRAN RENOVATE RUMAH', 0, NULL, NULL, NULL, 1, '71', '2022-12-01 10:21:55', NULL, NULL),
	(37, 'APJB2212000012', 12, 118, '2022-12-01', 606, 2, 'JIRAN SERING BUAT BISING', 0, NULL, NULL, NULL, 1, '282', '2022-12-01 10:50:17', NULL, NULL),
	(38, 'APJB2212000013', 13, 141, '2022-12-01', 491, 2, 'KACAU GANGGU BUNYI', 0, NULL, NULL, NULL, 0, '141', '2022-12-01 10:24:50', '141', '2022-12-01 10:24:58'),
	(39, 'APJB2212000014', 14, 141, '2022-12-01', 491, 2, 'KACAU GANGGU BUNYI', 0, NULL, NULL, NULL, 1, '293', '2022-12-01 10:40:20', NULL, NULL),
	(40, 'AKJB2212000020', 20, 141, '2022-12-01', 491, 1, NULL, 2, NULL, NULL, NULL, 1, '293', '2022-12-01 10:59:58', NULL, NULL),
	(41, NULL, 0, NULL, NULL, NULL, 0, NULL, 0, NULL, NULL, NULL, 1, NULL, NULL, NULL, NULL),
	(42, NULL, 0, NULL, NULL, NULL, 0, NULL, 0, NULL, NULL, NULL, 1, NULL, NULL, NULL, NULL),
	(43, NULL, 0, NULL, NULL, NULL, 0, NULL, 0, NULL, NULL, NULL, 1, NULL, NULL, NULL, NULL),
	(44, NULL, 0, NULL, NULL, NULL, 0, NULL, 0, NULL, NULL, NULL, 1, NULL, NULL, NULL, NULL),
	(45, NULL, 0, NULL, NULL, NULL, 0, NULL, 0, NULL, NULL, NULL, 1, NULL, NULL, NULL, NULL),
	(46, NULL, 0, NULL, NULL, NULL, 0, NULL, 0, NULL, NULL, NULL, 1, NULL, NULL, NULL, NULL),
	(47, NULL, 0, NULL, NULL, NULL, 0, NULL, 0, NULL, NULL, NULL, 1, NULL, NULL, NULL, NULL),
	(48, NULL, 0, NULL, NULL, NULL, 0, NULL, 0, NULL, NULL, NULL, 1, NULL, NULL, NULL, NULL),
	(49, NULL, 0, NULL, NULL, NULL, 0, NULL, 0, NULL, NULL, NULL, 1, NULL, NULL, NULL, NULL),
	(50, NULL, 0, NULL, NULL, NULL, 0, NULL, 0, NULL, NULL, NULL, 1, NULL, NULL, NULL, NULL),
	(51, NULL, 0, NULL, NULL, NULL, 0, NULL, 0, NULL, NULL, NULL, 1, NULL, NULL, NULL, NULL),
	(52, NULL, 0, NULL, NULL, NULL, 0, NULL, 0, NULL, NULL, NULL, 1, NULL, NULL, NULL, NULL),
	(53, NULL, 0, NULL, NULL, NULL, 0, NULL, 0, NULL, NULL, NULL, 1, NULL, NULL, NULL, NULL),
	(54, NULL, 0, NULL, NULL, NULL, 0, NULL, 0, NULL, NULL, NULL, 1, NULL, NULL, NULL, NULL),
	(55, 'AKJB2212000021', 21, 133, '2022-12-02', 610, 1, NULL, 2, NULL, NULL, NULL, 1, '10', '2022-12-02 18:12:31', NULL, NULL),
	(56, 'AKJB2212000022', 22, 133, '2022-12-02', 610, 1, NULL, 0, NULL, NULL, NULL, 0, '133', '2022-12-02 09:16:15', '133', '2022-12-02 09:17:57'),
	(57, 'APJB2212000015', 15, 133, '2022-12-02', 610, 2, 'JIRAN MEMBUAT BISING', 2, NULL, NULL, NULL, 1, '10', '2022-12-02 18:41:15', NULL, NULL),
	(58, 'APJB2212000016', 16, 133, '2022-12-02', 610, 2, 'SAMPAH MERATA DI KAWASAN PERUMAHAN', 0, NULL, NULL, NULL, 0, '133', '2022-12-02 09:58:06', '133', '2022-12-02 09:58:54'),
	(59, 'AKJB2212000023', 23, 133, '2022-12-02', 610, 1, NULL, 1, NULL, NULL, NULL, 1, '10', '2022-12-02 17:57:10', NULL, NULL),
	(60, 'APJB2212000017', 17, 133, '2022-12-02', 610, 2, 'SAMPAH MERATA DI KAWASAN PERUMAHAN', 1, NULL, NULL, NULL, 1, '10', '2022-12-02 18:43:32', NULL, NULL);
/*!40000 ALTER TABLE `complaint` ENABLE KEYS */;

-- Dumping structure for table staging_epro_kuarters_johor.complaint_appointment
CREATE TABLE IF NOT EXISTS `complaint_appointment` (
  `id` int(11) NOT NULL AUTO_INCREMENT,
  `complaint_id` varchar(50) DEFAULT NULL,
  `appointment_status_id` int(11) DEFAULT NULL COMMENT 'tbl appointment_status',
  `appointment_date` date DEFAULT NULL COMMENT 'appointment status =1 (diterima)',
  `appointment_time` time DEFAULT NULL COMMENT 'appointment status =1 (diterima)',
  `tenant_respond_on` varchar(50) DEFAULT NULL,
  `tenants_cancel_remarks_id` varchar(50) DEFAULT NULL,
  `cancel_remarks` text COMMENT 'appointment status =2 (ditolak)',
  `monitoring_remarks` text,
  `data_status` tinyint(4) DEFAULT NULL,
  `action_by` varchar(50) DEFAULT NULL,
  `action_on` varchar(50) DEFAULT NULL,
  `delete_by` varchar(50) DEFAULT NULL,
  `delete_on` varchar(50) DEFAULT NULL,
  PRIMARY KEY (`id`)
) ENGINE=InnoDB AUTO_INCREMENT=35 DEFAULT CHARSET=latin1;

-- Dumping data for table staging_epro_kuarters_johor.complaint_appointment: ~34 rows (approximately)
/*!40000 ALTER TABLE `complaint_appointment` DISABLE KEYS */;
INSERT INTO `complaint_appointment` (`id`, `complaint_id`, `appointment_status_id`, `appointment_date`, `appointment_time`, `tenant_respond_on`, `tenants_cancel_remarks_id`, `cancel_remarks`, `monitoring_remarks`, `data_status`, `action_by`, `action_on`, `delete_by`, `delete_on`) VALUES
	(1, '1', 2, '2022-11-30', '10:11:00', '2022-11-29 14:12:39', '2', NULL, NULL, 1, '10', '2022-11-29 14:11:52', NULL, NULL),
	(2, '1', 1, '2022-12-01', '10:33:00', '2022-11-29 14:15:06', NULL, NULL, NULL, 1, '10', '2022-11-29 14:14:09', NULL, NULL),
	(3, '8', 2, '2022-11-29', '17:44:00', '2022-11-29 17:45:34', '2', NULL, NULL, 1, '10', '2022-11-29 17:44:54', NULL, NULL),
	(4, '8', 1, '2022-11-29', '18:46:00', '2022-11-29 17:46:35', NULL, NULL, NULL, 1, '10', '2022-11-29 17:46:19', NULL, NULL),
	(5, '9', 2, '2022-11-29', '09:30:00', '2022-11-29 22:29:23', '1', NULL, NULL, 1, '68', '2022-11-29 22:29:01', NULL, NULL),
	(6, '9', 1, '2022-11-29', '13:30:00', '2022-11-29 22:30:10', NULL, NULL, NULL, 1, '68', '2022-11-29 22:29:55', NULL, NULL),
	(7, '11', 1, '2022-11-30', '15:00:00', '2022-11-30 13:17:42', NULL, 'Sinki tersumbat telah digantikan dengan yang baru.', NULL, 2, '10', '2022-11-30 13:19:08', '10', '2022-11-30 13:44:50'),
	(8, '23', 1, '2022-12-10', '10:40:00', '2022-11-30 16:38:59', NULL, NULL, NULL, 1, '10', '2022-11-30 16:39:42', NULL, NULL),
	(9, '24', 1, '2022-12-01', '08:30:00', '2022-11-30 14:53:36', NULL, 'Sinki telah dibaiki & dapat berfungsi dengan baik.', NULL, 2, '10', '2022-11-30 14:52:44', '10', '2022-11-30 15:02:44'),
	(10, '25', 1, '2022-11-30', '15:30:00', '2022-11-30 15:13:57', NULL, NULL, 'CERMIN TINGKAP TELAH DIGANTIKAN DENGAN YANG BARU', 1, '10', '2022-11-30 15:20:46', NULL, NULL),
	(11, '13', 1, '2022-12-03', '15:24:00', '2022-11-30 15:28:13', '1', NULL, NULL, 2, '10', '2022-11-30 15:25:51', '118', '2022-11-30 15:31:53'),
	(12, '20', NULL, '2022-12-08', '09:36:00', NULL, NULL, NULL, NULL, 1, '10', '2022-11-30 15:37:20', NULL, NULL),
	(13, '13', 1, '2022-12-10', '09:30:00', '2022-11-30 15:50:34', NULL, NULL, 'AKAN DIPERTIMBANGKAN', 1, '10', '2022-11-30 16:16:18', NULL, NULL),
	(14, '26', 1, '2022-12-04', '16:00:00', '2022-11-30 15:55:39', NULL, NULL, NULL, 1, '10', '2022-11-30 15:58:14', NULL, NULL),
	(15, '26', NULL, '2022-11-30', '16:00:00', NULL, NULL, NULL, NULL, 1, '10', '2022-11-30 15:58:14', NULL, NULL),
	(16, '27', 1, '2022-12-08', '10:30:00', '2022-11-30 16:24:12', NULL, NULL, NULL, 1, '10', '2022-11-30 16:32:37', NULL, NULL),
	(17, '28', 1, '2022-12-08', '10:35:00', '2022-11-30 16:31:43', NULL, NULL, NULL, 1, '10', '2022-11-30 16:31:17', NULL, NULL),
	(18, '23', NULL, '2022-12-07', '10:30:00', NULL, NULL, NULL, NULL, 1, '10', '2022-11-30 16:39:42', NULL, NULL),
	(19, '29', 1, '2022-12-06', '10:40:00', '2022-11-30 16:42:19', NULL, NULL, 'AKAN DILAKSANAKAN', 1, '10', '2022-11-30 16:43:15', NULL, NULL),
	(20, '31', NULL, '2022-12-14', '10:37:00', NULL, NULL, NULL, NULL, 1, '274', '2022-12-01 10:37:52', NULL, NULL),
	(21, '33', NULL, '2022-12-07', '15:00:00', NULL, NULL, NULL, NULL, 1, '282', '2022-12-01 10:38:09', NULL, NULL),
	(22, '33', 1, '2022-12-01', '11:00:00', '2022-12-01 10:41:34', NULL, NULL, NULL, 1, '278', '2022-12-01 10:38:10', NULL, NULL),
	(23, '37', NULL, '2022-12-07', '15:00:00', NULL, NULL, NULL, NULL, 1, '282', '2022-12-01 10:39:29', NULL, NULL),
	(24, '34', NULL, '2022-12-02', '13:39:00', NULL, NULL, NULL, NULL, 1, '68', '2022-12-01 10:39:59', NULL, NULL),
	(25, '39', 2, '2022-12-01', '11:40:00', '2022-12-01 10:42:34', '1', NULL, NULL, 1, '293', '2022-12-01 10:40:20', NULL, NULL),
	(26, '40', 1, '2022-12-01', '11:49:00', '2022-12-01 10:48:48', NULL, NULL, 'DALAM PROSES TINDAKAN', 1, '293', '2022-12-01 10:59:58', NULL, NULL),
	(27, '37', NULL, '2022-12-07', '15:00:00', NULL, NULL, NULL, NULL, 1, '282', '2022-12-01 10:48:48', NULL, NULL),
	(28, '37', NULL, '2022-12-07', '10:00:00', NULL, NULL, NULL, NULL, 1, '282', '2022-12-01 10:50:17', NULL, NULL),
	(29, '55', 1, '2022-12-07', '11:45:00', '2022-12-02 17:17:31', '2', NULL, 'OKAY', 2, '10', '2022-12-02 18:12:31', '133', '2022-12-02 19:09:49'),
	(30, '59', 2, '2022-12-08', '10:54:00', '2022-12-02 17:52:58', '2', NULL, NULL, 1, '10', '2022-12-02 17:57:10', NULL, NULL),
	(31, '59', 1, '2022-12-08', '10:50:00', '2022-12-02 17:56:03', NULL, NULL, NULL, 1, '10', '2022-12-02 17:57:10', NULL, NULL),
	(32, '57', 1, '2022-12-15', '10:40:00', '2022-12-02 18:40:02', NULL, NULL, 'OK', 1, '10', '2022-12-02 18:41:15', NULL, NULL),
	(33, '57', NULL, '2022-12-08', '10:38:00', NULL, NULL, NULL, 'OK', 1, '10', '2022-12-02 18:41:15', NULL, NULL),
	(34, '60', 1, '2022-12-08', '08:42:00', '2022-12-02 18:42:42', NULL, NULL, NULL, 1, '10', '2022-12-02 18:43:32', NULL, NULL);
/*!40000 ALTER TABLE `complaint_appointment` ENABLE KEYS */;

-- Dumping structure for table staging_epro_kuarters_johor.complaint_appointment_attachment
CREATE TABLE IF NOT EXISTS `complaint_appointment_attachment` (
  `id` int(11) NOT NULL AUTO_INCREMENT,
  `complaint_appointment_id` int(11) DEFAULT NULL,
  `path_document` text,
  `data_status` tinyint(4) DEFAULT '1',
  `action_by` int(11) DEFAULT NULL,
  `action_on` datetime DEFAULT NULL,
  `delete_by` int(11) DEFAULT NULL,
  `delete_on` datetime DEFAULT NULL,
  PRIMARY KEY (`id`)
) ENGINE=InnoDB AUTO_INCREMENT=13 DEFAULT CHARSET=latin1;

-- Dumping data for table staging_epro_kuarters_johor.complaint_appointment_attachment: ~12 rows (approximately)
/*!40000 ALTER TABLE `complaint_appointment_attachment` DISABLE KEYS */;
INSERT INTO `complaint_appointment_attachment` (`id`, `complaint_appointment_id`, `path_document`, `data_status`, `action_by`, `action_on`, `delete_by`, `delete_on`) VALUES
	(1, 25, NULL, 1, 10, '2022-11-30 15:20:46', NULL, NULL),
	(2, 26, NULL, 1, 10, '2022-11-30 15:58:14', NULL, NULL),
	(3, 13, NULL, 1, 10, '2022-11-30 16:16:18', NULL, NULL),
	(4, 27, NULL, 1, 10, '2022-11-30 16:32:37', NULL, NULL),
	(5, 23, NULL, 1, 10, '2022-11-30 16:39:42', NULL, NULL),
	(6, 29, NULL, 1, 10, '2022-11-30 16:43:15', NULL, NULL),
	(7, 40, NULL, 1, 293, '2022-12-01 10:59:02', NULL, NULL),
	(8, 40, NULL, 1, 293, '2022-12-01 10:59:58', NULL, NULL),
	(9, 59, NULL, 1, 10, '2022-12-02 17:57:10', NULL, NULL),
	(10, 55, NULL, 1, 10, '2022-12-02 18:12:31', NULL, NULL),
	(11, 57, NULL, 1, 10, '2022-12-02 18:41:15', NULL, NULL),
	(12, 60, NULL, 1, 10, '2022-12-02 18:43:32', NULL, NULL);
/*!40000 ALTER TABLE `complaint_appointment_attachment` ENABLE KEYS */;

-- Dumping structure for table staging_epro_kuarters_johor.complaint_attachment
CREATE TABLE IF NOT EXISTS `complaint_attachment` (
  `id` int(11) NOT NULL AUTO_INCREMENT,
  `complaint_id` int(11) DEFAULT NULL,
  `complaint_others_id` int(11) DEFAULT NULL,
  `path_document` text,
  `data_status` tinyint(4) DEFAULT '1',
  `action_by` int(11) DEFAULT NULL,
  `action_on` datetime DEFAULT NULL,
  `delete_by` int(11) DEFAULT NULL,
  `delete_on` datetime DEFAULT NULL,
  PRIMARY KEY (`id`)
) ENGINE=InnoDB AUTO_INCREMENT=46 DEFAULT CHARSET=latin1;

-- Dumping data for table staging_epro_kuarters_johor.complaint_attachment: ~45 rows (approximately)
/*!40000 ALTER TABLE `complaint_attachment` DISABLE KEYS */;
INSERT INTO `complaint_attachment` (`id`, `complaint_id`, `complaint_others_id`, `path_document`, `data_status`, `action_by`, `action_on`, `delete_by`, `delete_on`) VALUES
	(1, 1, 1, 'complaint/damage_others/gkL6s7vv5R5v5fS8tTUEVsn7T97YRRHQJbvAWQyc.jpg', 1, 267, '2022-11-29 14:08:12', NULL, NULL),
	(2, 1, 1, 'complaint/damage_others/z42AwYZtPgpIsDyAp6QCjxNxi5aoMekLUdPQJDT2.jpg', 1, 267, '2022-11-29 14:08:12', NULL, NULL),
	(3, 1, 2, 'complaint/damage_others/gkL6s7vv5R5v5fS8tTUEVsn7T97YRRHQJbvAWQyc.jpg', 1, 267, '2022-11-29 14:08:13', NULL, NULL),
	(4, 1, 2, 'complaint/damage_others/z42AwYZtPgpIsDyAp6QCjxNxi5aoMekLUdPQJDT2.jpg', 1, 267, '2022-11-29 14:08:13', NULL, NULL),
	(5, 2, NULL, 'complaint/rules_violation/uMoPcDbC8au5xOfL9WR7hIyDedobxGb0lNsrfdtJ.jpg', 1, 267, '2022-11-29 14:39:08', NULL, NULL),
	(6, 9, 3, 'complaint/damage_others/yICk5OFPNHazsfWNoZ6LhSSLfQfWuiYY5FFjq9LG.jpg', 1, 68, '2022-11-29 22:27:59', NULL, NULL),
	(7, 13, 4, 'complaint/damage_others/e9sNTOLBnpGqyJItFSaD0K0QG9VffyYIvUJBUya6.jpg', 1, 118, '2022-11-30 13:06:57', NULL, NULL),
	(8, 14, 5, 'complaint/damage_others/hE3OpUFm9Zex3HRrB47fmG4dcOpXIwqHOcTEtPSQ.jpg', 0, 118, '2022-11-30 13:12:00', 118, '2022-11-30 15:47:09'),
	(9, 15, NULL, 'complaint/rules_violation/AHBmbcYZUxkfH9YtpddZHSLWAdbQKCBw6Vj305SR.jpg', 0, 118, '2022-11-30 13:13:06', 118, '2022-11-30 14:22:49'),
	(10, 18, NULL, 'complaint/rules_violation/tsxMhUMDO4tPsMUJfCuMdfqTA9kDizD37ji3Vduz.jpg', 0, 118, '2022-11-30 14:22:40', 118, '2022-11-30 14:29:09'),
	(11, 19, 6, 'complaint/damage_others/TKULnUblE09ETEdlJpxx88T7j8aOHVMicv6F6Te2.jpg', 1, 71, '2022-11-30 14:23:03', NULL, NULL),
	(12, 21, NULL, 'complaint/rules_violation/BwD1BMa3LgIqJgJkfBIXyGqEcYUTmdCryOXwtLNj.jpg', 0, 118, '2022-11-30 14:24:09', 118, '2022-11-30 14:42:44'),
	(13, 23, NULL, 'complaint/rules_violation/U0SLPNkWVkEPw5xHRY29fNpamS5OaQrb1c9KxRbZ.png', 0, 118, '2022-11-30 14:38:06', NULL, NULL),
	(14, 23, NULL, 'complaint/rules_violation/0vxC5NZJUBowIPRgFHglGFHUZrvXoRvfhxxoUVs7.png', 0, 118, '2022-11-30 14:41:03', NULL, NULL),
	(15, 25, NULL, 'complaint/rules_violation/EZ9GqoAdT1DWOsn6yhMcMP4l3H6tRopbD4bi6hgw.jpg', 1, 71, '2022-11-30 15:12:17', NULL, NULL),
	(16, 14, 5, 'complaint/damage_others/ywGRgKAEe6xnTRuAxhGWysgNSFAjJf9pyLDsKhmD.jpg', 0, 118, '2022-11-30 15:14:06', 118, '2022-11-30 15:47:09'),
	(17, 14, 7, 'complaint/damage_others/F8wIozIuvzVfG5ZiZaFRbXifRC36vWA5GeCcYIDU.jpg', 0, 118, '2022-11-30 15:16:11', 118, '2022-11-30 15:41:37'),
	(18, 14, 7, 'complaint/damage_others/tHt9RxNuIhFFlILuEDmIz3gWF77555vz4zNXEkUb.png', 0, 118, '2022-11-30 15:16:11', 118, '2022-11-30 15:41:37'),
	(19, 23, NULL, 'complaint/rules_violation/gM12Y2wFQb4nOoeGacVgP6sUwrefCUk89iEOwaNl.jpg', 0, 118, '2022-11-30 15:18:05', 118, '2022-11-30 15:18:38'),
	(20, 14, 8, 'complaint/damage_others/irL9HI3Wtoe87LqorVslHu2Olk7CJ89a7JZ5TSnD.png', 0, 118, '2022-11-30 15:44:54', 118, '2022-11-30 15:47:09'),
	(21, 14, 8, 'complaint/damage_others/GXYxdJG0Xe72ToFbOTdaWq3feR7sqKdw6OmtGxpC.png', 0, 118, '2022-11-30 15:44:54', 118, '2022-11-30 15:47:09'),
	(22, 26, NULL, 'complaint/rules_violation/MYu7YUjBcbUEMU0bMGzxdSx89wxQ0x9plwm9KMWL.jpg', 0, 71, '2022-11-30 15:51:37', NULL, NULL),
	(23, 27, 9, 'complaint/damage_others/wOEeZG0tiY8gqTqZgOmb7ZoYPb8dZJxHwo2msEab.jpg', 1, 118, '2022-11-30 15:53:24', NULL, NULL),
	(24, 26, NULL, 'complaint/rules_violation/z3KcbwQfQFVwnYqd7RT0V5mCGljInFMcUDY9OFg2.jpg', 1, 71, '2022-11-30 15:54:24', NULL, NULL),
	(25, 27, 9, 'complaint/damage_others/lzgkX0wjRRBMb4DWHHwXmWeWufoYwDI6cBPC9niC.jpg', 1, 118, '2022-11-30 15:56:31', NULL, NULL),
	(26, 28, 10, 'complaint/damage_others/7LXJdQnwm1wA8RjTuiLzbpyy5ievu2Oqzjkltyre.jpg', 1, 118, '2022-11-30 16:29:10', NULL, NULL),
	(27, 29, NULL, 'complaint/rules_violation/AiwN0IUmrLNeaXk9NsDgSW9n1WeXdRwWNM9OBh2x.jpg', 1, 118, '2022-11-30 16:40:36', NULL, NULL),
	(28, 30, 11, 'complaint/damage_others/X7rjYpkMn8QUsKw7RxhMwAYFSCg3teKzq2qU2Jwk.jpg', 0, 141, '2022-12-01 10:16:45', 141, '2022-12-01 10:21:12'),
	(29, 31, 12, 'complaint/damage_others/NXIzYNzCNgCEWwEwLvzTbt2pe4W1iMtq1wCEkgBL.png', 1, 279, '2022-12-01 10:16:52', NULL, NULL),
	(30, 32, 13, 'complaint/damage_others/669l2fe2mnIeSG7i06rJgfVBKSdD7pCqRbqmhqIE.jpg', 1, 68, '2022-12-01 10:16:54', NULL, NULL),
	(31, 33, 14, 'complaint/damage_others/mLV03IsV7tUov2Nhd81KSosHqk4rObXGgk9XZLiS.png', 1, 71, '2022-12-01 10:18:06', NULL, NULL),
	(32, 34, NULL, 'complaint/rules_violation/gFLUy265QbBSzMf2AdXF1QYKTuidoajKogNkmQft.jpg', 1, 68, '2022-12-01 10:21:49', NULL, NULL),
	(33, 35, NULL, 'complaint/rules_violation/xKHKkefWY4xlh7DoS52le4mZbSDQ9A3WYj3xBbzn.png', 1, 279, '2022-12-01 10:21:50', NULL, NULL),
	(34, 36, NULL, 'complaint/rules_violation/RgrtZ6WGmGa5FHT4KbVhl6KcJiZnPz96XaJqS4YU.png', 1, 71, '2022-12-01 10:21:55', NULL, NULL),
	(35, 37, NULL, 'complaint/rules_violation/hK8muZ8F7FSeOI4quUVmerQUr7UxwCw5WhCw0O2f.jpg', 1, 118, '2022-12-01 10:22:06', NULL, NULL),
	(36, 38, NULL, 'complaint/rules_violation/xsirTl6AxEvl0nOzEMBsZWjZnDYpeCKhzvdIwbCq.jpg', 0, 141, '2022-12-01 10:23:10', NULL, NULL),
	(37, 38, NULL, 'complaint/rules_violation/q74bt4RiXjpFjB1auW2AE5eUAJGVhAnYAT7Jruo9.jpg', 0, 141, '2022-12-01 10:24:51', 141, '2022-12-01 10:24:58'),
	(38, 39, NULL, 'complaint/rules_violation/veQGFojeCXPCxOPVX63ox3iDKdlOc5DLFAVrmmpB.jpg', 0, 141, '2022-12-01 10:25:46', NULL, NULL),
	(39, 39, NULL, 'complaint/rules_violation/5xYG62nViSevVwKHUny1zowLLI0iNAbtVQtGWuE4.jpg', 1, 141, '2022-12-01 10:26:17', NULL, NULL),
	(40, 40, 15, 'complaint/damage_others/Blt7CEAe9wgZCpVQ9pdXfcFVR0ZD2CAXYMTvNs9N.jpg', 1, 141, '2022-12-01 10:47:45', NULL, NULL),
	(41, 57, NULL, 'complaint/rules_violation/KFmzBgB6guGXtOTKv2K67ixt9DtW0R6qASEAKjPO.jpg', 0, 133, '2022-12-02 09:37:59', NULL, NULL),
	(42, 57, NULL, 'complaint/rules_violation/6gDso6hayLUBAChL2ObxXu7JvFI6ulSk7yBHdHSO.jpg', 0, 133, '2022-12-02 09:53:21', NULL, NULL),
	(43, 58, NULL, 'complaint/rules_violation/TUQqOCzviNEFBOEBZD1jNywAKSOruDEb2oY5Ra8S.png', 0, 133, '2022-12-02 09:58:06', 133, '2022-12-02 09:58:54'),
	(44, 57, NULL, 'complaint/rules_violation/sZ9yR3dRVq4PsSAVNpZm8LFjAyK3KA37JAkXnHxG.jpg', 1, 133, '2022-12-02 18:37:16', NULL, NULL),
	(45, 60, NULL, 'complaint/rules_violation/2uFHtktadZIQ4bK9Btz4UBeTCHf6S2yzbdq1vD2J.png', 1, 133, '2022-12-02 18:37:59', NULL, NULL);
/*!40000 ALTER TABLE `complaint_attachment` ENABLE KEYS */;

-- Dumping structure for table staging_epro_kuarters_johor.complaint_inventory
CREATE TABLE IF NOT EXISTS `complaint_inventory` (
  `id` int(11) NOT NULL AUTO_INCREMENT,
  `complaint_id` int(11) DEFAULT NULL,
  `inventory_id` int(11) DEFAULT NULL,
  `description` text,
  `flag_action` tinyint(4) DEFAULT NULL COMMENT '1: utk tindakan',
  `data_status` int(11) DEFAULT '1',
  `action_by` varchar(4) DEFAULT NULL,
  `action_on` varchar(50) DEFAULT NULL,
  `delete_by` varchar(4) DEFAULT NULL,
  `delete_on` varchar(50) DEFAULT NULL,
  PRIMARY KEY (`id`)
) ENGINE=InnoDB AUTO_INCREMENT=29 DEFAULT CHARSET=latin1;

-- Dumping data for table staging_epro_kuarters_johor.complaint_inventory: ~28 rows (approximately)
/*!40000 ALTER TABLE `complaint_inventory` DISABLE KEYS */;
INSERT INTO `complaint_inventory` (`id`, `complaint_id`, `inventory_id`, `description`, `flag_action`, `data_status`, `action_by`, `action_on`, `delete_by`, `delete_on`) VALUES
	(1, 1, 10, 'PECAH', NULL, 1, '267', '2022-11-29 14:08:11', NULL, NULL),
	(2, 1, 11, 'ROSAK', NULL, 1, '267', '2022-11-29 14:08:11', NULL, NULL),
	(3, 8, 14, 'ROSAK', 1, 1, '10', '2022-11-29 17:55:10', NULL, NULL),
	(4, 8, 37, 'ROSAK', 1, 1, '10', '2022-11-29 17:55:10', NULL, NULL),
	(5, 9, 90, 'TERBAKAR', NULL, 1, '68', '2022-11-29 22:27:58', NULL, NULL),
	(6, 11, 13, 'SINKI TERSUMBAT', NULL, 1, '71', '2022-11-30 12:47:07', NULL, NULL),
	(7, 12, 13, 'PAIP PECAH', NULL, 0, '118', '2022-11-30 13:05:01', '118', '2022-11-30 14:32:27'),
	(8, 13, 13, 'PAIP BOCOR', NULL, 1, '118', '2022-11-30 13:06:57', NULL, NULL),
	(9, 13, 80, 'PECAH', 1, 1, '10', '2022-11-30 16:16:18', NULL, NULL),
	(10, 14, 13, 'SINKI BOCOR', NULL, 0, '118', '2022-11-30 15:44:54', '118', '2022-11-30 15:47:09'),
	(11, 14, 80, 'PECAH', NULL, 0, '118', '2022-11-30 15:10:46', '118', '2022-11-30 15:14:06'),
	(12, 16, 13, 'SINKI BOCOR', NULL, 0, '118', '2022-11-30 14:20:32', '118', '2022-11-30 14:32:20'),
	(13, 17, 80, 'PECAH', NULL, 0, '118', '2022-11-30 14:22:04', '118', '2022-11-30 14:32:14'),
	(14, 19, 13, 'ROSAK', NULL, 1, '71', '2022-11-30 14:23:03', NULL, NULL),
	(15, 20, 13, 'OK', NULL, 1, '71', '2022-11-30 14:23:31', NULL, NULL),
	(16, 22, 80, 'PECAHHH', NULL, 0, '118', '2022-11-30 14:31:44', '118', '2022-11-30 14:32:08'),
	(17, 24, 13, 'TERSUMBAT & BERKARAT', NULL, 1, '71', '2022-11-30 14:47:29', NULL, NULL),
	(18, 27, 80, 'PECAH', 1, 1, '10', '2022-11-30 16:32:37', NULL, NULL),
	(19, 30, 14, 'LAMPU HILANG', NULL, 0, '141', '2022-12-01 10:16:45', '141', '2022-12-01 10:21:12'),
	(20, 30, 37, 'ROSAK', NULL, 0, '141', '2022-12-01 10:16:45', '141', '2022-12-01 10:21:12'),
	(21, 31, 99, 'SUMBAT', NULL, 1, '279', '2022-12-01 10:16:51', NULL, NULL),
	(22, 32, 90, 'TERBAKAR', NULL, 1, '68', '2022-12-01 10:16:54', NULL, NULL),
	(23, 33, 13, 'BOCOR', NULL, 1, '71', '2022-12-01 10:18:06', NULL, NULL),
	(24, 40, 14, 'ROSAK', 1, 1, '293', '2022-12-01 10:59:58', NULL, NULL),
	(25, 40, 37, 'ROSAK', 1, 1, '293', '2022-12-01 10:59:58', NULL, NULL),
	(26, 55, 12, 'PECAH', 1, 1, '10', '2022-12-02 18:12:31', NULL, NULL),
	(27, 56, 13, 'BOCOR', NULL, 0, '133', '2022-12-02 09:16:15', '133', '2022-12-02 09:17:57'),
	(28, 59, 80, 'PECAH', 1, 1, '10', '2022-12-02 17:57:10', NULL, NULL);
/*!40000 ALTER TABLE `complaint_inventory` ENABLE KEYS */;

-- Dumping structure for table staging_epro_kuarters_johor.complaint_inventory_attachment
CREATE TABLE IF NOT EXISTS `complaint_inventory_attachment` (
  `id` int(11) NOT NULL AUTO_INCREMENT,
  `complaint_inventory_id` int(11) DEFAULT NULL,
  `path_document` text,
  `data_status` tinyint(4) DEFAULT '1',
  `action_by` int(11) DEFAULT NULL,
  `action_on` datetime DEFAULT NULL,
  `delete_by` int(11) DEFAULT NULL,
  `delete_on` datetime DEFAULT NULL,
  PRIMARY KEY (`id`)
) ENGINE=InnoDB AUTO_INCREMENT=29 DEFAULT CHARSET=latin1;

-- Dumping data for table staging_epro_kuarters_johor.complaint_inventory_attachment: ~28 rows (approximately)
/*!40000 ALTER TABLE `complaint_inventory_attachment` DISABLE KEYS */;
INSERT INTO `complaint_inventory_attachment` (`id`, `complaint_inventory_id`, `path_document`, `data_status`, `action_by`, `action_on`, `delete_by`, `delete_on`) VALUES
	(1, 1, 'complaint/damage_inventory/L2cBS9T61M8X05Inkl1KAw5ODTDuYGa10U21Sjm1.jpg', 1, 267, '2022-11-29 14:08:11', NULL, NULL),
	(2, 2, 'complaint/damage_inventory/g50qF2b8wjn8hwiZiExkL6L1tKIzeK57bnzulPKp.jpg', 1, 267, '2022-11-29 14:08:12', NULL, NULL),
	(3, 3, 'complaint/damage_inventory/v2Qvv0in33o4IDSMASZRrIVGm9KmYwjxGui5k20b.png', 1, 141, '2022-11-29 17:44:27', NULL, NULL),
	(4, 4, 'complaint/damage_inventory/zDxPzXLYiyuJBFc1armPKcDDfIKHsqfHN9qmcQpC.png', 1, 141, '2022-11-29 17:44:27', NULL, NULL),
	(5, 5, 'complaint/damage_inventory/KApi25gNE1YzOTdF7LByRkSUfiMjbqaGUxhOSrKK.png', 1, 68, '2022-11-29 22:27:59', NULL, NULL),
	(6, 6, 'complaint/damage_inventory/ckmyLxNdAMAK7tFNEFfMfe3ls1KndTGD9P0PTtrV.jpg', 1, 71, '2022-11-30 12:47:07', NULL, NULL),
	(7, 7, 'complaint/damage_inventory/GlDl91twnWe6GWY5EUD12V4NQiYIttAicitmL6G4.jpg', 0, 118, '2022-11-30 13:05:01', 118, '2022-11-30 14:32:27'),
	(8, 8, 'complaint/damage_inventory/6OQVAw84NJgXCbWvpdwTEeds1dU2u6RSiyb7ipjj.jpg', 1, 118, '2022-11-30 13:06:57', NULL, NULL),
	(9, 9, 'complaint/damage_inventory/VNwCtrRaxI3FspT26J2SW3x9ED92RFD0pcauDyrO.jpg', 1, 118, '2022-11-30 13:06:57', NULL, NULL),
	(10, 10, 'complaint/damage_inventory/3AMaXVDHQM9BjICvqgzm3Y2bN75vbql7JxRgj8m6.jpg', 0, 118, '2022-11-30 13:12:00', 118, '2022-11-30 15:47:09'),
	(11, 11, 'complaint/damage_inventory/wVprhIQBHl6vppsA3Oj0tQQZDdfCcgKXOJ7EXtnO.jpg', 0, 118, '2022-11-30 13:12:00', 118, '2022-11-30 15:14:06'),
	(12, 12, 'complaint/damage_inventory/JeU0aA2kPl90w14otq0G3DaPuMt2CYvkcP6F8Cgz.jpg', 0, 118, '2022-11-30 14:20:32', 118, '2022-11-30 14:32:20'),
	(13, 13, 'complaint/damage_inventory/pCql2wpbA0CetfqgaukZYc0WOoFpPy3LWv631RdG.jpg', 0, 118, '2022-11-30 14:22:04', 118, '2022-11-30 14:32:14'),
	(14, 14, 'complaint/damage_inventory/PiPdxiGUMTTcMxySlZY19RnodA6iOnFYHfTg0mev.jpg', 1, 71, '2022-11-30 14:23:03', NULL, NULL),
	(15, 15, 'complaint/damage_inventory/igiAF8WDTpQtR5pwND3p7T323GtbN2i5Nm7fs6Jp.jpg', 1, 71, '2022-11-30 14:23:32', NULL, NULL),
	(16, 16, 'complaint/damage_inventory/IB9zRnKehwpfnD1a2LrfKrlAm3qN9W3ih4dqWDHi.jpg', 0, 118, '2022-11-30 14:31:44', 118, '2022-11-30 14:32:08'),
	(17, 17, 'complaint/damage_inventory/jr6Kz7mgDhJRMXJdzUhVhlHm647wX1nY9ypbvMaw.jpg', 1, 71, '2022-11-30 14:47:29', NULL, NULL),
	(18, 18, 'complaint/damage_inventory/iTw9wHgk8S0bbQKKr1tKMSgbu7sinVOILvVlvLh5.png', 1, 118, '2022-11-30 15:55:22', NULL, NULL),
	(19, 19, 'complaint/damage_inventory/HsszxtYGvXZnbXvIbRt2qJqvGbEbOmLc2OGI6JkL.jpg', 0, 141, '2022-12-01 10:16:45', 141, '2022-12-01 10:21:12'),
	(20, 20, 'complaint/damage_inventory/hfpqbMDVg5egF276MmHBO6Q6SGwiuOHAUeKBwFt5.jpg', 0, 141, '2022-12-01 10:16:45', 141, '2022-12-01 10:21:12'),
	(21, 21, 'complaint/damage_inventory/T3hwvJHHoiP17g2Fg9OMwVQ2OOrvYVh2oUVp4ZaF.png', 1, 279, '2022-12-01 10:16:52', NULL, NULL),
	(22, 22, 'complaint/damage_inventory/ywJ30H6cT7PQPP3pS9ppk244sh3Pcv67gUbIgSAR.jpg', 1, 68, '2022-12-01 10:16:54', NULL, NULL),
	(23, 23, 'complaint/damage_inventory/f8HMyjkEmvADpmwWvv3voTxSYjUowALLoYETGlLc.png', 1, 71, '2022-12-01 10:18:06', NULL, NULL),
	(24, 24, 'complaint/damage_inventory/42AxDrjT3EHoesyb3uqzEp1vqc3fmwMQv0ysg5U8.jpg', 1, 141, '2022-12-01 10:47:45', NULL, NULL),
	(25, 25, 'complaint/damage_inventory/OnTCYrTBpr5RzUE3tetNe93X46XuZh96rltJo68V.jpg', 1, 141, '2022-12-01 10:47:45', NULL, NULL),
	(26, 26, 'complaint/damage_inventory/7Y2kYoYHNWeqzkTACmLygA0waqRTr7X99DJojVSo.jpg', 1, 133, '2022-12-02 08:18:52', NULL, NULL),
	(27, 27, 'complaint/damage_inventory/STmqqCEvbtN78jSy6XHvWe7RAdh0ESZJgqArEhHB.jpg', 0, 133, '2022-12-02 09:16:15', 133, '2022-12-02 09:17:57'),
	(28, 28, 'complaint/damage_inventory/0Serx48uWt6r7t1ODJfZRj8sUu3BSABqUR6Bj0bi.jpg', 1, 133, '2022-12-02 17:50:09', NULL, NULL);
/*!40000 ALTER TABLE `complaint_inventory_attachment` ENABLE KEYS */;

-- Dumping structure for table staging_epro_kuarters_johor.complaint_others
CREATE TABLE IF NOT EXISTS `complaint_others` (
  `id` int(11) NOT NULL AUTO_INCREMENT,
  `complaint_id` int(11) DEFAULT NULL,
  `description` varchar(255) DEFAULT NULL,
  `flag_action` tinyint(3) unsigned zerofill DEFAULT NULL COMMENT '1: utk tindakan',
  `data_status` tinyint(4) DEFAULT '1',
  `action_by` varchar(4) DEFAULT NULL,
  `action_on` varchar(50) DEFAULT NULL,
  `delete_by` varchar(4) DEFAULT NULL,
  `delete_on` varchar(50) DEFAULT NULL,
  PRIMARY KEY (`id`)
) ENGINE=InnoDB AUTO_INCREMENT=17 DEFAULT CHARSET=latin1;

-- Dumping data for table staging_epro_kuarters_johor.complaint_others: ~16 rows (approximately)
/*!40000 ALTER TABLE `complaint_others` DISABLE KEYS */;
INSERT INTO `complaint_others` (`id`, `complaint_id`, `description`, `flag_action`, `data_status`, `action_by`, `action_on`, `delete_by`, `delete_on`) VALUES
	(1, 1, 'LANTAI DI RUANG TAMU PECAH', NULL, 1, '267', '2022-11-29 14:08:12', NULL, NULL),
	(2, 1, 'PAGAR RUMAH BERKARAT', NULL, 1, '267', '2022-11-29 14:08:12', NULL, NULL),
	(3, 9, 'PAIP RUMAH PECAH', NULL, 1, '68', '2022-11-29 22:27:59', NULL, NULL),
	(4, 13, 'ENGSEL PINTU RUANGTAMU PATAH', 001, 1, '10', '2022-11-30 16:16:18', NULL, NULL),
	(5, 14, 'LAMPU KALIMATANG PECAH', NULL, 1, '118', '2022-11-30 15:14:06', NULL, NULL),
	(6, 19, 'OK X OK', NULL, 1, '71', '2022-11-30 14:23:03', NULL, NULL),
	(7, 14, 'LAMPU KALIMATANG PECAH', NULL, 0, '118', '2022-11-30 15:16:11', '118', '2022-11-30 15:41:37'),
	(8, 14, 'MEJA PECAH', NULL, 1, '118', '2022-11-30 15:44:54', NULL, NULL),
	(9, 27, 'PAGAR PATAH', 001, 1, '10', '2022-11-30 16:32:37', NULL, NULL),
	(10, 28, 'PAGAR BERKARAT', NULL, 1, '118', '2022-11-30 16:29:10', NULL, NULL),
	(11, 30, 'LONGKANG ROSAK', NULL, 1, '141', '2022-12-01 10:16:45', NULL, NULL),
	(12, 31, 'LANTAI', NULL, 1, '279', '2022-12-01 10:16:52', NULL, NULL),
	(13, 32, 'LANTAI BERLUMUT', NULL, 1, '68', '2022-12-01 10:16:54', NULL, NULL),
	(14, 33, 'LANTAI BERLUMUT', NULL, 1, '71', '2022-12-01 10:18:06', NULL, NULL),
	(15, 40, 'LONGKANG SUMBAT', 001, 1, '293', '2022-12-01 10:59:58', NULL, NULL),
	(16, 55, 'PAGAR BERKARAT', 001, 1, '10', '2022-12-02 18:12:31', NULL, NULL);
/*!40000 ALTER TABLE `complaint_others` ENABLE KEYS */;

-- Dumping structure for table staging_epro_kuarters_johor.complaint_status
CREATE TABLE IF NOT EXISTS `complaint_status` (
  `id` int(11) NOT NULL AUTO_INCREMENT,
  `complaint_status` varchar(50) DEFAULT NULL,
  `remarks` varchar(50) DEFAULT NULL,
  `data_status` int(11) DEFAULT '1',
  `action_by` varchar(50) DEFAULT NULL,
  `action_on` varchar(50) DEFAULT NULL,
  PRIMARY KEY (`id`)
) ENGINE=InnoDB AUTO_INCREMENT=101 DEFAULT CHARSET=latin1;

-- Dumping data for table staging_epro_kuarters_johor.complaint_status: ~6 rows (approximately)
/*!40000 ALTER TABLE `complaint_status` DISABLE KEYS */;
INSERT INTO `complaint_status` (`id`, `complaint_status`, `remarks`, `data_status`, `action_by`, `action_on`) VALUES
	(0, 'BARU', 'Aduan Baru', 1, NULL, NULL),
	(1, 'DITOLAK', 'Pegawai pemantau tolak aduan', 1, NULL, NULL),
	(2, 'SELESAI', 'Aduan selesai', 1, NULL, NULL),
	(3, 'PEMERIKSAAN BERULANG', 'Aduan memerlukan pemeriksaan berulang', 1, NULL, NULL),
	(4, 'PENYELENGGARAAN', 'Aduan memerlukan pemeriksaan', 1, NULL, NULL),
	(99, 'DITERIMA', 'Pegawai pemantau terima aduan', 0, NULL, NULL);
/*!40000 ALTER TABLE `complaint_status` ENABLE KEYS */;

-- Dumping structure for table staging_epro_kuarters_johor.complaint_type
CREATE TABLE IF NOT EXISTS `complaint_type` (
  `id` int(11) NOT NULL AUTO_INCREMENT,
  `complaint_name` varchar(255) DEFAULT NULL,
  `ref_no` varchar(255) DEFAULT NULL,
  `data_status` tinyint(4) DEFAULT '1',
  `action_by` varchar(50) DEFAULT NULL,
  `action_on` varchar(50) DEFAULT NULL,
  `delete_by` varchar(50) DEFAULT NULL,
  `delete_on` varchar(50) DEFAULT NULL,
  PRIMARY KEY (`id`)
) ENGINE=InnoDB AUTO_INCREMENT=3 DEFAULT CHARSET=latin1;

-- Dumping data for table staging_epro_kuarters_johor.complaint_type: ~2 rows (approximately)
/*!40000 ALTER TABLE `complaint_type` DISABLE KEYS */;
INSERT INTO `complaint_type` (`id`, `complaint_name`, `ref_no`, `data_status`, `action_by`, `action_on`, `delete_by`, `delete_on`) VALUES
	(1, 'KEROSAKAN', 'AK', 1, NULL, NULL, NULL, NULL),
	(2, 'LANGGAR PERATURAN', 'AP', 1, NULL, NULL, NULL, NULL);
/*!40000 ALTER TABLE `complaint_type` ENABLE KEYS */;

-- Dumping structure for table staging_epro_kuarters_johor.config_menu
CREATE TABLE IF NOT EXISTS `config_menu` (
  `id` int(11) NOT NULL AUTO_INCREMENT,
  `menu` varchar(255) DEFAULT NULL,
  `flag_dashboard` int(11) DEFAULT '0',
  `flag_report` int(11) DEFAULT '0',
  `order` int(11) DEFAULT '0',
  `data_status` tinyint(4) DEFAULT '1',
  PRIMARY KEY (`id`)
) ENGINE=InnoDB AUTO_INCREMENT=21 DEFAULT CHARSET=latin1;

-- Dumping data for table staging_epro_kuarters_johor.config_menu: ~20 rows (approximately)
/*!40000 ALTER TABLE `config_menu` DISABLE KEYS */;
INSERT INTO `config_menu` (`id`, `menu`, `flag_dashboard`, `flag_report`, `order`, `data_status`) VALUES
	(1, 'LAMAN UTAMA', 1, 0, 1, 1),
	(2, 'PENTADBIR SISTEM', 0, 0, 2, 1),
	(3, 'KONFIGURASI', 0, 0, 3, 1),
	(4, 'MAKLUMAT KUARTERS', 0, 0, 5, 1),
	(5, 'PENGURUSAN PERMOHONAN KUARTERS', 0, 0, 5, 0),
	(6, 'SEMAKAN PERMOHONAN', 0, 0, 6, 1),
	(7, 'MESYUARAT', 0, 0, 7, 1),
	(8, 'PENEMPATAN', 0, 0, 8, 1),
	(9, 'MASUK KUARTERS', 0, 0, 9, 0),
	(10, 'KELUAR KUARTERS', 0, 0, 11, 0),
	(11, 'KEWANGAN', 0, 0, 15, 0),
	(12, 'PEMANTAUAN BERKALA', 0, 0, 12, 0),
	(13, 'PEMANTAUAN', 0, 0, 13, 1),
	(14, 'PENYELENGGARAAN', 0, 0, 14, 0),
	(15, 'LAPORAN', 0, 1, 16, 1),
	(16, 'ANALISIS', 0, 1, 17, 0),
	(17, 'KAWALAN AUDIT', 0, 0, 18, 0),
	(18, 'SENARAI PENGHUNI', 0, 0, 10, 1),
	(19, 'KEBENARAN KHAS', 0, 0, 4, 1),
	(20, 'YURAN PENYELENGGARAAN', 0, 0, 19, 1);
/*!40000 ALTER TABLE `config_menu` ENABLE KEYS */;

-- Dumping structure for table staging_epro_kuarters_johor.config_menu_portal
CREATE TABLE IF NOT EXISTS `config_menu_portal` (
  `id` int(11) NOT NULL AUTO_INCREMENT,
  `menu` varchar(255) DEFAULT NULL,
  `flag_dashboard` int(11) DEFAULT '0',
  `flag_report` int(11) DEFAULT '0',
  `data_status` tinyint(4) DEFAULT '1',
  PRIMARY KEY (`id`)
) ENGINE=InnoDB AUTO_INCREMENT=4 DEFAULT CHARSET=latin1;

-- Dumping data for table staging_epro_kuarters_johor.config_menu_portal: ~3 rows (approximately)
/*!40000 ALTER TABLE `config_menu_portal` DISABLE KEYS */;
INSERT INTO `config_menu_portal` (`id`, `menu`, `flag_dashboard`, `flag_report`, `data_status`) VALUES
	(1, 'LAMAN UTAMA', 1, 0, 1),
	(2, 'PERMOHONAN KUARTERS', 0, 0, 1),
	(3, 'ADUAN', 0, 0, 1);
/*!40000 ALTER TABLE `config_menu_portal` ENABLE KEYS */;

-- Dumping structure for table staging_epro_kuarters_johor.config_submenu
CREATE TABLE IF NOT EXISTS `config_submenu` (
  `id` int(11) NOT NULL AUTO_INCREMENT,
  `submenu_code` varchar(5) DEFAULT NULL,
  `config_menu_id` int(11) DEFAULT NULL,
  `submenu` varchar(255) DEFAULT NULL,
  `route_name` varchar(255) DEFAULT NULL,
  `action` varchar(255) DEFAULT NULL,
  `folder_path` varchar(255) DEFAULT NULL,
  `lang_file` varchar(255) DEFAULT NULL,
  `order` int(11) DEFAULT NULL,
  `data_status` tinyint(4) DEFAULT '1',
  PRIMARY KEY (`id`),
  KEY `FK_config_submenu_config_menu` (`config_menu_id`),
  CONSTRAINT `FK_config_submenu_config_menu` FOREIGN KEY (`config_menu_id`) REFERENCES `config_menu` (`id`) ON DELETE NO ACTION ON UPDATE NO ACTION
) ENGINE=InnoDB AUTO_INCREMENT=67 DEFAULT CHARSET=latin1;

-- Dumping data for table staging_epro_kuarters_johor.config_submenu: ~60 rows (approximately)
/*!40000 ALTER TABLE `config_submenu` DISABLE KEYS */;
INSERT INTO `config_submenu` (`id`, `submenu_code`, `config_menu_id`, `submenu`, `route_name`, `action`, `folder_path`, `lang_file`, `order`, `data_status`) VALUES
	(1, '2-2', 2, 'Pengguna Sistem', 'user.index', 'A-U-V-D', 'modules.SystemAdmin.User', 'user', 2, 1),
	(2, '2-1', 2, 'Peranan', 'userPolicy.index', 'A-U-V-D', 'modules.SystemAdmin.UserPolicy', 'user-policy', 1, 1),
	(3, '2-3', 2, 'Pengaktifan Akaun', 'userApproval.index', 'U-V', 'modules.SystemAdmin.UserApproval', 'user-approval', 3, 1),
	(4, '3-1', 3, 'Kelas Kuarters', 'quartersClass.index', 'A-U-V-D', 'modules.SystemConfiguration.QuartersClass', 'quarters-class', 15, 1),
	(5, '3-2', 3, 'Kategori Kuarters (Lokasi)', 'quartersCategory.index', 'A-U-V-D', 'modules.SystemConfiguration.QuartersCategory', 'quarters-category', 16, 1),
	(6, NULL, 3, 'Jenis Aduan', 'complaintType.index', 'A-U-V-D', 'modules.SystemConfiguration.ComplaintType', 'complaint-type', NULL, 0),
	(9, NULL, 3, 'Jawatan', 'position.index', 'V', 'modules.SystemConfiguration.Position', 'position', 2, 1),
	(10, NULL, 3, 'Gred Jawatan', 'positionGrade.index', 'V', 'modules.SystemConfiguration.PositionGrade', 'position-grade', 4, 1),
	(11, NULL, 3, 'Kod Jawatan', 'positionGradeType.index', 'V', 'modules.SystemConfiguration.PositionGradeType', 'position-grade-type', 3, 1),
	(12, NULL, 3, 'Inventori', 'listQuartersCategoryInventory.index', 'A-U-V-D', 'modules.SystemConfiguration.Inventory', 'inventory', 17, 1),
	(13, NULL, 3, 'Radius', 'radius.index', 'A-U-V-D', 'modules.SystemConfiguration.Radius', 'radius', 12, 1),
	(14, NULL, 4, 'Kuarters', 'listQuartersCategory.index', 'A-U-V-D', 'modules.QuartersInfo.Quarters', 'quarters', 5, 1),
	(15, NULL, 5, 'Permohonan Greenlane', 'applicationGreenlane.index', 'A-U-V-D', 'modules.QuartersManagement.Greenlane', 'greenlane', NULL, 0),
	(16, NULL, 6, 'Semakan Permohonan', 'applicationReview.index', 'U-V', 'modules.ApplicationReview.ApplicationReview', 'application-review', 3, 1),
	(17, NULL, 7, 'Panel Luar', 'invitationPanel.index', 'A-U-V-D', 'modules.Meeting.InvitationPanel', 'invitation-panel', 1, 1),
	(18, NULL, 7, 'Mesyuarat Jawatankuasa', 'evaluationMeeting.index', 'U-V', 'modules.Meeting.EvaluationMeeting', 'evaluation-meeting', 2, 1),
	(19, NULL, 8, 'Senarai Terima Tawaran', 'accept.index', 'V', 'modules.Placement.Accept', 'placement', 2, 1),
	(20, NULL, 8, 'Senarai Tolak Tawaran', 'reject.index', 'V', 'modules.Placement.Reject', 'placement', 3, 1),
	(21, NULL, 8, 'Rayuan Permohonan', NULL, 'U-V', NULL, NULL, NULL, 0),
	(22, NULL, 9, 'Maklumat Terimaan Masuk Kuarters', NULL, 'V', NULL, NULL, NULL, 1),
	(23, NULL, 9, 'Dokumen Masuk Kuarters', NULL, 'V', NULL, NULL, NULL, 1),
	(24, NULL, 10, 'Transaksi Keluar Kuarters', NULL, 'U-V', NULL, NULL, NULL, 1),
	(25, NULL, 10, 'Hilang Kelayakan', NULL, 'V', NULL, NULL, NULL, 1),
	(26, NULL, 10, 'Mesyuarat Hilang Kelayakan', NULL, 'U-V', NULL, NULL, NULL, 1),
	(27, NULL, 11, 'Bayaran Sewa', NULL, 'A-U-V-D', NULL, NULL, NULL, 1),
	(28, NULL, 20, 'Yuran Penyelenggaraan Mengikut Jenis Rumah Dan Kategori Kuarters', 'maintenanceFeeByQuartersCategory.index', 'V', 'modules.MaintenanceFee.MaintenanceFeeByQuartersCategory', 'maintenance-fee', NULL, 1),
	(29, NULL, 12, 'Jadual Pemantauan Berkala', NULL, 'V', NULL, NULL, NULL, 1),
	(30, NULL, 12, 'Pengesahan Tugas', NULL, 'U-V', NULL, NULL, NULL, 1),
	(31, NULL, 12, 'Kalendar Pemantauan Berkala', NULL, 'A-U-V-D', NULL, NULL, NULL, 1),
	(32, NULL, 13, 'Pemantauan Aduan', 'complaintMonitoring.index', 'U-V', 'modules.Monitoring.ComplaintMonitoring', 'complaint-monitoring', 2, 1),
	(33, NULL, 13, 'Temujanji Aduan', 'complaintAppointment.index', 'U-V', 'modules.Monitoring.ComplaintAppointment', 'complaint-appointment', 1, 1),
	(34, NULL, 13, 'Pengesahan Aduan Awam', 'rulesViolationComplaintApproval.index', 'U-V', 'modules.Monitoring.RulesViolationComplaintApproval', 'rules-violation-complaint-approval', 3, 0),
	(35, NULL, 13, 'Audit Penyewa', NULL, 'V', NULL, NULL, 4, 0),
	(36, NULL, 14, 'Maklumat Kontraktor', NULL, 'V', NULL, NULL, 4, 1),
	(37, NULL, 14, 'Transaksi Kerja Penyelenggaraan', NULL, 'A-U-V-D', NULL, NULL, 3, 1),
	(38, NULL, 14, 'Transaksi Mesyuarat', NULL, 'A-U-V-D', NULL, NULL, 2, 1),
	(39, NULL, 14, 'Pemantauan Kontraktor', NULL, 'V', NULL, NULL, 5, 1),
	(40, '1-1', 1, 'Laman Utama', 'dashboard', 'V', NULL, NULL, NULL, 1),
	(42, NULL, 3, 'Dokumen', 'document.index', 'A-U-V-D', 'modules.SystemConfiguration.Document', 'document', 14, 1),
	(43, NULL, 17, 'Kawalan Audit', NULL, 'V', NULL, NULL, NULL, 1),
	(44, NULL, 3, 'Tarikh Permohonan', 'applicationDate.index', 'A-U-V-D', 'modules.SystemConfiguration.ApplicationDate', 'application-date', 11, 1),
	(45, NULL, 6, 'Kriteria Pemarkahan', 'applicationScoringCriteria.index', 'A-U-V-D', 'modules.ApplicationReview.ApplicationScoringCriteria', 'application-scoring-criteria', 1, 1),
	(46, NULL, 3, 'Senarai Hitam', 'blacklist.index', 'A-U-V-D', NULL, NULL, NULL, 0),
	(47, NULL, 6, 'Pemarkahan Permohonan', 'applicationScoring.index', 'U-V', 'modules.ApplicationReview.ApplicationScoring', 'application-scoring', 2, 1),
	(48, '2-4', 2, 'Pengurusan Daerah', 'districtManagement.index', 'A-U-V-D', 'modules.SystemAdmin.DistrictManagement', 'district-management', 4, 0),
	(49, NULL, 6, 'Kelulusan Permohonan', 'applicationApproval.index', 'U-V', 'modules.ApplicationReview.ApplicationApproval', 'application-approval', 4, 1),
	(51, NULL, 8, 'Pengesahan Penempatan', NULL, 'U-V', NULL, NULL, NULL, 0),
	(52, NULL, 14, 'Kondisi Kuarters', NULL, 'A-U-V-D', NULL, NULL, 1, 1),
	(53, NULL, 18, 'Senarai Penghuni', 'tenant.index', 'A-U-V-D', 'modules.Tenant.Tenant', 'tenant', NULL, 1),
	(54, NULL, 8, 'Penempatan Kuarters', 'placement.index', 'A-U-V-D', 'modules.Placement.Placement', 'placement', 1, 1),
	(55, NULL, 3, 'Pegawai', 'officer.index', 'A-U-V-D', 'modules.SystemConfiguration.Officer', 'officer', 9, 1),
	(56, NULL, 3, 'Jabatan Bertanggungjawab (Inventori)', 'inventoryResponsibility.index', 'A-U-V-D', 'modules.SystemConfiguration.InventoryResponsibility', 'inventory-responsibility', 18, 1),
	(58, NULL, 3, 'Bilangan Pilihan Kategori Kuarters (Lokasi)', 'quartersOption.index', 'A-U-V-D', 'modules.SystemConfiguration.QuartersOption', 'quarters-option', 13, 1),
	(59, NULL, 7, 'Daftar Mesyuarat', 'meetingRegistration.index', 'A-U-V-D', 'modules.Meeting.MeetingRegistration', 'meeting-registration', 1, 1),
	(60, NULL, 19, 'Kebenaran Khas', 'specialPermission.index', 'A-U-V-D', 'modules.SystemConfiguration.SpecialPermission', 'special-permission', NULL, 1),
	(61, NULL, 8, 'Pertukaran Penempatan', 'replacement.index', 'A-U_V_D', 'modules.Placement.Replacement', 'placement', NULL, 0),
	(62, NULL, 3, 'Agensi', 'agency.index', 'V', 'modules.SystemConfiguration.Agency', 'agency', NULL, 1),
	(63, NULL, 3, 'Jabatan', 'department.index', 'V', 'modules.SystemConfiguration.Department', 'department', 1, 1),
	(65, NULL, 15, 'Laporan Aduan Kerosakan', 'damageComplaintReport.index', 'V-DPdf-DExc', 'modules.Report.DamageComplaintReport', 'report-damage-complaint', 1, 1),
	(66, NULL, 15, 'Laporan Aduan Langgar Peraturan', 'rulesViolationComplaintReport.index', 'V-DPdf-DExc', 'modules.Report.RulesViolationComplaintReport', 'report-rules-violation-complaint', 2, 1);
/*!40000 ALTER TABLE `config_submenu` ENABLE KEYS */;

-- Dumping structure for table staging_epro_kuarters_johor.config_submenu_portal
CREATE TABLE IF NOT EXISTS `config_submenu_portal` (
  `id` int(11) NOT NULL AUTO_INCREMENT,
  `config_menu_portal_id` int(11) DEFAULT NULL,
  `submenu` varchar(255) DEFAULT NULL,
  `level` tinyint(4) DEFAULT '1',
  `route_name` varchar(255) DEFAULT NULL,
  `folder_path` varchar(255) DEFAULT NULL,
  `lang_file` varchar(255) DEFAULT NULL,
  `flag_notification` int(11) DEFAULT '0' COMMENT '1:Placement Info',
  `data_status` tinyint(4) DEFAULT '1',
  PRIMARY KEY (`id`),
  KEY `FK_config_submenu_portal_config_menu_portal` (`config_menu_portal_id`),
  CONSTRAINT `FK_config_submenu_portal_config_menu_portal` FOREIGN KEY (`config_menu_portal_id`) REFERENCES `config_menu_portal` (`id`) ON DELETE NO ACTION ON UPDATE NO ACTION
) ENGINE=InnoDB AUTO_INCREMENT=11 DEFAULT CHARSET=latin1;

-- Dumping data for table staging_epro_kuarters_johor.config_submenu_portal: ~9 rows (approximately)
/*!40000 ALTER TABLE `config_submenu_portal` DISABLE KEYS */;
INSERT INTO `config_submenu_portal` (`id`, `config_menu_portal_id`, `submenu`, `level`, `route_name`, `folder_path`, `lang_file`, `flag_notification`, `data_status`) VALUES
	(1, 1, 'Laman Utama', 1, 'dashboard', NULL, NULL, 0, 1),
	(2, 2, 'Permohonan Kuarters', 1, 'application.index', 'modules.QuartersManagement.Application', 'application', 0, 1),
	(3, 2, 'Pengesahan Terimaan Kuarters', 1, 'quartersAcceptanceApproval.index', 'modules.QuartersManagement.QuartersAcceptanceApproval', 'quarters-acceptance-approval', 0, 1),
	(4, 2, 'Kemaskini Maklumat Inventori', 1, 'quartersInventory.index', 'modules.QuartersManagement.QuartersInventory', 'quarters-inventory', 0, 1),
	(6, 2, 'Permohonan Keluar Kuarters', 1, 'quartersLeaveApplication.index', 'modules.QuartersManagement.QuartersLeaveApplication', 'quarters-leave-application', 0, 1),
	(7, 2, 'Permohonan Rayuan Kuarters', 1, 'applicationAppeal.index', 'modules.QuartersManagement.ApplicationAppeal', 'application-appeal', 0, 0),
	(8, 3, 'Aduan Kerosakan', 1, 'damageComplaint.index', 'modules.Complaint.DamageComplaint', 'damage-complaint', 0, 1),
	(9, 3, 'Aduan Awam', 1, 'rulesViolationComplaint.index', 'modules.Complaint.RulesViolationComplaint', 'rules-violation-complaint', 0, 1),
	(10, 3, 'Pengesahan Temujanji', 1, 'appointmentApproval.index', 'modules.Complaint.AppointmentApproval', 'appointment-approval', 0, 1);
/*!40000 ALTER TABLE `config_submenu_portal` ENABLE KEYS */;

-- Dumping structure for table staging_epro_kuarters_johor.department
CREATE TABLE IF NOT EXISTS `department` (
  `id` int(11) NOT NULL AUTO_INCREMENT,
  `organization_id` int(11) DEFAULT NULL,
  `department_name` varchar(255) DEFAULT NULL,
  `data_status` tinyint(4) DEFAULT '1',
  PRIMARY KEY (`id`)
) ENGINE=InnoDB AUTO_INCREMENT=36 DEFAULT CHARSET=latin1;

-- Dumping data for table staging_epro_kuarters_johor.department: ~18 rows (approximately)
/*!40000 ALTER TABLE `department` DISABLE KEYS */;
INSERT INTO `department` (`id`, `organization_id`, `department_name`, `data_status`) VALUES
	(2, 10, 'PENGURUSAN BANGUNAN DAN ASET,  KHIDMAT PENGURUSAN (N14),  PEJABAT SETIAUSAHA KERAJAAN JOHOR (PENGURUSAN) (N14),  PEJABAT SETIAUSAHA KERAJAAN NEGERI JOHOR (N84)', 1),
	(3, 11, 'UNIT AKADEMIK DAN PENDIDIKAN BERTERUSAN,  TIMBALAN PENGARAH (AKADEMIK),  KOLEJ KOMUNITI BANDAR PENAWAR,  KOLEJ-KOLEJ KOMUNITI', 1),
	(4, 7, 'BAHAGIAN PERPUSTAKAAN SULTAN ISMAIL (P11),  JABATAN PEMBANGUNAN MASYARAKAT (P11),  PEJABAT SETIAUSAHA (P11),  PEJABAT DATUK BANDAR (P11)', 1),
	(5, 10, 'PEMBANGUNAN (N14),  PEMBANGUNAN DAN OPERASI (N14),  SAINS TEKNOLOGI DAN ICT  (N14),  PEJABAT SETIAUSAHA KERAJAAN JOHOR (PENGURUSAN) (N14),  PEJABAT SETIAUSAHA KERAJAAN NEGERI JOHOR (N84)', 1),
	(6, 10, 'STOR (N14),  PENTADBIRAN AM (N14),  KHIDMAT PENGURUSAN (N14),  PEJABAT SETIAUSAHA KERAJAAN JOHOR (PENGURUSAN) (N14),  PEJABAT SETIAUSAHA KERAJAAN NEGERI JOHOR (N84)', 1),
	(7, 12, 'PENGURUSAN MAKLUMAT (N14)', 1),
	(8, 13, 'PENGURUSAN MAKLUMAT (N14)', 1),
	(14, 19, 'PEJABAT PENILAI DAERAH,  JOHOR BAHRU,  JOHOR,  NEGERI', 1),
	(16, 10, 'PENGURUSAN BANGUNAN,  PENGURUSAN PPR/RASK,  OPERASI,  OPERASI,  PERBADANAN KEMAJUAN PERUMAHAN JOHOR', 1),
	(23, 27, 'KLINIK DESA KAMPUNG SAWAH,  KLINIK KESIHATAN PEKAN NANAS,  UNIT PEMBANGUNAN KESIHATAN KELUARGA,  PEJABAT KESIHATAN DAERAH PONTIAN,  PEJABAT KESIHATAN DAERAH DAN MAKMAL,  BAHAGIAN KESIHATAN AWAM,  JABATAN KESIHATAN NEGERI JOHOR', 1),
	(25, 28, 'BAHAGIAN KONTRAK DAN UKUR BAHAN (P20),  JABATAN KEJURUTERAAN (P20)', 1),
	(26, 27, 'UNIT PENYELIA JURURAWAT,  BAHAGIAN KLINIKAL,  HOSPITAL PERMAI,  HOSPITAL,  BAHAGIAN PERUBATAN,  JABATAN KESIHATAN NEGERI JOHOR', 1),
	(30, 32, 'PENTADBIRAN (N14/2020),  PENTADBIRAN DAN KEWANGAN (N14/2020),  KHIDMAT PENGURUSAN (N14/2020)', 1),
	(31, 33, 'PENTADBIRAN DAN KEWANGAN (N14/2020),  KHIDMAT PENGURUSAN (N14/2020)', 1),
	(32, 3, 'PENTADBIRAN DAN KEWANGAN (N14/2020),  KHIDMAT PENGURUSAN (N14/2020)', 1),
	(33, 34, 'PENTADBIRAN DAN KEWANGAN (N14/2020),  KHIDMAT PENGURUSAN (N14/2020)', 1),
	(34, 32, 'PEMBANGUNAN FIZIKAL (N14/2020),  PEMBANGUNAN (N14/2020)', 1),
	(35, 6, 'BAHAGIAN PENGURUSAN HARTA (P17),  JABATAN PENILAIAN DAN PENGURUSAN HARTA (P17)', 1);
/*!40000 ALTER TABLE `department` ENABLE KEYS */;

-- Dumping structure for table staging_epro_kuarters_johor.district
CREATE TABLE IF NOT EXISTS `district` (
  `id` int(11) NOT NULL AUTO_INCREMENT,
  `district_name` varchar(255) DEFAULT NULL,
  `district_code` varchar(255) DEFAULT NULL,
  `data_status` tinyint(4) DEFAULT '1',
  `action_by` int(11) DEFAULT NULL,
  `action_on` datetime DEFAULT NULL,
  `delete_by` int(11) DEFAULT NULL,
  `delete_on` datetime DEFAULT NULL,
  PRIMARY KEY (`id`),
  KEY `FK_district_users` (`action_by`),
  KEY `FK_district_users_2` (`delete_by`),
  CONSTRAINT `FK_district_users` FOREIGN KEY (`action_by`) REFERENCES `users` (`id`) ON DELETE NO ACTION ON UPDATE NO ACTION,
  CONSTRAINT `FK_district_users_2` FOREIGN KEY (`delete_by`) REFERENCES `users` (`id`) ON DELETE NO ACTION ON UPDATE NO ACTION
) ENGINE=InnoDB AUTO_INCREMENT=11 DEFAULT CHARSET=latin1;

-- Dumping data for table staging_epro_kuarters_johor.district: ~10 rows (approximately)
/*!40000 ALTER TABLE `district` DISABLE KEYS */;
INSERT INTO `district` (`id`, `district_name`, `district_code`, `data_status`, `action_by`, `action_on`, `delete_by`, `delete_on`) VALUES
	(1, 'JOHOR BAHRU', 'JB', 1, NULL, NULL, NULL, NULL),
	(2, 'BATU PAHAT', 'BP', 1, NULL, NULL, NULL, NULL),
	(3, 'KLUANG', 'KG', 1, NULL, NULL, NULL, NULL),
	(4, 'KULAI', 'KU', 1, NULL, NULL, NULL, NULL),
	(5, 'MUAR', 'MR', 1, NULL, NULL, NULL, NULL),
	(6, 'KOTA TINGGI', 'KT', 1, NULL, NULL, NULL, NULL),
	(7, 'SEGAMAT', 'SG', 1, NULL, NULL, NULL, NULL),
	(8, 'PONTIAN', 'PN', 1, NULL, NULL, NULL, NULL),
	(9, 'TANGKAK', 'TK', 1, NULL, NULL, NULL, NULL),
	(10, 'MERSING', 'MS', 1, NULL, NULL, NULL, NULL);
/*!40000 ALTER TABLE `district` ENABLE KEYS */;

-- Dumping structure for table staging_epro_kuarters_johor.district_management
CREATE TABLE IF NOT EXISTS `district_management` (
  `id` int(11) NOT NULL AUTO_INCREMENT,
  `district_id` int(11) DEFAULT NULL,
  `users_id` int(11) DEFAULT NULL,
  `address_1` longtext,
  `address_2` longtext,
  `address_3` longtext,
  `data_status` tinyint(4) DEFAULT '1',
  `action_by` int(11) DEFAULT NULL,
  `action_on` datetime DEFAULT NULL,
  `delete_by` int(11) DEFAULT NULL,
  `delete_on` datetime DEFAULT NULL,
  PRIMARY KEY (`id`),
  KEY `FK_district_management_users` (`users_id`),
  KEY `FK_district_management_users_2` (`action_by`),
  KEY `FK_district_management_users_3` (`delete_by`),
  KEY `FK_district_management_district` (`district_id`),
  CONSTRAINT `FK_district_management_district` FOREIGN KEY (`district_id`) REFERENCES `district` (`id`) ON DELETE NO ACTION ON UPDATE NO ACTION,
  CONSTRAINT `FK_district_management_users` FOREIGN KEY (`users_id`) REFERENCES `users` (`id`) ON DELETE NO ACTION ON UPDATE NO ACTION,
  CONSTRAINT `FK_district_management_users_2` FOREIGN KEY (`action_by`) REFERENCES `users` (`id`) ON DELETE NO ACTION ON UPDATE NO ACTION,
  CONSTRAINT `FK_district_management_users_3` FOREIGN KEY (`delete_by`) REFERENCES `users` (`id`) ON DELETE NO ACTION ON UPDATE NO ACTION
) ENGINE=InnoDB DEFAULT CHARSET=latin1;

-- Dumping data for table staging_epro_kuarters_johor.district_management: ~0 rows (approximately)
/*!40000 ALTER TABLE `district_management` DISABLE KEYS */;
/*!40000 ALTER TABLE `district_management` ENABLE KEYS */;

-- Dumping structure for table staging_epro_kuarters_johor.documents
CREATE TABLE IF NOT EXISTS `documents` (
  `id` int(11) NOT NULL AUTO_INCREMENT,
  `document_name` text,
  `data_status` tinyint(4) DEFAULT '1',
  `action_by` int(11) DEFAULT NULL,
  `action_on` datetime DEFAULT NULL,
  `delete_by` int(11) DEFAULT NULL,
  `delete_on` datetime DEFAULT NULL,
  PRIMARY KEY (`id`),
  KEY `FK_document_users` (`action_by`),
  KEY `FK_document_users_2` (`delete_by`),
  CONSTRAINT `FK_document_users` FOREIGN KEY (`action_by`) REFERENCES `users` (`id`) ON DELETE NO ACTION ON UPDATE NO ACTION,
  CONSTRAINT `FK_document_users_2` FOREIGN KEY (`delete_by`) REFERENCES `users` (`id`) ON DELETE NO ACTION ON UPDATE NO ACTION
) ENGINE=InnoDB AUTO_INCREMENT=47 DEFAULT CHARSET=latin1;

-- Dumping data for table staging_epro_kuarters_johor.documents: ~46 rows (approximately)
/*!40000 ALTER TABLE `documents` DISABLE KEYS */;
INSERT INTO `documents` (`id`, `document_name`, `data_status`, `action_by`, `action_on`, `delete_by`, `delete_on`) VALUES
	(1, 'SALINAN KAD PENGENALAN PEMOHON', 1, 68, '2022-10-10 04:15:38', NULL, NULL),
	(2, 'SALINAN KAD PENGENALAN PASANGAN', 0, 15, '2022-10-11 07:49:33', 68, '2022-10-11 08:03:51'),
	(3, 'SALINAN SIJIL NIKAH', 0, 15, '2022-10-11 07:49:54', 68, '2022-10-11 08:04:05'),
	(4, 'SURAT RRR', 0, 68, '2022-10-10 04:16:33', 68, '2022-10-10 04:16:39'),
	(5, 'KAD PENGENALAN 2', 0, 110, '2022-10-11 04:40:05', 110, '2022-10-11 04:40:35'),
	(6, 'MYKID ANAK 1', 0, 15, '2022-10-11 07:50:13', 68, '2022-10-11 08:03:33'),
	(7, 'MYKID ANAK 2', 0, 15, '2022-10-11 07:50:24', 68, '2022-10-11 08:03:38'),
	(8, 'MYKID ANAK 3', 0, 106, '2022-10-11 07:54:54', 68, '2022-10-11 08:03:42'),
	(9, 'SALINAN SLIP GAJI PEMOHON', 1, 146, '2022-11-22 09:50:39', NULL, NULL),
	(10, 'SALINAN SLIP GAJI PASANGAN', 0, 15, '2022-10-11 07:51:34', 68, '2022-10-11 08:03:58'),
	(11, 'SURAT PENGESAHAN JABATAN', 1, 15, '2022-10-11 07:52:43', NULL, NULL),
	(12, 'AAA', 0, 10, '2022-10-19 02:49:28', 10, '2022-10-19 02:50:10'),
	(13, 'SIJIL NIKAH / KAD NIKAH', 0, 10, '2022-10-20 01:17:19', 10, '2022-10-20 01:18:00'),
	(14, 'SLIP GAJI', 0, 10, '2022-11-03 01:55:49', 10, '2022-11-03 01:55:59'),
	(15, 'TESTING 123', 0, 10, '2022-11-03 08:43:30', 10, '2022-11-03 08:43:37'),
	(16, 'SURAT NIKAH', 0, 10, '2022-11-06 02:37:43', 10, '2022-11-06 02:37:59'),
	(17, 'SALINAN SURAT NIKAH', 0, 10, '2022-11-06 02:38:32', 10, '2022-11-06 02:38:38'),
	(18, 'TESTS', 0, 10, '2022-11-06 05:56:15', 10, '2022-11-06 05:56:26'),
	(19, 'SURAT TAWARAN', 0, 10, '2022-11-09 12:26:54', 106, '2022-11-11 11:02:11'),
	(20, 'DOKUMEN PENGENALAN DIRI', 0, 10, '2022-11-07 02:40:32', 10, '2022-11-07 02:40:44'),
	(21, 'TESTING', 0, 10, '2022-11-07 02:41:15', 140, '2022-11-07 03:21:16'),
	(22, 'IC PASANGAN', 0, 10, '2022-11-07 08:17:20', 10, '2022-11-08 06:53:29'),
	(23, 'TESTING', 0, 10, '2022-11-08 10:06:29', 10, '2022-11-08 10:06:33'),
	(24, 'TESTING 1', 0, 10, '2022-11-08 11:51:49', 10, '2022-11-08 11:55:15'),
	(25, 'TESTING NOV 2022', 0, 106, '2022-11-10 22:12:34', 106, '2022-11-10 22:13:12'),
	(26, 'DOKUMEN 4', 0, 10, '2022-11-11 10:45:19', 10, '2022-11-11 10:45:31'),
	(27, 'TESTING', 0, 10, '2022-11-11 10:45:02', 10, '2022-11-11 10:45:11'),
	(28, 'SURAT BERANAK 1', 0, 10, '2022-11-11 10:48:28', 10, '2022-11-11 10:48:34'),
	(29, 'CUBA CUBA', 0, 110, '2022-11-11 11:00:42', 110, '2022-11-11 11:00:53'),
	(30, 'HELLO TESTING 2022', 0, 106, '2022-11-11 11:02:05', 10, '2022-11-11 16:20:46'),
	(31, 'TESTING', 0, 10, '2022-11-11 14:10:49', 10, '2022-11-11 14:10:56'),
	(32, 'NOV RAIN 2022', 0, 10, '2022-11-11 16:20:39', 131, '2022-11-11 16:35:19'),
	(33, 'TESTING LAGI', 0, 106, '2022-11-11 16:23:05', 106, '2022-11-11 16:23:12'),
	(34, 'BUGS DELETE', 0, 106, '2022-11-11 16:26:38', 106, '2022-11-11 16:26:46'),
	(35, 'DOKUMEN 2', 0, 131, '2022-11-11 16:35:37', 131, '2022-11-11 16:35:42'),
	(36, 'DOKUMEN 2', 0, 10, '2022-11-11 16:37:28', 10, '2022-11-11 16:37:34'),
	(37, 'NOV RAIN', 0, 106, '2022-11-11 19:44:31', 106, '2022-11-11 19:52:48'),
	(38, 'NOV RAIN 2022', 0, 106, '2022-11-12 16:41:26', 106, '2022-11-12 16:41:32'),
	(39, 'VEVER', 0, 140, '2022-11-14 09:21:07', 140, '2022-11-14 09:21:11'),
	(40, 'UNDI RAHSIA', 0, 10, '2022-11-19 12:26:50', 10, '2022-11-19 12:28:06'),
	(41, 'TEST', 0, 10, '2022-11-21 09:51:30', 10, '2022-11-21 09:51:49'),
	(42, 'SLIP KERJA', 0, 138, '2022-11-23 15:59:43', 138, '2022-11-23 15:59:50'),
	(43, 'PM10', 0, 10, '2022-11-25 00:34:24', 10, '2022-11-25 00:35:09'),
	(44, 'SALINAN IC PEMOHON', 0, 10, '2022-11-30 10:15:58', 10, '2022-11-30 10:16:06'),
	(45, 'SALINAN IC PASANGAN', 1, 140, '2022-11-30 10:15:59', NULL, NULL),
	(46, 'KAD PENGENALAN X0X0', 0, 10, '2022-12-02 01:09:44', 10, '2022-12-02 01:11:23');
/*!40000 ALTER TABLE `documents` ENABLE KEYS */;

-- Dumping structure for table staging_epro_kuarters_johor.documents_quarters_acceptance
CREATE TABLE IF NOT EXISTS `documents_quarters_acceptance` (
  `id` int(11) NOT NULL AUTO_INCREMENT,
  `document_name` varchar(150) DEFAULT NULL,
  `flag_document` int(11) DEFAULT '0',
  `data_status` tinyint(4) DEFAULT '1',
  PRIMARY KEY (`id`)
) ENGINE=InnoDB AUTO_INCREMENT=9 DEFAULT CHARSET=latin1;

-- Dumping data for table staging_epro_kuarters_johor.documents_quarters_acceptance: ~8 rows (approximately)
/*!40000 ALTER TABLE `documents_quarters_acceptance` DISABLE KEYS */;
INSERT INTO `documents_quarters_acceptance` (`id`, `document_name`, `flag_document`, `data_status`) VALUES
	(1, 'BORANG B - SURAT TAWARAN MENDUDUKI KUARTERS', 1, 1),
	(2, 'BORANG C - SURAT SETUJU TERIMA', 2, 1),
	(3, 'DOKUMEN PERJANJIAN MENDUDUKI KUARTERS KERAJAAN', 3, 1),
	(4, 'BORANG E - BORANG MASUK KUARTERS', 4, 1),
	(5, 'BORANG F - SIJIL AKUAN MASUK KUARTERS', 5, 1),
	(6, 'BORANG G - SENARAI SEMAK SERAHAN KUNCI MENDUDUKI KUARTERS', 6, 1),
	(7, 'BORANG H - SURAT AKUAN TERIMA KUNCI', 7, 1),
	(8, 'BORANG I - SURAT PERAKUAN DAN PENGESAHAN POTONGAN GAJI', 8, 1);
/*!40000 ALTER TABLE `documents_quarters_acceptance` ENABLE KEYS */;

-- Dumping structure for table staging_epro_kuarters_johor.documents_quarters_acceptance_attachment
CREATE TABLE IF NOT EXISTS `documents_quarters_acceptance_attachment` (
  `id` int(11) NOT NULL AUTO_INCREMENT,
  `application_id` int(11) DEFAULT NULL,
  `documents_quarters_acceptance_id` int(11) DEFAULT NULL,
  `path_document` text,
  `data_status` int(11) DEFAULT '1',
  `action_by` varchar(50) DEFAULT NULL,
  `action_on` varchar(50) DEFAULT NULL,
  PRIMARY KEY (`id`) USING BTREE
) ENGINE=InnoDB AUTO_INCREMENT=73 DEFAULT CHARSET=latin1;

-- Dumping data for table staging_epro_kuarters_johor.documents_quarters_acceptance_attachment: ~72 rows (approximately)
/*!40000 ALTER TABLE `documents_quarters_acceptance_attachment` DISABLE KEYS */;
INSERT INTO `documents_quarters_acceptance_attachment` (`id`, `application_id`, `documents_quarters_acceptance_id`, `path_document`, `data_status`, `action_by`, `action_on`) VALUES
	(1, 10, 1, 'documents/quarters_acceptance/wqI7GdMr7Qm9uwVMr7cWuFKYkUR6nTfBvoElhtCm.pdf', 1, '267', '2022-11-29 13:17:53'),
	(2, 10, 2, 'documents/quarters_acceptance/3VezxPzYDABb1g4gpNzPspRGP2IIsYyndT7ThhS6.pdf', 1, '267', '2022-11-29 13:17:53'),
	(3, 10, 3, 'documents/quarters_acceptance/QSkL83fyVOoIYnyitK7gMMfCTihhttv7hm0oyAVW.pdf', 1, '267', '2022-11-29 13:17:54'),
	(4, 10, 4, 'documents/quarters_acceptance/OFGdNx2wqbnVLG017VZtEn9iJWSYWIxhqX8qXexJ.pdf', 1, '267', '2022-11-29 13:17:54'),
	(5, 10, 5, 'documents/quarters_acceptance/8pE12E4p5UqL6wMYxI1yT3HHXMrS2mXHIRA1f8H7.pdf', 1, '267', '2022-11-29 13:17:54'),
	(6, 10, 6, 'documents/quarters_acceptance/uAHRSn2Xfa92TF1oQojXXRgJdfHhxFKjIyYBYqqJ.pdf', 1, '267', '2022-11-29 13:17:54'),
	(7, 10, 7, 'documents/quarters_acceptance/ICF4jdnm2wOis5PaDNew2BclkhCdu2pht3XUMqd8.pdf', 1, '267', '2022-11-29 13:17:54'),
	(8, 10, 8, 'documents/quarters_acceptance/SEwwvaIJygFVfnhUq3Rjy4p661lxr55OsdUq7bRE.pdf', 1, '267', '2022-11-29 13:17:54'),
	(9, 11, 1, 'documents/quarters_acceptance/k7Idb7Q3RsQrV8W17TTrbFvK7jybgH4lEQ5NY0eV.pdf', 1, '141', '2022-11-29 17:33:24'),
	(10, 11, 2, 'documents/quarters_acceptance/ncFukthMRMoAOMz1TUemHrdXQQlJTpap8SKl1Yvv.pdf', 1, '141', '2022-11-29 17:33:24'),
	(11, 11, 3, 'documents/quarters_acceptance/Tik6btTDAKFBdJuFdJSXDI0upakG1WFLE0txRxmj.pdf', 1, '141', '2022-11-29 17:33:24'),
	(12, 11, 4, 'documents/quarters_acceptance/UGXtqJdOJrjj02ig2UO0yROcmIqdPrnehy4wWlDu.pdf', 1, '141', '2022-11-29 17:33:24'),
	(13, 11, 5, 'documents/quarters_acceptance/hbSt8ma2D5PNxk2fwPnDEe2wUCYiHujORHqutLby.pdf', 1, '141', '2022-11-29 17:33:24'),
	(14, 11, 6, 'documents/quarters_acceptance/7ewKPgenyUSCAHtuNf8RDeIuURphpZYNCDwCY6V6.pdf', 1, '141', '2022-11-29 17:33:24'),
	(15, 11, 7, 'documents/quarters_acceptance/573TEsSYkwRNpDma6kOKCPDNwVkFcdgmVdX99E1I.pdf', 1, '141', '2022-11-29 17:33:24'),
	(16, 11, 8, 'documents/quarters_acceptance/Z1n9HscISF2gF6OzCifNiPqVMawFAJDosRhbNUfA.pdf', 1, '141', '2022-11-29 17:33:24'),
	(17, 15, 1, 'documents/quarters_acceptance/ZfqtbmxOHhiiFqPOS5PrrSwVV6EdZ5cTLjyw34MY.pdf', 1, '68', '2022-11-29 22:24:39'),
	(18, 15, 2, 'documents/quarters_acceptance/v7Ggi3eCwJnRrzeWgNWP6a8gR9CgJCSEt7mmSoHT.pdf', 1, '68', '2022-11-29 22:24:39'),
	(19, 15, 3, 'documents/quarters_acceptance/UuqC0AhEyubOnNVHhusV5qwlcqdVazs1HEiSFMs3.pdf', 1, '68', '2022-11-29 22:24:39'),
	(20, 15, 4, 'documents/quarters_acceptance/e02ELVr9IHswp4CBnEkjpOtR5O7U2dwzi5JcOyEE.pdf', 1, '68', '2022-11-29 22:24:39'),
	(21, 15, 5, 'documents/quarters_acceptance/8E98FvjAtj7kGJj4aMxMSlLgmb1hzCBRO9yw6fUO.pdf', 1, '68', '2022-11-29 22:24:39'),
	(22, 15, 6, 'documents/quarters_acceptance/V0MOKGaKcuerzJkobDoXAaQInkI02odp7bjRyaX6.pdf', 1, '68', '2022-11-29 22:24:39'),
	(23, 15, 7, 'documents/quarters_acceptance/GmzxvdWNcCNab0JqA2CnyQWZvdMGfoK2x9lzuEzv.pdf', 1, '68', '2022-11-29 22:24:39'),
	(24, 15, 8, 'documents/quarters_acceptance/VRLsEPH3CGkPKqAT5eWMchrEELAGPJKHPqB8KeRF.pdf', 1, '68', '2022-11-29 22:24:39'),
	(25, 16, 1, 'documents/quarters_acceptance/y8ZC3ehB7M0wfD5k7Iwgofl6IyRuxhhNIOOAcQXu.pdf', 1, '71', '2022-11-30 02:15:50'),
	(26, 16, 2, 'documents/quarters_acceptance/KQilZZYju9FlnpghRSW4JqRhnBfspYzmwMHASuWH.pdf', 1, '71', '2022-11-30 02:15:50'),
	(27, 16, 3, 'documents/quarters_acceptance/eLRYfoO59zQki9TmHFieEQVKBb1fzXSavG07Q8tu.pdf', 1, '71', '2022-11-30 02:15:50'),
	(28, 16, 4, 'documents/quarters_acceptance/arJpCebvNgXAZDGP78QobfKd9GGOK0YijfHSGATo.pdf', 1, '71', '2022-11-30 02:15:50'),
	(29, 16, 5, 'documents/quarters_acceptance/ebJ9xtaPalOuK4uINDvMbLbJrPIT1LtnnH0nJceM.pdf', 1, '71', '2022-11-30 02:15:51'),
	(30, 16, 6, 'documents/quarters_acceptance/rtL1jnjeJSEVggHHgY0gn3bGD56JXFQYdTaM2sIz.pdf', 1, '71', '2022-11-30 02:15:51'),
	(31, 16, 7, 'documents/quarters_acceptance/o2UZiBvDEThg1utH4rmsUM6WvpPYrwwHzDbHrUZK.pdf', 1, '71', '2022-11-30 02:15:51'),
	(32, 16, 8, 'documents/quarters_acceptance/QfDhP2XDOElPBSxhz8ABoKgLDRdOwl2NEvquSc0K.pdf', 1, '71', '2022-11-30 02:15:51'),
	(33, 17, 1, 'documents/quarters_acceptance/TiRoQFxfklDD0mwfW68AJoSnLJVTvKQkujYru86E.pdf', 1, '118', '2022-11-30 12:54:42'),
	(34, 17, 2, 'documents/quarters_acceptance/Hty1Vtf4zXIlAvEbCgVQauegz3yWpOIKpTzPTJ1X.pdf', 1, '118', '2022-11-30 12:54:42'),
	(35, 17, 3, 'documents/quarters_acceptance/CQgUGhGzW4c0VulUgNlNO6G4FksgYX05CS9r2BPt.pdf', 1, '118', '2022-11-30 12:54:42'),
	(36, 17, 4, 'documents/quarters_acceptance/XUPuW6p2raSJzovbePYOwkxfW5MIjH9KQhv8m42q.pdf', 1, '118', '2022-11-30 12:54:42'),
	(37, 17, 5, 'documents/quarters_acceptance/mzcxVCDeE7eC0fkCFZsRsqcofTFXrdAcdJmZmAoU.pdf', 1, '118', '2022-11-30 12:54:42'),
	(38, 17, 6, 'documents/quarters_acceptance/tdcxUhMBHH3BACZSt3XUBujmCSzhuvDBeqDOMfZR.pdf', 1, '118', '2022-11-30 12:54:42'),
	(39, 17, 7, 'documents/quarters_acceptance/d4SFiOvs93u8scS7Rfxhc2ziwnfes9a1wMyZCMmW.pdf', 1, '118', '2022-11-30 12:54:42'),
	(40, 17, 8, 'documents/quarters_acceptance/uTel0a9bwE91l0DC0Jjp2xcgcgQ3D7Ex8rQQcawb.pdf', 1, '118', '2022-11-30 12:54:42'),
	(41, 19, 1, 'documents/quarters_acceptance/4wVOf96A7ZLZDQvwzT1FbsSsTmyy4rZf4iwY4BjJ.pdf', 1, '279', '2022-11-30 15:42:13'),
	(42, 19, 2, 'documents/quarters_acceptance/hEZ4wa2yqFHSPEqXgvHD0HCJWWKkQ85CVRNtpnbz.pdf', 1, '279', '2022-11-30 15:42:13'),
	(43, 19, 3, 'documents/quarters_acceptance/YxZc1GJEsESNvRwjaFHbXFueEhYw1HRlPfb3MV0M.pdf', 1, '279', '2022-11-30 15:42:13'),
	(44, 19, 4, 'documents/quarters_acceptance/Mny0QhdwNgivHwRk6kLQNdGdgBLs7P95L9fqVNH2.pdf', 1, '279', '2022-11-30 15:42:14'),
	(45, 19, 5, 'documents/quarters_acceptance/O89pZgotXcvPDLhVRQWfC0jU41wEMIpYnNoAc10K.pdf', 1, '279', '2022-11-30 15:42:14'),
	(46, 19, 6, 'documents/quarters_acceptance/vtC18cUhfF4UViQTuKzZksXcXeWIlAhxdlu8rtu8.pdf', 1, '279', '2022-11-30 15:42:14'),
	(47, 19, 7, 'documents/quarters_acceptance/FzXjPcsRp33TRLfi2UYT3GAxZcv6VGUdNn8jd8Nt.pdf', 1, '279', '2022-11-30 15:42:14'),
	(48, 19, 8, 'documents/quarters_acceptance/2NH8hhufAnuSbgWdSdGTMRPqxxntSFY95adeG2mP.pdf', 1, '279', '2022-11-30 15:42:14'),
	(49, 12, 1, 'documents/quarters_acceptance/PEYJ4oCPRA5KKfhbpg74SSa6CdNpyaXXn8Qc2ZTT.pdf', 1, '104', '2022-12-02 07:23:00'),
	(50, 12, 2, 'documents/quarters_acceptance/aRgg9GoNmIuXjDNRWOJx8gFm6oU18yxycQSpo9mf.pdf', 1, '104', '2022-12-02 07:23:00'),
	(51, 12, 3, 'documents/quarters_acceptance/F0WmBBxnl9M9k0AzH6vlcgOHK9OXRIufKAsmYKY5.pdf', 1, '104', '2022-12-02 07:23:00'),
	(52, 12, 4, 'documents/quarters_acceptance/N7ZmpZV4sXelrMKhRNK0vm4T3ypC3bpAeRegrDTS.pdf', 1, '104', '2022-12-02 07:23:00'),
	(53, 12, 5, 'documents/quarters_acceptance/skUi95RArjJGIbRPTXMtH7Q4sRZBJpqejFc6BcK7.pdf', 1, '104', '2022-12-02 07:23:00'),
	(54, 12, 6, 'documents/quarters_acceptance/CMpSXrD49eHO9AdjeWIy9unyQEjMwqGJU1nOvzOT.pdf', 1, '104', '2022-12-02 07:23:00'),
	(55, 12, 7, 'documents/quarters_acceptance/MLmmzQLMNO3HqZXHoNzCrOD28hu1r9QHr2phVobf.pdf', 1, '104', '2022-12-02 07:23:00'),
	(56, 12, 8, 'documents/quarters_acceptance/KftCMDwp2tNXweC6mjKX7LvvOkHum7sNzLcDQgvV.pdf', 1, '104', '2022-12-02 07:23:00'),
	(57, 30, 1, 'documents/quarters_acceptance/KXLVBzcrhDQHcGnrcDbDCmfnTN6lSYOVk5TFj8zh.pdf', 1, '133', '2022-12-02 07:38:14'),
	(58, 30, 2, 'documents/quarters_acceptance/Op0OD20UN9xEaAZstjVQOIF7ILHFVGxr0J5qTyfZ.pdf', 1, '133', '2022-12-02 07:38:14'),
	(59, 30, 3, 'documents/quarters_acceptance/ey4WLaSdGc8vsVj0sOnvONbNqlYsnyNjyy89KxlV.pdf', 1, '133', '2022-12-02 07:38:14'),
	(60, 30, 4, 'documents/quarters_acceptance/iGWLDkIoTWJqV6vN24Fgyp669u3cTW4Q5XG4iQVA.pdf', 1, '133', '2022-12-02 07:38:14'),
	(61, 30, 5, 'documents/quarters_acceptance/csFGhCYZX3oVCIriWbDCJwjME6Va7qrF681rzXQb.pdf', 1, '133', '2022-12-02 07:38:14'),
	(62, 30, 6, 'documents/quarters_acceptance/mpXUoqioRBOpbaCQ02Mw1j0Kw00Gjxe5rmCHGkYE.pdf', 1, '133', '2022-12-02 07:38:14'),
	(63, 30, 7, 'documents/quarters_acceptance/2UOeD3xRWAIq75k9F3i6WS8xKwmmRZT8L7wKT866.pdf', 1, '133', '2022-12-02 07:38:14'),
	(64, 30, 8, 'documents/quarters_acceptance/tqR05pjTUcLZWRT2aEh7T8VGos3LoH6CRRIXrYg6.pdf', 1, '133', '2022-12-02 07:38:14'),
	(65, 37, 1, 'documents/quarters_acceptance/hJJXbxz7hMBFk3ubcm4vn22urBCaX0ViDqxfuGgz.pdf', 1, '110', '2022-12-03 22:12:31'),
	(66, 37, 2, 'documents/quarters_acceptance/XPzfmNUhOlEA54DhH6G4FEMa3wYxKoXsnqkkhL2Z.pdf', 1, '110', '2022-12-03 22:12:31'),
	(67, 37, 3, 'documents/quarters_acceptance/M4rmKVhXlWg12pGO9i4dLcg3dWKvEJghXqkkPazx.pdf', 1, '110', '2022-12-03 22:12:31'),
	(68, 37, 4, 'documents/quarters_acceptance/3XSFqE88YdmTzAdt1dopplIgX5XZ9ThKnB0rZn6C.pdf', 1, '110', '2022-12-03 22:12:31'),
	(69, 37, 5, 'documents/quarters_acceptance/tu3tHm0phJFLlM8mTmQY8UNYXibEwbjB23jx013B.pdf', 1, '110', '2022-12-03 22:12:31'),
	(70, 37, 6, 'documents/quarters_acceptance/BBM4Tn0dBOc66mWSp7Gn8Vhe1ebLfL5nVUY2ggpy.pdf', 1, '110', '2022-12-03 22:12:31'),
	(71, 37, 7, 'documents/quarters_acceptance/Dbx2N8F1bbL4x2JKFPpwiQHwJ07MIXiDUTWuu1ZD.pdf', 1, '110', '2022-12-03 22:12:31'),
	(72, 37, 8, 'documents/quarters_acceptance/lKCWKTxNWvcrPbQkLKQIe1pellYp29OvzK3QMHSD.pdf', 1, '110', '2022-12-03 22:12:31');
/*!40000 ALTER TABLE `documents_quarters_acceptance_attachment` ENABLE KEYS */;

-- Dumping structure for table staging_epro_kuarters_johor.epnj
CREATE TABLE IF NOT EXISTS `epnj` (
  `id` int(11) NOT NULL AUTO_INCREMENT,
  `ic` varchar(50) DEFAULT NULL,
  `is_epnj` int(11) DEFAULT NULL COMMENT '0:False;1:True;',
  `address_1` text,
  `address_2` text,
  `address_3` text,
  `postcode` varchar(50) DEFAULT NULL,
  `mukim` varchar(50) DEFAULT NULL,
  `distance` double DEFAULT NULL,
  `district` varchar(50) DEFAULT NULL,
  `state` varchar(50) DEFAULT NULL,
  `ownership_no` varchar(50) DEFAULT NULL,
  `lot_type` varchar(50) DEFAULT NULL,
  `house_type` varchar(255) DEFAULT NULL,
  `loan_type` varchar(255) DEFAULT NULL,
  `latitude` decimal(10,10) DEFAULT NULL,
  `longitude` decimal(10,10) DEFAULT NULL,
  `data_status` tinyint(4) DEFAULT '1',
  `action_by` int(11) DEFAULT NULL,
  `action_on` datetime DEFAULT NULL,
  `delete_by` int(11) DEFAULT NULL,
  `delete_on` datetime DEFAULT NULL,
  PRIMARY KEY (`id`)
) ENGINE=InnoDB AUTO_INCREMENT=10 DEFAULT CHARSET=latin1;

-- Dumping data for table staging_epro_kuarters_johor.epnj: ~9 rows (approximately)
/*!40000 ALTER TABLE `epnj` DISABLE KEYS */;
INSERT INTO `epnj` (`id`, `ic`, `is_epnj`, `address_1`, `address_2`, `address_3`, `postcode`, `mukim`, `distance`, `district`, `state`, `ownership_no`, `lot_type`, `house_type`, `loan_type`, `latitude`, `longitude`, `data_status`, `action_by`, `action_on`, `delete_by`, `delete_on`) VALUES
	(1, '930319060433', 1, 'No 8 Jalan Perjiranan 8/2', 'Bandar Dato Onn', 'Johor Bahru', '81100', NULL, NULL, NULL, NULL, NULL, NULL, NULL, NULL, NULL, NULL, 1, NULL, NULL, NULL, NULL),
	(2, '931124060999', 1, 'No 44 Jalan Impian Emas 7', 'Taman Impian Emas', 'Skudai', '81300', NULL, NULL, NULL, NULL, NULL, NULL, NULL, NULL, NULL, NULL, 1, NULL, NULL, NULL, NULL),
	(3, '930918060304', 1, '16, JALAN MERAH JAMBU', NULL, NULL, '83000', 'BATU PAHAT', 918.15088204838, NULL, NULL, NULL, NULL, NULL, NULL, -0.9999999999, 0.9999999999, 1, NULL, NULL, NULL, NULL),
	(4, '940107010369', 1, 'NO 39', 'JALAN PALMA HITAM', NULL, '81300', 'skudai', 0, NULL, NULL, NULL, NULL, NULL, NULL, 0.0000000000, 0.0000000000, 1, NULL, NULL, NULL, NULL),
	(5, '860206010313', 1, 'jalan antoi', 'test', 'test', '231431', '34131', 0, NULL, NULL, NULL, NULL, NULL, NULL, 0.0000000000, 0.0000000000, 1, NULL, NULL, NULL, NULL),
	(6, '841109010105', 1, '12, JALAN BUKIT MUTIARA 5,', 'TAMAN BUKIT MUTIARA', NULL, '81100', 'TEBRAU', 8.4571114351757, NULL, NULL, NULL, NULL, NULL, NULL, 0.9999999999, 0.9999999999, 1, NULL, NULL, NULL, NULL),
	(7, '941225060073', 1, 'no 8', 'jln 111', 'bbkp', '81300', 'pulai', 0, NULL, NULL, NULL, NULL, NULL, NULL, 0.0000000000, 0.0000000000, 1, NULL, NULL, NULL, NULL),
	(8, '940223060307', 1, '12, JALAN BUKIT MUTIARA 5,', 'TAMAN BUKIT MUTIARA', 'JOHOR BAHRU', '81100', 'TEBRAU', 19.187375866585, NULL, NULL, NULL, NULL, NULL, NULL, 0.9999999999, 0.9999999999, 1, NULL, NULL, NULL, NULL),
	(9, '840115060553', 1, '14, JALAN MERAH JAMBU', NULL, NULL, '83000', 'BATU PAHAT', 918.11783460042, NULL, NULL, NULL, NULL, NULL, NULL, -0.9999999999, 0.9999999999, 1, NULL, NULL, NULL, NULL);
/*!40000 ALTER TABLE `epnj` ENABLE KEYS */;

-- Dumping structure for table staging_epro_kuarters_johor.family_health_factor
CREATE TABLE IF NOT EXISTS `family_health_factor` (
  `id` int(11) NOT NULL AUTO_INCREMENT,
  `name` varchar(255) DEFAULT NULL,
  `data_status` int(11) DEFAULT '1',
  PRIMARY KEY (`id`)
) ENGINE=InnoDB AUTO_INCREMENT=4 DEFAULT CHARSET=latin1;

-- Dumping data for table staging_epro_kuarters_johor.family_health_factor: ~3 rows (approximately)
/*!40000 ALTER TABLE `family_health_factor` DISABLE KEYS */;
INSERT INTO `family_health_factor` (`id`, `name`, `data_status`) VALUES
	(1, 'PEMOHON', 1),
	(2, 'PASANGAN (SUAMI/ISTERI)', 1),
	(3, 'ANAK-ANAK', 1);
/*!40000 ALTER TABLE `family_health_factor` ENABLE KEYS */;

-- Dumping structure for table staging_epro_kuarters_johor.igfmas
CREATE TABLE IF NOT EXISTS `igfmas` (
  `id` int(11) NOT NULL AUTO_INCREMENT,
  `department` varchar(50) DEFAULT NULL,
  `pay_center` varchar(50) DEFAULT NULL,
  `region` varchar(50) DEFAULT NULL,
  `personnel_no` varchar(50) DEFAULT NULL,
  `ic` varchar(50) DEFAULT NULL,
  `reference_account_no` varchar(50) DEFAULT NULL,
  `name` varchar(50) DEFAULT NULL,
  `deduction_amount` decimal(10,2) DEFAULT NULL,
  `deduction_code` varchar(50) DEFAULT NULL,
  `data_status` tinyint(4) DEFAULT '1',
  PRIMARY KEY (`id`)
) ENGINE=InnoDB DEFAULT CHARSET=latin1;

-- Dumping data for table staging_epro_kuarters_johor.igfmas: ~0 rows (approximately)
/*!40000 ALTER TABLE `igfmas` DISABLE KEYS */;
/*!40000 ALTER TABLE `igfmas` ENABLE KEYS */;

-- Dumping structure for table staging_epro_kuarters_johor.inventory
CREATE TABLE IF NOT EXISTS `inventory` (
  `id` int(11) NOT NULL AUTO_INCREMENT,
  `quarters_category_id` int(11) NOT NULL DEFAULT '0',
  `name` varchar(255) DEFAULT NULL,
  `price` decimal(10,2) DEFAULT NULL,
  `data_status` tinyint(4) DEFAULT '1',
  `action_by` int(11) DEFAULT NULL,
  `action_on` datetime DEFAULT NULL,
  `delete_by` int(11) DEFAULT NULL,
  `delete_on` datetime DEFAULT NULL,
  PRIMARY KEY (`id`),
  KEY `FK_inventory_users` (`action_by`),
  KEY `FK_inventory_users_2` (`delete_by`),
  CONSTRAINT `FK_inventory_users` FOREIGN KEY (`action_by`) REFERENCES `users` (`id`) ON DELETE NO ACTION ON UPDATE NO ACTION,
  CONSTRAINT `FK_inventory_users_2` FOREIGN KEY (`delete_by`) REFERENCES `users` (`id`) ON DELETE NO ACTION ON UPDATE NO ACTION
) ENGINE=InnoDB AUTO_INCREMENT=101 DEFAULT CHARSET=latin1;

-- Dumping data for table staging_epro_kuarters_johor.inventory: ~100 rows (approximately)
/*!40000 ALTER TABLE `inventory` DISABLE KEYS */;
INSERT INTO `inventory` (`id`, `quarters_category_id`, `name`, `price`, `data_status`, `action_by`, `action_on`, `delete_by`, `delete_on`) VALUES
	(1, 52, 'KIPAS', 100.00, 1, 140, '2022-11-07 02:47:36', NULL, NULL),
	(2, 52, 'LAMPU KALIMANTANG', 10.00, 1, 140, '2022-11-07 02:47:57', NULL, NULL),
	(3, 52, 'SOFA', 1500.00, 1, 140, '2022-11-07 02:48:21', NULL, NULL),
	(4, 14, 'SOFA', 250.00, 1, 10, '2022-11-07 03:05:53', NULL, NULL),
	(5, 14, 'SINKI DAPUR', 150.00, 1, 10, '2022-11-07 03:59:02', NULL, NULL),
	(6, 14, 'KATIL', 100.00, 1, 10, '2022-11-07 03:06:36', NULL, NULL),
	(7, 14, 'PINTU DEPAN', 400.00, 1, 10, '2022-11-07 03:06:58', NULL, NULL),
	(8, 35, 'KIPAS BILIK', 150.00, 1, 140, '2022-11-07 03:22:11', NULL, NULL),
	(9, 35, 'LAMPU DAPUR', 10.00, 1, 140, '2022-11-07 03:22:27', NULL, NULL),
	(10, 32, 'SINKI DAPUR', 55.00, 1, 140, '2022-11-07 03:23:02', NULL, NULL),
	(11, 32, 'GRILL PINTU', 100.00, 1, 140, '2022-11-07 03:25:16', NULL, NULL),
	(12, 15, 'LAMPU KALIMANTANG', 12.00, 1, 140, '2022-11-07 03:25:41', NULL, NULL),
	(13, 15, 'SINKI DAPUR', 55.00, 1, 140, '2022-11-07 03:26:01', NULL, NULL),
	(14, 24, 'LAMPU KALIMANTANG', 10.00, 1, 140, '2022-11-07 03:45:52', NULL, NULL),
	(15, 12, 'LAMPU KALIMANTANG', 10.00, 1, 140, '2022-11-07 03:46:07', NULL, NULL),
	(16, 12, 'SINKI DAPUR', 55.00, 1, 140, '2022-11-07 03:46:16', NULL, NULL),
	(17, 9, 'LAMPU KALIMANTANG', 10.00, 1, 140, '2022-11-07 03:46:31', NULL, NULL),
	(18, 9, 'SINKI DAPUR', 55.00, 1, 140, '2022-11-07 03:46:44', NULL, NULL),
	(19, 11, 'LAMPU KALIMANTANG', 10.00, 1, 140, '2022-11-07 03:48:08', NULL, NULL),
	(20, 35, 'TINGKAP 10X10', 100.00, 1, 10, '2022-11-07 03:53:58', NULL, NULL),
	(21, 35, 'TINGKAP 20X20', 200.00, 1, 10, '2022-11-07 03:54:15', NULL, NULL),
	(22, 35, 'LED BULB 3W', 10.00, 1, 10, '2022-11-07 03:55:15', NULL, NULL),
	(23, 35, 'LED BULB 2W WHITE', 5.00, 1, 10, '2022-11-07 03:55:38', NULL, NULL),
	(24, 14, 'PINTU PAGAR', 5700.00, 0, 10, '2022-11-08 07:09:49', 10, '2022-11-08 07:10:55'),
	(25, 6, 'PINTU HADAPAN (SOLID DOOR)', 700.00, 1, 141, '2022-11-09 10:49:37', NULL, NULL),
	(26, 6, 'PINTU BILIK (PANEL DOOR)', 450.00, 1, 141, '2022-11-09 10:50:39', NULL, NULL),
	(27, 6, 'LAMPU PENDARFLOUR (LED) - 4FT', 80.00, 1, 141, '2022-11-09 10:51:46', NULL, NULL),
	(28, 6, 'LAMPU PENDARFLOUR (LED) - 2FT', 50.00, 1, 141, '2022-11-09 10:52:13', NULL, NULL),
	(29, 6, 'KIPAS', 450.00, 1, 141, '2022-11-09 10:53:18', NULL, NULL),
	(30, 6, 'SINKI DAPUR', 500.00, 1, 141, '2022-11-09 10:54:28', NULL, NULL),
	(31, 6, 'PAIP SINKI DAPUR (SWAN NECK)', 300.00, 1, 141, '2022-11-09 10:55:21', NULL, NULL),
	(32, 6, 'KEPALA PAIP', 150.00, 1, 141, '2022-11-09 10:55:57', NULL, NULL),
	(33, 6, 'PINTU GRILLE (HADAPAN)', 1500.00, 1, 141, '2022-11-09 10:57:21', NULL, NULL),
	(34, 6, 'GRILLE SLIDING DOOR', 5000.00, 1, 141, '2022-11-09 10:58:33', NULL, NULL),
	(35, 6, 'SLIDING DOOR (KACA)', 5000.00, 1, 141, '2022-11-09 10:59:31', NULL, NULL),
	(36, 6, 'MANGKUK TANDAS', 1000.00, 1, 141, '2022-11-09 11:06:13', NULL, NULL),
	(37, 24, 'PINTU HADAPAN (SOLID DOOR)', 1000.00, 1, 215, '2022-11-09 14:59:57', NULL, NULL),
	(38, 6, 'MEJA', 120.00, 1, 146, '2022-11-10 00:33:02', NULL, NULL),
	(39, 17, 'SINKI DAPUR', 550.00, 0, 106, '2022-11-11 00:23:03', 106, '2022-11-11 00:24:13'),
	(40, 17, 'PINTU PAGAR DEPAN', 6900.00, 1, 106, '2022-11-11 00:24:07', NULL, NULL),
	(41, 9, 'SOFA', 300.00, 1, 131, '2022-11-11 11:03:21', NULL, NULL),
	(42, 10, 'KERUSI MASSAGE', 550.30, 0, 131, '2022-11-11 11:06:39', 131, '2022-11-11 11:10:04'),
	(43, 10, 'MEJA BULAT', 80.00, 1, 131, '2022-11-11 11:04:29', NULL, NULL),
	(44, 14, 'MEJA', 12.00, 0, 130, '2022-11-11 11:09:24', 130, '2022-11-11 11:09:36'),
	(45, 27, 'KATIL', 200.00, 1, 10, '2022-11-11 16:55:03', NULL, NULL),
	(46, 27, 'KIPAS', 100.00, 1, 10, '2022-11-11 16:55:16', NULL, NULL),
	(47, 1, 'KATIL', 2.00, 1, 138, '2022-11-12 12:44:17', NULL, NULL),
	(48, 1, 'MEJA', 2.00, 1, 138, '2022-11-12 12:44:27', NULL, NULL),
	(49, 1, 'SOFA', 3.00, 1, 138, '2022-11-12 12:44:37', NULL, NULL),
	(50, 1, 'KERUSI KAYU', 1.00, 1, 138, '2022-11-12 17:19:37', NULL, NULL),
	(51, 1, 'MEJA MAKAN', 4.00, 1, 138, '2022-11-12 17:19:50', NULL, NULL),
	(52, 1, 'KABINET DAPUR', 3.00, 1, 138, '2022-11-12 17:20:03', NULL, NULL),
	(53, 1, 'DAPUR GAS', 3.00, 1, 138, '2022-11-12 17:20:19', NULL, NULL),
	(54, 1, 'SINKI 2 MANGKUK', 4.00, 1, 138, '2022-11-12 17:20:53', NULL, NULL),
	(55, 1, 'KIPAS DAPUR', 2.00, 1, 138, '2022-11-12 17:21:07', NULL, NULL),
	(56, 1, 'KIPAS BILIK', 2.00, 1, 138, '2022-11-12 17:21:21', NULL, NULL),
	(57, 1, 'TILAM QUEEN', 2.00, 1, 138, '2022-11-12 17:21:35', NULL, NULL),
	(58, 1, 'TILAM SINGLE', 2.00, 1, 138, '2022-11-12 17:21:45', NULL, NULL),
	(59, 1, 'KATIL SINGLE', 2.00, 1, 138, '2022-11-12 17:22:04', NULL, NULL),
	(60, 1, 'MEJA SOLEK', 2.00, 1, 138, '2022-11-12 17:22:18', NULL, NULL),
	(61, 1, 'PINTU BILIK AIR', 2.00, 1, 138, '2022-11-12 17:22:31', NULL, NULL),
	(62, 1, 'SINKI BILIK AIR', 2.00, 1, 138, '2022-11-12 17:22:56', NULL, NULL),
	(63, 1, 'MANGKUK JAMBAN', 3.00, 1, 138, '2022-11-12 17:23:09', NULL, NULL),
	(64, 32, 'MANGKUK TANDAS', 350.00, 1, 146, '2022-11-13 11:55:02', NULL, NULL),
	(65, 32, 'PINTU BILIK', 150.00, 1, 138, '2022-11-13 11:58:57', NULL, NULL),
	(66, 14, 'TOMBOL PINTU', 15.00, 0, 69, '2022-11-13 11:59:16', 138, '2022-11-23 16:44:23'),
	(67, 14, 'KIPAS ANGIN', 70.00, 1, 69, '2022-11-13 11:59:43', NULL, NULL),
	(68, 58, 'LAMPU', 10.00, 1, 140, '2022-11-13 16:25:52', NULL, NULL),
	(69, 58, 'KIPAS', 10.00, 1, 140, '2022-11-13 16:26:05', NULL, NULL),
	(70, 58, 'MEJA', 10.00, 1, 140, '2022-11-13 16:26:16', NULL, NULL),
	(71, 59, 'KIPAS', 10.00, 1, 140, '2022-11-13 16:26:39', NULL, NULL),
	(72, 59, 'MEJA', 10.00, 1, 140, '2022-11-13 16:26:52', NULL, NULL),
	(73, 59, 'LAMPU', 10.00, 1, 140, '2022-11-13 16:27:07', NULL, NULL),
	(74, 60, 'LAMPU', 10.00, 1, 140, '2022-11-13 16:27:23', NULL, NULL),
	(75, 60, 'KIPAS', 10.00, 1, 140, '2022-11-13 16:27:34', NULL, NULL),
	(76, 15, 'TILAM', 200.00, 1, 10, '2022-11-13 17:38:53', NULL, NULL),
	(77, 15, 'MEJA MAKAN', 1000.00, 1, 10, '2022-11-13 17:39:06', NULL, NULL),
	(78, 15, 'SINKI', 50.00, 1, 10, '2022-11-13 17:39:17', NULL, NULL),
	(79, 15, 'PAIP', 40.00, 1, 10, '2022-11-13 17:39:27', NULL, NULL),
	(80, 15, 'TINGKAP', 100.00, 1, 10, '2022-11-13 17:39:41', NULL, NULL),
	(81, 15, 'KERUSI MAKAN', 50.00, 1, 10, '2022-11-13 17:39:56', NULL, NULL),
	(82, 15, 'PAGAR RUMAH', 400.00, 1, 10, '2022-11-13 17:40:11', NULL, NULL),
	(83, 15, 'GRILL PINTU', 200.00, 1, 10, '2022-11-13 17:40:28', NULL, NULL),
	(84, 15, 'GRILL TINGKAP', 100.00, 1, 106, '2022-11-14 15:07:18', NULL, NULL),
	(85, 32, 'SOFA', 250.00, 0, 10, '2022-11-14 16:32:56', 10, '2022-11-14 16:33:04'),
	(86, 15, 'XXX 2022', 120.00, 0, 10, '2022-11-19 14:35:54', 10, '2022-11-19 14:36:35'),
	(87, 14, 'COWAY', 500.00, 1, 138, '2022-11-23 16:43:55', NULL, NULL),
	(88, 31, 'PINTU HADAPAN', 3500.00, 1, 10, '2022-11-25 12:17:32', NULL, NULL),
	(89, 31, 'SINKI DAPUR', 420.00, 1, 10, '2022-11-25 12:12:38', NULL, NULL),
	(90, 57, 'KIPAS SILING', 100.00, 1, 68, '2022-11-29 21:58:32', NULL, NULL),
	(91, 57, 'LAMPU KALIMANTANG', 10.00, 1, 68, '2022-11-29 21:58:46', NULL, NULL),
	(92, 57, 'SINKI DAPUR', 50.00, 1, 68, '2022-11-29 21:58:59', NULL, NULL),
	(93, 57, 'PINTU DAPUR', 150.00, 1, 68, '2022-11-29 21:59:13', NULL, NULL),
	(94, 7, 'KIPAS DINDING', 100.00, 0, 278, '2022-11-30 10:22:22', 10, '2022-11-30 10:22:23'),
	(95, 7, 'LAMPU KALIMANTANG', 10.00, 1, 10, '2022-11-30 10:21:47', NULL, NULL),
	(96, 7, 'AIR COND', 1000.00, 1, 278, '2022-11-30 10:21:57', NULL, NULL),
	(97, 7, 'KIPAS DINDING', 100.00, 1, 278, '2022-11-30 10:22:44', NULL, NULL),
	(98, 9, 'KIPAS DINDING', 500.00, 1, 140, '2022-11-30 10:22:59', NULL, NULL),
	(99, 67, 'TANGKI SEPTIK', 2000.00, 1, 274, '2022-11-30 10:27:13', NULL, NULL),
	(100, 14, 'AIR-CONDITION (PANASONIC)', 780.00, 0, 10, '2022-12-02 01:50:35', 10, '2022-12-02 01:51:30');
/*!40000 ALTER TABLE `inventory` ENABLE KEYS */;

-- Dumping structure for table staging_epro_kuarters_johor.inventory_responsibility
CREATE TABLE IF NOT EXISTS `inventory_responsibility` (
  `id` int(11) NOT NULL AUTO_INCREMENT,
  `agency_name` varchar(255) DEFAULT NULL,
  `data_status` tinyint(4) DEFAULT '1',
  `action_by` int(11) DEFAULT NULL,
  `action_on` datetime DEFAULT NULL,
  `delete_by` int(11) DEFAULT NULL,
  `delete_on` datetime DEFAULT NULL,
  PRIMARY KEY (`id`),
  KEY `FK_inventory_responsibility_users` (`action_by`),
  KEY `FK_inventory_responsibility_users_2` (`delete_by`),
  CONSTRAINT `FK_inventory_responsibility_users` FOREIGN KEY (`action_by`) REFERENCES `users` (`id`),
  CONSTRAINT `FK_inventory_responsibility_users_2` FOREIGN KEY (`delete_by`) REFERENCES `users` (`id`)
) ENGINE=InnoDB DEFAULT CHARSET=latin1;

-- Dumping data for table staging_epro_kuarters_johor.inventory_responsibility: ~0 rows (approximately)
/*!40000 ALTER TABLE `inventory_responsibility` DISABLE KEYS */;
/*!40000 ALTER TABLE `inventory_responsibility` ENABLE KEYS */;

-- Dumping structure for table staging_epro_kuarters_johor.inventory_status
CREATE TABLE IF NOT EXISTS `inventory_status` (
  `id` int(11) NOT NULL AUTO_INCREMENT,
  `inventory_status` varchar(50) DEFAULT NULL,
  `data_status` int(11) DEFAULT '1',
  PRIMARY KEY (`id`)
) ENGINE=InnoDB AUTO_INCREMENT=3 DEFAULT CHARSET=latin1;

-- Dumping data for table staging_epro_kuarters_johor.inventory_status: ~2 rows (approximately)
/*!40000 ALTER TABLE `inventory_status` DISABLE KEYS */;
INSERT INTO `inventory_status` (`id`, `inventory_status`, `data_status`) VALUES
	(1, 'ADA', 1),
	(2, 'TIADA', 1);
/*!40000 ALTER TABLE `inventory_status` ENABLE KEYS */;

-- Dumping structure for table staging_epro_kuarters_johor.invitation_panel
CREATE TABLE IF NOT EXISTS `invitation_panel` (
  `id` int(11) NOT NULL AUTO_INCREMENT,
  `district_id` int(11) DEFAULT NULL,
  `name` varchar(255) DEFAULT NULL,
  `position` varchar(255) DEFAULT NULL,
  `department` varchar(255) DEFAULT NULL COMMENT 'department/ agency name',
  `email` varchar(50) DEFAULT NULL,
  `data_status` tinyint(4) DEFAULT '1',
  `action_by` tinyint(4) DEFAULT NULL,
  `action_on` varchar(50) DEFAULT NULL,
  `delete_by` tinyint(4) DEFAULT NULL,
  `delete_on` varchar(50) DEFAULT NULL,
  PRIMARY KEY (`id`)
) ENGINE=InnoDB AUTO_INCREMENT=19 DEFAULT CHARSET=latin1;

-- Dumping data for table staging_epro_kuarters_johor.invitation_panel: ~18 rows (approximately)
/*!40000 ALTER TABLE `invitation_panel` DISABLE KEYS */;
INSERT INTO `invitation_panel` (`id`, `district_id`, `name`, `position`, `department`, `email`, `data_status`, `action_by`, `action_on`, `delete_by`, `delete_on`) VALUES
	(1, 1, 'MUHAMMAD FARIS BIN MOHD FAUZI', 'PENOLONG PEGAWAI TEKNOLOGI MAKLUMAT', 'BAHAGIAN SUMBER MANUSIA', 'suhadahn16@gmail.com', 0, 10, '2022-11-17 11:44:48', 10, '2022-11-17 11:53:45'),
	(2, 1, 'MUHAMMAD FARIS BIN MOHD FAUZI', 'PENOLONG PEGAWAI TEKNOLOGI MAKLUMAT', 'BAHAGIAN SUMBER MANUSIA', 'suhadahn16@gmail.com', 1, 10, '2022-11-17 12:03:22', NULL, NULL),
	(3, 1, 'MD NOH BIN JAMALUDDIN', 'PEGAWAI TEKNOLOGI MAKLUMAT', 'TEKNOLOGI MAKLUMAT', 'nanayanna10@gmail.com', 1, 10, '2022-11-30 11:49:36', NULL, NULL),
	(4, 1, 'ARYAN DANIEL BIN AKRAM', 'PENOLONG PEGAWAI TEKNOLOGI MAKLUMAT', 'BAHAGIAN KHIDMAT PENGURUSAN', 'nazirajie@gmail.com', 1, 10, '2022-11-21 10:54:12', NULL, NULL),
	(5, 1, 'IHSAN', 'DG49', 'ICT', 'syaamil.im@gmail.com', 0, 127, '2022-11-23 10:34:27', 127, '2022-11-23 10:34:50'),
	(6, 1, 'SYAAMIL', 'G92', 'ICT', 'syaamil.im@gmail.com', 0, 127, '2022-11-23 10:35:20', 105, '2022-11-30 14:51:07'),
	(7, 1, 'SUHAIDA AHMAD', 'PEGAWAI TEKNOLOGI MAKLUMAT', 'BPEN', 'suhaidahmad84@gmail.com', 1, 10, '2022-11-29 12:30:08', NULL, NULL),
	(8, 1, 'SURYA HJ AHMAD', 'PEGAWAI TADBIR', 'BAHAGIAN KHIDMAT PENGURUSAN', 'suryati.ahmad@yahoo.com', 0, 10, '2022-11-29 14:30:12', 10, '2022-11-29 14:34:14'),
	(9, 1, 'SURYA HJ AHMAD', 'PEGAWAI TADBIR', 'BAHAGIAN KHIDMAT PENGURUSAN', 'suryati.ahmad@yahoo.com', 1, 10, '2022-11-29 14:48:49', NULL, NULL),
	(10, 2, 'AMIR BIN AHMAD', 'PEGAWAI TADBIR', 'BPEN', 'nazira.works@gmail.com', 1, 68, '2022-11-29 22:15:24', NULL, NULL),
	(11, 8, 'JAMIAH BINTI HAMZAH', 'PELUKIS PELAN (KEJURUTERAAN AWAM)/PENOLONG JURUTERA, GRED JA36 (TBK2)', 'PEJ DAERAH PONTIAN', 'jamiah_hamzah@johor.gov.my', 1, 127, '2022-11-30 14:49:20', NULL, NULL),
	(12, 1, 'AMARAH BINTI HASASAN', 'PEGAWAI TEKNOLOGI MAKLUMAT', 'BPENJ', 'azilawaty@johor.gov.my', 1, 10, '2022-11-30 14:51:30', NULL, NULL),
	(13, 1, 'SYED NORUL SHAHRIL BIN SYED NASIR', 'PENTADBIR TANAH DAERAH', 'PEJABAT TANAH DAERAH', 'ptdkt@johor.gov.my', 0, 127, '2022-11-30 14:49:39', 127, '2022-11-30 14:50:16'),
	(14, 1, 'AMIRA BINTI HASAN', 'PPTM 1', 'BPEN', 'suhaidahmad84@gmail.com', 0, 10, '2022-11-30 14:50:59', 10, '2022-11-30 14:50:44'),
	(15, 1, 'NABILAH BINTI RAZALI', 'PENOLONG PEGAWAI DAERAH', 'PEJABAT DAERAH KOTA TINGGI', 'pdkt@johor.gov.my', 1, 127, '2022-11-30 14:51:28', NULL, NULL),
	(16, 1, 'MOHD FAUZUL BIN OTHMAN', 'PENOLONG JURUTERA', 'JABATAN PENGAIRAN DAN SALIRAN DAERAH BATU PAHAT', 'mfauzul.othman@johor.gov.my', 0, 10, '2022-11-30 14:53:24', 10, '2022-11-30 14:53:40'),
	(17, 1, 'AHMAD AMIR', 'PEGAWAI TEKNOLOGI MAKLUMAT', 'BAHAGIAN KHIDMAT PENGURUSAN', 'nazira.works@gmail.com', 1, 10, '2022-11-30 14:52:40', NULL, NULL),
	(18, 1, 'SYAHIRIN BIN SHAHIR', 'PEGAWAI TADBIR', 'TEKNOLOGI MAKLUMAT', 'nur.sahara26@yahoo.com', 0, 10, '2022-11-30 14:54:22', 10, '2022-11-30 14:55:47');
/*!40000 ALTER TABLE `invitation_panel` ENABLE KEYS */;

-- Dumping structure for table staging_epro_kuarters_johor.landed_type
CREATE TABLE IF NOT EXISTS `landed_type` (
  `id` int(11) NOT NULL AUTO_INCREMENT,
  `type` varchar(255) DEFAULT NULL,
  `data_status` tinyint(4) DEFAULT '1',
  `action_by` int(11) DEFAULT NULL,
  `action_on` datetime DEFAULT NULL,
  `delete_by` int(11) DEFAULT NULL,
  `delete_on` datetime DEFAULT NULL,
  PRIMARY KEY (`id`)
) ENGINE=InnoDB AUTO_INCREMENT=3 DEFAULT CHARSET=latin1;

-- Dumping data for table staging_epro_kuarters_johor.landed_type: ~2 rows (approximately)
/*!40000 ALTER TABLE `landed_type` DISABLE KEYS */;
INSERT INTO `landed_type` (`id`, `type`, `data_status`, `action_by`, `action_on`, `delete_by`, `delete_on`) VALUES
	(1, 'LANDED', 1, NULL, NULL, NULL, NULL),
	(2, 'STRATA', 1, NULL, NULL, NULL, NULL);
/*!40000 ALTER TABLE `landed_type` ENABLE KEYS */;

-- Dumping structure for table staging_epro_kuarters_johor.leave_option
CREATE TABLE IF NOT EXISTS `leave_option` (
  `id` int(11) NOT NULL AUTO_INCREMENT,
  `description` varchar(255) DEFAULT NULL,
  `flag_option` int(11) DEFAULT '0' COMMENT '1:sebab keluar, 2:dokumen sokongan',
  `flag_upload` tinyint(4) DEFAULT '0',
  `flag_other_reason` tinyint(1) DEFAULT '0',
  `data_status` tinyint(4) DEFAULT '1',
  PRIMARY KEY (`id`)
) ENGINE=InnoDB AUTO_INCREMENT=11 DEFAULT CHARSET=latin1;

-- Dumping data for table staging_epro_kuarters_johor.leave_option: ~10 rows (approximately)
/*!40000 ALTER TABLE `leave_option` DISABLE KEYS */;
INSERT INTO `leave_option` (`id`, `description`, `flag_option`, `flag_upload`, `flag_other_reason`, `data_status`) VALUES
	(1, 'Diarah keluar daripada kuarters kerajaan', 1, 1, 0, 1),
	(2, 'Pindah ke rumah sendiri yang dibeli dengan kemudahan pinjaman perumahan kerajaan', 1, 1, 0, 1),
	(3, 'Pindah ke kuarters kerajaan yang lain', 1, 0, 0, 1),
	(4, 'Pindah ke kuarters yang dibeli dengan pinjaman bank/institusi kewangan', 1, 0, 0, 1),
	(5, 'Pindah kerana selain dari sebab 1 hingga 4 di atas', 1, 0, 1, 1),
	(6, 'Surat Akuan Penutupan Akaun Bil Elektrik', 2, 1, 0, 1),
	(7, 'Surat Akuan Penutupan Akaun Bil Air', 2, 1, 0, 1),
	(8, 'Salinan Bil Elektrik Terakhir yang telah dijelaskan', 2, 1, 0, 1),
	(9, 'Salinan Bil Air Terakhir yang telah dijelaskan', 2, 1, 0, 1),
	(10, 'Salinan Penyata Gaji Terbaru', 2, 1, 0, 1);
/*!40000 ALTER TABLE `leave_option` ENABLE KEYS */;

-- Dumping structure for table staging_epro_kuarters_johor.leave_status
CREATE TABLE IF NOT EXISTS `leave_status` (
  `id` int(11) NOT NULL AUTO_INCREMENT,
  `status` text,
  `data_status` int(11) DEFAULT '1',
  PRIMARY KEY (`id`)
) ENGINE=InnoDB AUTO_INCREMENT=4 DEFAULT CHARSET=latin1;

-- Dumping data for table staging_epro_kuarters_johor.leave_status: ~3 rows (approximately)
/*!40000 ALTER TABLE `leave_status` DISABLE KEYS */;
INSERT INTO `leave_status` (`id`, `status`, `data_status`) VALUES
	(1, 'PERMOHONAN KELUAR', 1),
	(2, 'PENGESAHAN KETUA JABATAN', 1),
	(3, 'PERMOHONAN KELUAR BERJAYA', 1);
/*!40000 ALTER TABLE `leave_status` ENABLE KEYS */;

-- Dumping structure for table staging_epro_kuarters_johor.maintenance_fee
CREATE TABLE IF NOT EXISTS `maintenance_fee` (
  `id` int(11) NOT NULL AUTO_INCREMENT,
  `maintenance_fee` decimal(10,2) DEFAULT NULL,
  `data_status` tinyint(4) DEFAULT '1',
  `action_by` int(11) DEFAULT NULL,
  `action_on` datetime DEFAULT NULL,
  `delete_by` int(11) DEFAULT NULL,
  `delete_on` datetime DEFAULT NULL,
  PRIMARY KEY (`id`)
) ENGINE=InnoDB DEFAULT CHARSET=latin1;

-- Dumping data for table staging_epro_kuarters_johor.maintenance_fee: ~0 rows (approximately)
/*!40000 ALTER TABLE `maintenance_fee` DISABLE KEYS */;
/*!40000 ALTER TABLE `maintenance_fee` ENABLE KEYS */;

-- Dumping structure for table staging_epro_kuarters_johor.maintenance_inventory
CREATE TABLE IF NOT EXISTS `maintenance_inventory` (
  `id` int(11) NOT NULL AUTO_INCREMENT,
  `name` varchar(250) DEFAULT NULL,
  `data_status` tinyint(4) DEFAULT '1',
  `action_by` varchar(50) DEFAULT NULL,
  `action_on` varchar(50) DEFAULT NULL,
  `delete_by` varchar(50) DEFAULT NULL,
  `delete_on` varchar(50) DEFAULT NULL,
  PRIMARY KEY (`id`)
) ENGINE=InnoDB AUTO_INCREMENT=36 DEFAULT CHARSET=latin1;

-- Dumping data for table staging_epro_kuarters_johor.maintenance_inventory: ~35 rows (approximately)
/*!40000 ALTER TABLE `maintenance_inventory` DISABLE KEYS */;
INSERT INTO `maintenance_inventory` (`id`, `name`, `data_status`, `action_by`, `action_on`, `delete_by`, `delete_on`) VALUES
	(1, 'TNB', 0, '15', '2022-10-11 07:46:59', '10', '2022-10-13 01:54:12'),
	(2, 'SYARIKAT AIR', 0, '10', '2022-10-10 04:18:52', '10', '2022-10-10 04:21:55'),
	(3, 'JPS', 0, '15', '2022-10-11 07:46:25', '15', '2022-10-11 07:47:06'),
	(4, 'JABATAN KERJA RAYA', 1, '10', '2022-10-13 02:34:38', NULL, NULL),
	(5, 'TM', 0, '110', '2022-10-11 08:26:19', '10', '2022-10-13 01:54:09'),
	(6, 'SUKJ BAHAGIAN KHIDMAT PENGURUSAN', 1, '10', '2022-11-03 03:47:57', NULL, NULL),
	(7, 'POLIS BANTUAN 2', 0, '106', '2022-10-11 08:34:35', '106', '2022-10-11 08:34:40'),
	(8, 'TENAGA NASIONAL BERHAD', 1, '10', '2022-10-13 02:34:22', NULL, NULL),
	(9, 'TELEKOM MALAYSIA', 1, '10', '2022-11-21 12:03:39', NULL, NULL),
	(10, 'SYARIKAT AIR JOHOR', 1, '10', '2022-10-13 02:35:45', NULL, NULL),
	(11, 'INDAH WATER KONSORTIUM', 0, '10', '2022-10-18 08:27:49', '10', '2022-10-19 04:12:20'),
	(12, 'XXX', 0, '10', '2022-10-18 08:28:10', '10', '2022-10-18 08:28:15'),
	(13, 'TESTING1234567', 0, '10', '2022-11-03 02:17:47', '10', '2022-11-03 02:19:56'),
	(14, 'B K P', 0, '10', '2022-11-03 02:19:48', '10', '2022-11-03 03:48:44'),
	(15, 'INVENTORI', 0, '10', '2022-11-08 07:17:45', '10', '2022-11-08 07:33:42'),
	(16, 'Z', 0, '10', '2022-11-03 05:16:57', '10', '2022-11-03 05:17:01'),
	(17, 'TEST', 0, '10', '2022-11-05 14:01:07', '10', '2022-11-05 14:01:12'),
	(18, 'TEST', 0, '10', '2022-11-06 02:08:14', '10', '2022-11-06 02:08:21'),
	(19, 'TESTING', 0, '10', '2022-11-06 04:21:03', '10', '2022-11-06 04:21:58'),
	(20, 'MEMASTIKAN SEMUA ASET YANG DITERIMA DI JABATAN DIDAFTARKAN DALAM TEMPOH DUA (2) MINGGU DARI TARIKH PENGESAHAN PENERIMAAN ASET', 0, '189', '2022-11-06 06:59:15', '10', '2022-11-09 16:27:40'),
	(21, 'JABATAN INVENTORI', 0, '10', '2022-11-08 07:36:28', '10', '2022-11-08 07:42:04'),
	(22, 'PDRM', 0, '106', '2022-11-11 00:27:23', '106', '2022-11-12 23:33:36'),
	(23, '123 SUKA SUKA LA', 0, '106', '2022-11-11 00:34:50', '106', '2022-11-11 00:37:21'),
	(24, 'IT RNTECH 1', 0, '130', '2022-11-11 11:10:58', '130', '2022-11-11 11:11:07'),
	(25, 'JABATAN FURNITURE', 0, '131', '2022-11-11 11:13:19', '131', '2022-11-11 11:13:37'),
	(26, 'TEST', 0, '10', '2022-11-15 09:30:58', '10', '2022-11-15 09:31:14'),
	(27, 'INVENTORI FY2022', 0, '10', '2022-11-19 14:47:26', '10', '2022-11-19 14:48:44'),
	(28, 'JABATAN AIR DAN SALIRAN', 1, '138', '2022-11-23 16:53:29', NULL, NULL),
	(29, 'SRSDS', 0, '138', '2022-11-23 16:54:34', '138', '2022-11-23 16:54:42'),
	(30, 'NEW PM10', 0, '10', '2022-11-25 12:24:38', '10', '2022-11-25 12:26:49'),
	(31, 'BKP 1 JB', 0, '10', '2022-11-30 10:29:22', '10', '2022-11-30 10:29:27'),
	(32, 'PEJ DAERAH PONTIAN', 1, '274', '2022-11-30 10:29:26', NULL, NULL),
	(33, 'BKP', 0, '140', '2022-11-30 10:29:27', '140', '2022-11-30 10:29:34'),
	(34, 'BKP 1 JB', 1, '278', '2022-11-30 10:29:28', NULL, NULL),
	(35, 'HELLO 2022', 0, '10', '2022-12-02 01:56:30', '10', '2022-12-02 01:57:49');
/*!40000 ALTER TABLE `maintenance_inventory` ENABLE KEYS */;

-- Dumping structure for table staging_epro_kuarters_johor.maintenance_utility
CREATE TABLE IF NOT EXISTS `maintenance_utility` (
  `id` int(11) NOT NULL AUTO_INCREMENT,
  `name` varchar(255) DEFAULT NULL,
  `data_status` tinyint(4) DEFAULT '1',
  `action_by` int(11) DEFAULT NULL,
  `action_on` datetime DEFAULT NULL,
  `delete_by` int(11) DEFAULT NULL,
  `delete_on` datetime DEFAULT NULL,
  PRIMARY KEY (`id`)
) ENGINE=InnoDB AUTO_INCREMENT=2 DEFAULT CHARSET=latin1;

-- Dumping data for table staging_epro_kuarters_johor.maintenance_utility: ~1 rows (approximately)
/*!40000 ALTER TABLE `maintenance_utility` DISABLE KEYS */;
INSERT INTO `maintenance_utility` (`id`, `name`, `data_status`, `action_by`, `action_on`, `delete_by`, `delete_on`) VALUES
	(1, 'IWK', 1, NULL, NULL, NULL, NULL);
/*!40000 ALTER TABLE `maintenance_utility` ENABLE KEYS */;

-- Dumping structure for table staging_epro_kuarters_johor.marital_status
CREATE TABLE IF NOT EXISTS `marital_status` (
  `id` int(50) NOT NULL AUTO_INCREMENT,
  `marital_status` varchar(50) DEFAULT NULL,
  `code` varchar(5) DEFAULT NULL,
  `data_status` tinyint(4) DEFAULT '1',
  `action_by` int(50) DEFAULT NULL,
  `action_on` datetime DEFAULT NULL,
  `delete_by` int(50) DEFAULT NULL,
  `delete_on` datetime DEFAULT NULL,
  PRIMARY KEY (`id`),
  KEY `FK_marital_status_users` (`action_by`),
  KEY `FK_marital_status_users_2` (`delete_by`),
  CONSTRAINT `FK_marital_status_users` FOREIGN KEY (`action_by`) REFERENCES `users` (`id`) ON DELETE NO ACTION ON UPDATE NO ACTION,
  CONSTRAINT `FK_marital_status_users_2` FOREIGN KEY (`delete_by`) REFERENCES `users` (`id`) ON DELETE NO ACTION ON UPDATE NO ACTION
) ENGINE=InnoDB AUTO_INCREMENT=7 DEFAULT CHARSET=latin1;

-- Dumping data for table staging_epro_kuarters_johor.marital_status: ~6 rows (approximately)
/*!40000 ALTER TABLE `marital_status` DISABLE KEYS */;
INSERT INTO `marital_status` (`id`, `marital_status`, `code`, `data_status`, `action_by`, `action_on`, `delete_by`, `delete_on`) VALUES
	(1, 'BERKAHWIN', '2', 1, NULL, NULL, NULL, NULL),
	(2, 'JANDA', '4', 1, NULL, NULL, NULL, NULL),
	(3, 'DUDA', '3', 1, NULL, NULL, NULL, NULL),
	(4, 'BELUM BERKAHWIN', '1', 1, NULL, NULL, NULL, NULL),
	(5, 'BALU', '5', 1, NULL, NULL, NULL, NULL),
	(6, 'TIADA MAKLUMAT', '0', 1, NULL, NULL, NULL, NULL);
/*!40000 ALTER TABLE `marital_status` ENABLE KEYS */;

-- Dumping structure for table staging_epro_kuarters_johor.meeting
CREATE TABLE IF NOT EXISTS `meeting` (
  `id` int(11) NOT NULL AUTO_INCREMENT,
  `district_id` int(11) DEFAULT '0',
  `bil_no` varchar(255) DEFAULT NULL,
  `date` date DEFAULT NULL,
  `time` time DEFAULT NULL,
  `purpose` varchar(255) DEFAULT NULL,
  `venue` varchar(255) DEFAULT NULL,
  `officer_id` int(11) DEFAULT NULL,
  `letter_ref_no` varchar(50) NOT NULL,
  `letter_date` date DEFAULT NULL,
  `is_done` int(11) DEFAULT '0' COMMENT '1:Meeting Selesai',
  `data_status` tinyint(4) DEFAULT '1',
  `action_by` int(11) DEFAULT NULL,
  `action_on` datetime DEFAULT NULL,
  `delete_by` int(11) DEFAULT NULL,
  `delete_on` datetime DEFAULT NULL,
  PRIMARY KEY (`id`),
  KEY `FK_meeting_district` (`district_id`),
  CONSTRAINT `FK_meeting_district` FOREIGN KEY (`district_id`) REFERENCES `district` (`id`) ON DELETE NO ACTION ON UPDATE NO ACTION
) ENGINE=InnoDB AUTO_INCREMENT=29 DEFAULT CHARSET=latin1;

-- Dumping data for table staging_epro_kuarters_johor.meeting: ~28 rows (approximately)
/*!40000 ALTER TABLE `meeting` DISABLE KEYS */;
INSERT INTO `meeting` (`id`, `district_id`, `bil_no`, `date`, `time`, `purpose`, `venue`, `officer_id`, `letter_ref_no`, `letter_date`, `is_done`, `data_status`, `action_by`, `action_on`, `delete_by`, `delete_on`) VALUES
	(1, 1, 'BIL 1', '2022-11-26', '13:13:00', 'MESYUARAT BIL 1', 'KOTA ISKANDAR', NULL, '', NULL, 1, 1, 140, '2022-11-25 13:14:18', NULL, NULL),
	(2, 1, '2', '2022-11-25', '14:07:00', 'MES 2', 'KOTA ISKANDAR', NULL, '', NULL, 1, 1, 140, '2022-11-25 14:07:28', NULL, NULL),
	(3, 1, '1/22', '2022-11-27', '10:15:00', 'MESYUARAT PENGURUSAN KUARTERS', 'BILIK MESYUARAT MERANTI', 77, '200/12', '2022-11-27', 1, 1, 10, '2022-11-25 18:17:16', NULL, NULL),
	(4, 1, '89/11', '2022-11-30', '17:14:00', 'MESYUARAT PENGURUSAN KUARTERS', 'BILIK MESYUARAT MERANTI', NULL, '', NULL, 1, 1, 10, '2022-11-27 16:15:26', NULL, NULL),
	(5, 1, '15', '2022-11-26', '19:21:00', '15', '15', NULL, '', NULL, 1, 1, 140, '2022-11-27 19:21:38', NULL, NULL),
	(6, 1, '101/88', '2022-11-28', '14:30:00', 'MESYUARAT 3', 'BILIK MESYUARAT 1', NULL, '', NULL, 1, 1, 10, '2022-11-28 12:42:00', NULL, NULL),
	(7, 1, '30', '2022-11-30', '21:54:00', '30', '30ABC', NULL, '', NULL, 1, 1, 140, '2022-11-28 22:00:30', NULL, NULL),
	(8, 1, '31', '2022-11-26', '22:12:00', '31', '31ABC', NULL, '', NULL, 1, 1, 140, '2022-11-28 22:13:20', NULL, NULL),
	(9, 1, '1/2022', '2022-11-28', '23:39:00', 'MESY PILIH KUARTERS JALAN ARIPIN', 'BILIK BKP01', 77, '111', '2022-12-02', 0, 1, 10, '2022-12-03 22:58:37', NULL, NULL),
	(10, 1, '111', '2022-11-28', '10:31:00', 'MESYUARAT KUARTERS', 'BILIK MESYUARAT 4', NULL, '', NULL, 1, 0, 10, '2022-11-29 07:31:51', 10, '2022-11-30 01:05:44'),
	(11, 1, '9/12', '2022-11-18', '00:47:00', 'MESYUARAT PENGURUSAN KUARTERS', 'BILIK MESYUARAT MERANTI', NULL, '', NULL, 1, 1, 10, '2022-11-29 08:47:28', NULL, NULL),
	(12, 1, '10', '2022-11-28', '10:30:00', 'MESYUARAT KUARTERS', 'BILIK MESYUARAT 3', NULL, '', NULL, 1, 1, 10, '2022-11-29 09:39:26', NULL, NULL),
	(13, 1, '1/2025', '2022-12-06', '10:34:00', 'MESYUARAT KUARTERS', 'BILIK MESYUARAT', 83, '200/300(22)', '2022-11-29', 1, 1, 10, '2022-11-29 12:46:57', NULL, NULL),
	(14, 1, '39/40', '2022-11-29', '16:45:00', 'MESYUARAT KUARTERS 1', 'BILIK MESYUARAT 10', NULL, '', NULL, 1, 1, 10, '2022-11-29 15:12:25', NULL, NULL),
	(15, 1, '2/2025', '2022-12-01', '09:00:00', 'MESYUARAT TEST RAYUAN', 'BILIK MESYUARAT', 83, '200/300(23)', '2022-11-29', 1, 1, 10, '2022-11-29 15:56:35', NULL, NULL),
	(16, 1, '3/2025', '2022-11-30', '16:11:00', 'MESYUARAT TEST RAYUAN LAGI', 'BILIK MESYUARAT', 83, '200/300(24)', '2022-11-29', 1, 1, 10, '2022-11-29 16:12:18', NULL, NULL),
	(17, 2, '1/2023', '2022-12-05', '10:16:00', 'MESYUARAT KUARTERS BATU PAHAT', 'BILIK MESYUARAT UTAMA', 94, '100/9/3/(23)', '2022-11-29', 1, 1, 68, '2022-11-29 22:21:38', NULL, NULL),
	(18, 1, 'BIL. 11/2022', '2022-12-05', '09:30:00', 'MESYUARAT JAWATANKUASA PENGURUSAN KUARTERS (JPK)', 'BILIK MESYUARAT 7', 77, 'BIL: 011/NOV/2022', '2022-11-30', 1, 1, 10, '2022-11-30 01:13:04', NULL, NULL),
	(19, 1, '101/89', '2022-11-30', '14:30:00', 'MESYUARAT 9', 'BILIK MESYUARAT 3', 77, '5258', '2022-11-29', 1, 1, 10, '2022-12-03 22:01:39', NULL, NULL),
	(20, 1, '04/2022', '2022-11-30', '09:00:00', 'MESYUARAT JAWATANKUASA KUARTERS', 'BILIK GERAKAN PEJABAT DAERAH BATU PAHAT', NULL, '', NULL, 1, 1, 10, '2022-11-30 14:56:07', NULL, NULL),
	(21, 1, '2022/1', '2022-12-04', '10:22:00', 'MESYUARAT KUARTERS PAT', 'BILIK MESYUARAT PNJ', NULL, '', NULL, 0, 1, 10, '2022-11-30 21:22:01', NULL, NULL),
	(22, 1, '345/56', '2022-12-07', '10:15:00', 'MESYUARAT PERMOHONAN KUARTERS', 'BILIK MESYUARAT 4', 77, '5258', '2022-12-06', 1, 1, 10, '2022-12-01 10:07:21', NULL, NULL),
	(23, 1, '56/60', '2022-12-07', '10:26:00', 'MESYUARAT PERMOHONAN KUARTERS 1', 'BILIK MESYUARAT 3', 84, '59/62', '2022-12-02', 1, 1, 10, '2022-12-01 10:31:57', NULL, NULL),
	(24, 1, '57/60', '2022-12-06', '10:30:00', 'MESYUARAT PERMOHONAN KUARTERS 2', 'BILIK MESYUARAT 3', 77, '57/62', '2022-12-04', 1, 1, 10, '2022-12-01 10:33:03', NULL, NULL),
	(25, 1, '58/60', '2022-12-09', '10:30:00', 'MESYUARAT PERMOHONAN KUARTERS 3', 'BILIK MESYUARAT 3', 77, '59/62', '2022-12-02', 1, 1, 10, '2022-12-01 10:30:56', NULL, NULL),
	(26, 1, '59/60', '2022-12-04', '10:30:00', 'MESYUARAT PERMOHONAN KUARTERS 4', 'BILIK MESYUARAT 3', NULL, '', NULL, 1, 1, 10, '2022-12-01 10:30:13', NULL, NULL),
	(27, 1, '78/80', '2022-12-06', '10:30:00', 'MESYUARAT PERMOHONAN KUARTERS TERBARU', 'BILIK MESYUARAT BUNGA', 77, '78/80', '2022-12-01', 1, 1, 10, '2022-12-02 07:20:28', NULL, NULL),
	(28, 1, '011/022', '2022-12-11', '10:30:00', 'MESYUARAT PERMOHONAN KUARTERS', 'BILIK MESYUARAT 7', 77, '022/044', '2022-12-05', 1, 1, 10, '2022-12-02 07:36:17', NULL, NULL);
/*!40000 ALTER TABLE `meeting` ENABLE KEYS */;

-- Dumping structure for table staging_epro_kuarters_johor.meeting_application
CREATE TABLE IF NOT EXISTS `meeting_application` (
  `id` int(11) NOT NULL AUTO_INCREMENT,
  `meeting_id` int(11) DEFAULT NULL,
  `application_id` int(11) DEFAULT NULL,
  `application_status_id` int(11) DEFAULT NULL,
  `quarters_category_id` int(11) DEFAULT NULL,
  `is_delay` int(11) DEFAULT '0' COMMENT '1: delay -> if tangguh ke meeting akan datang - valid 1tahun',
  `data_status` tinyint(4) DEFAULT '1',
  `action_by` int(11) DEFAULT NULL,
  `action_on` datetime DEFAULT NULL,
  `delete_by` int(11) DEFAULT NULL,
  `delete_on` datetime DEFAULT NULL,
  PRIMARY KEY (`id`)
) ENGINE=InnoDB AUTO_INCREMENT=40 DEFAULT CHARSET=latin1;

-- Dumping data for table staging_epro_kuarters_johor.meeting_application: ~33 rows (approximately)
/*!40000 ALTER TABLE `meeting_application` DISABLE KEYS */;
INSERT INTO `meeting_application` (`id`, `meeting_id`, `application_id`, `application_status_id`, `quarters_category_id`, `is_delay`, `data_status`, `action_by`, `action_on`, `delete_by`, `delete_on`) VALUES
	(1, 1, 21, 7, 24, 0, 0, 140, '2022-11-25 13:21:22', NULL, NULL),
	(2, 1, 22, 7, 24, 0, 1, 140, '2022-11-25 13:21:22', NULL, NULL),
	(3, 2, 23, 7, 32, 0, 0, 140, '2022-11-25 14:08:19', NULL, NULL),
	(8, 7, 33, 7, 32, 0, 1, 140, '2022-11-28 22:09:19', NULL, NULL),
	(10, 9, 34, NULL, NULL, 0, 0, 10, '2022-11-28 23:42:35', 140, '2022-11-28 23:54:22'),
	(11, 9, 35, NULL, NULL, 0, 0, 10, '2022-11-28 23:42:35', 140, '2022-11-28 23:54:22'),
	(12, 9, 34, NULL, NULL, 0, 1, 140, '2022-11-28 23:54:22', NULL, NULL),
	(13, 9, 35, NULL, NULL, 0, 1, 140, '2022-11-28 23:54:22', NULL, NULL),
	(14, 10, 36, 7, 32, 0, 0, 10, '2022-11-29 07:32:39', 10, '2022-11-30 01:05:44'),
	(16, 12, 37, 7, 36, 0, 1, 10, '2022-11-29 09:40:04', NULL, NULL),
	(17, 13, 10, 7, 32, 0, 1, 10, '2022-11-29 12:54:56', NULL, NULL),
	(18, 13, 9, 7, 32, 0, 1, 10, '2022-11-29 12:54:56', NULL, NULL),
	(19, 14, 11, 7, 24, 0, 1, 10, '2022-11-29 15:16:15', NULL, NULL),
	(20, 15, 13, 9, 32, 0, 1, 10, '2022-11-29 15:58:17', NULL, NULL),
	(21, 16, 14, 8, 32, 0, 1, 10, '2022-11-29 16:12:57', NULL, NULL),
	(22, 17, 15, 7, 57, 0, 1, 68, '2022-11-29 22:22:35', NULL, NULL),
	(23, 18, 16, NULL, NULL, 0, 0, 10, '2022-11-30 00:53:48', 10, '2022-11-30 01:02:38'),
	(24, 18, 16, 7, 15, 0, 1, 10, '2022-11-30 01:52:26', NULL, NULL),
	(25, 19, 17, NULL, NULL, 0, 0, 10, '2022-11-30 11:53:43', 10, '2022-11-30 11:55:35'),
	(26, 19, 17, 7, 15, 0, 0, 10, '2022-11-30 12:26:35', 10, '2022-12-03 22:01:39'),
	(27, 20, 19, 7, 67, 0, 1, 10, '2022-11-30 15:09:41', NULL, NULL),
	(28, 20, 20, 8, 27, 0, 1, 10, '2022-11-30 15:09:41', NULL, NULL),
	(29, 20, 18, 9, 33, 0, 1, 10, '2022-11-30 15:09:41', NULL, NULL),
	(30, 21, 23, NULL, NULL, 0, 1, 10, '2022-11-30 21:22:01', NULL, NULL),
	(31, 21, 21, NULL, NULL, 0, 1, 10, '2022-11-30 21:22:01', NULL, NULL),
	(32, 22, 26, 9, 1, 0, 1, 68, '2022-12-01 10:55:15', NULL, NULL),
	(33, 23, 24, 9, 32, 0, 1, 68, '2022-12-01 10:54:26', NULL, NULL),
	(34, 24, 25, 9, 32, 0, 1, 68, '2022-12-01 10:56:08', NULL, NULL),
	(35, 25, 28, 9, 15, 0, 1, 68, '2022-12-01 10:57:29', NULL, NULL),
	(36, 26, 29, 9, 14, 0, 1, 68, '2022-12-01 10:58:15', NULL, NULL),
	(37, 27, 12, 7, 1, 0, 1, 10, '2022-12-02 07:21:10', NULL, NULL),
	(38, 28, 30, 7, 15, 0, 1, 10, '2022-12-02 07:36:54', NULL, NULL),
	(39, 19, 37, 7, 1, 0, 1, 10, '2022-12-03 22:02:23', NULL, NULL);
/*!40000 ALTER TABLE `meeting_application` ENABLE KEYS */;

-- Dumping structure for table staging_epro_kuarters_johor.meeting_panel
CREATE TABLE IF NOT EXISTS `meeting_panel` (
  `id` int(11) NOT NULL AUTO_INCREMENT,
  `meeting_id` int(11) DEFAULT NULL,
  `users_id` int(11) DEFAULT '0',
  `is_chairmain` int(11) DEFAULT '0',
  `invitation_panel_id` int(11) DEFAULT '0',
  `is_attend` int(11) DEFAULT '0' COMMENT '1:attend meeting',
  `representative` varchar(50) DEFAULT NULL,
  `representative_position` varchar(50) DEFAULT NULL,
  `data_status` tinyint(4) DEFAULT '1',
  `action_by` int(11) DEFAULT NULL,
  `action_on` datetime DEFAULT NULL,
  `delete_by` int(11) DEFAULT NULL,
  `delete_on` datetime DEFAULT NULL,
  PRIMARY KEY (`id`)
) ENGINE=InnoDB AUTO_INCREMENT=154 DEFAULT CHARSET=latin1;

-- Dumping data for table staging_epro_kuarters_johor.meeting_panel: ~153 rows (approximately)
/*!40000 ALTER TABLE `meeting_panel` DISABLE KEYS */;
INSERT INTO `meeting_panel` (`id`, `meeting_id`, `users_id`, `is_chairmain`, `invitation_panel_id`, `is_attend`, `representative`, `representative_position`, `data_status`, `action_by`, `action_on`, `delete_by`, `delete_on`) VALUES
	(1, 1, 180, 1, 0, 1, NULL, NULL, 1, 140, '2022-11-25 13:21:04', 140, '2022-11-25 13:21:04'),
	(2, 1, 169, 0, 0, 0, NULL, NULL, 1, 140, '2022-11-25 13:14:18', 140, '2022-11-25 13:21:04'),
	(3, 1, 0, 0, 3, 1, NULL, NULL, 1, 140, '2022-11-25 13:21:04', 140, '2022-11-25 13:21:04'),
	(4, 1, 0, 0, 6, 1, NULL, NULL, 1, 140, '2022-11-25 13:21:04', 140, '2022-11-25 13:21:04'),
	(5, 2, 180, 1, 0, 1, NULL, NULL, 1, 140, '2022-11-25 14:08:12', 140, '2022-11-25 14:08:12'),
	(6, 2, 169, 0, 0, 1, NULL, NULL, 1, 140, '2022-11-25 14:08:12', 140, '2022-11-25 14:08:12'),
	(7, 2, 0, 0, 4, 1, NULL, NULL, 1, 140, '2022-11-25 14:08:12', 140, '2022-11-25 14:08:12'),
	(8, 2, 0, 0, 6, 1, NULL, NULL, 1, 140, '2022-11-25 14:08:12', 140, '2022-11-25 14:08:12'),
	(9, 3, 180, 1, 0, 1, NULL, NULL, 1, 10, '2022-11-25 18:17:52', 10, '2022-11-25 18:17:52'),
	(10, 3, 10, 0, 0, 1, NULL, NULL, 1, 10, '2022-11-25 18:17:52', 10, '2022-11-25 18:17:52'),
	(11, 3, 169, 0, 0, 0, NULL, NULL, 1, 10, '2022-11-25 18:16:21', 10, '2022-11-25 18:17:52'),
	(12, 3, 222, 0, 0, 1, NULL, NULL, 1, 10, '2022-11-25 18:17:52', 10, '2022-11-25 18:17:52'),
	(13, 3, 0, 0, 4, 0, NULL, NULL, 1, 10, '2022-11-25 18:16:21', 10, '2022-11-25 18:17:52'),
	(14, 3, 0, 0, 3, 1, NULL, NULL, 1, 10, '2022-11-25 18:17:52', 10, '2022-11-25 18:17:52'),
	(15, 4, 10, 1, 0, 1, NULL, NULL, 1, 10, '2022-11-27 17:05:09', 10, '2022-11-27 17:05:09'),
	(16, 4, 169, 0, 0, 0, NULL, NULL, 1, 10, '2022-11-27 16:15:26', 10, '2022-11-27 17:05:09'),
	(17, 4, 0, 0, 3, 0, NULL, NULL, 1, 10, '2022-11-27 16:15:26', 10, '2022-11-27 17:05:09'),
	(18, 4, 0, 0, 2, 1, NULL, NULL, 1, 10, '2022-11-27 17:05:09', 10, '2022-11-27 17:05:09'),
	(19, 5, 180, 1, 0, 1, NULL, NULL, 1, 140, '2022-11-27 19:22:28', 140, '2022-11-27 19:22:28'),
	(20, 5, 10, 0, 0, 0, NULL, NULL, 1, 140, '2022-11-27 19:21:38', 140, '2022-11-27 19:22:28'),
	(21, 5, 0, 0, 3, 1, NULL, NULL, 1, 140, '2022-11-27 19:22:28', 140, '2022-11-27 19:22:28'),
	(22, 5, 0, 0, 2, 1, NULL, NULL, 1, 140, '2022-11-27 19:22:28', 140, '2022-11-27 19:22:28'),
	(23, 6, 222, 1, 0, 1, NULL, NULL, 1, 10, '2022-11-28 12:43:33', 10, '2022-11-28 12:43:33'),
	(24, 6, 0, 0, 3, 1, NULL, NULL, 1, 10, '2022-11-28 12:43:33', 10, '2022-11-28 12:43:33'),
	(25, 7, 180, 1, 0, 0, NULL, NULL, 1, 140, '2022-11-28 22:00:30', 140, '2022-11-28 22:01:15'),
	(26, 7, 10, 0, 0, 1, NULL, NULL, 1, 140, '2022-11-28 22:01:15', 140, '2022-11-28 22:01:15'),
	(27, 7, 0, 0, 4, 1, NULL, NULL, 1, 140, '2022-11-28 22:01:15', 140, '2022-11-28 22:01:15'),
	(28, 7, 0, 0, 2, 1, NULL, NULL, 1, 140, '2022-11-28 22:01:15', 140, '2022-11-28 22:01:15'),
	(29, 8, 10, 1, 0, 1, NULL, NULL, 1, 140, '2022-11-28 22:22:11', 140, '2022-11-28 22:22:11'),
	(30, 8, 169, 0, 0, 0, NULL, NULL, 1, 140, '2022-11-28 22:13:20', 140, '2022-11-28 22:22:11'),
	(31, 8, 0, 0, 3, 1, NULL, NULL, 1, 140, '2022-11-28 22:22:11', 140, '2022-11-28 22:22:11'),
	(32, 8, 0, 0, 6, 1, NULL, NULL, 1, 140, '2022-11-28 22:22:11', 140, '2022-11-28 22:22:11'),
	(33, 9, 180, 1, 0, 0, NULL, NULL, 0, 10, '2022-11-28 23:42:35', 140, '2022-11-28 23:54:22'),
	(34, 9, 10, 0, 0, 0, NULL, NULL, 0, 10, '2022-11-28 23:42:35', 140, '2022-11-28 23:54:22'),
	(35, 9, 169, 0, 0, 0, NULL, NULL, 0, 10, '2022-11-28 23:42:35', 140, '2022-11-28 23:54:22'),
	(36, 9, 0, 0, 3, 0, NULL, NULL, 0, 10, '2022-11-28 23:42:35', 140, '2022-11-28 23:54:22'),
	(37, 9, 180, 1, 0, 0, NULL, NULL, 1, 140, '2022-11-28 23:54:22', NULL, NULL),
	(38, 9, 10, 0, 0, 0, NULL, NULL, 1, 140, '2022-11-28 23:54:22', NULL, NULL),
	(39, 9, 169, 0, 0, 0, NULL, NULL, 1, 140, '2022-11-28 23:54:22', NULL, NULL),
	(40, 9, 0, 0, 2, 0, NULL, NULL, 1, 140, '2022-11-28 23:54:22', NULL, NULL),
	(41, 9, 0, 0, 3, 0, NULL, NULL, 1, 140, '2022-11-28 23:54:22', NULL, NULL),
	(42, 9, 0, 0, 4, 0, NULL, NULL, 1, 140, '2022-11-28 23:54:22', NULL, NULL),
	(43, 10, 222, 1, 0, 1, NULL, NULL, 0, 10, '2022-11-29 07:32:26', 10, '2022-11-30 01:05:44'),
	(44, 10, 0, 0, 3, 1, NULL, NULL, 0, 10, '2022-11-29 07:32:26', 10, '2022-11-30 01:05:44'),
	(45, 11, 180, 1, 0, 1, NULL, NULL, 1, 10, '2022-11-29 08:47:54', 10, '2022-11-29 08:47:54'),
	(46, 11, 169, 0, 0, 1, NULL, NULL, 1, 10, '2022-11-29 08:47:54', 10, '2022-11-29 08:47:54'),
	(47, 11, 222, 0, 0, 1, NULL, NULL, 1, 10, '2022-11-29 08:47:54', 10, '2022-11-29 08:47:54'),
	(48, 11, 0, 0, 4, 1, NULL, NULL, 1, 10, '2022-11-29 08:47:54', 10, '2022-11-29 08:47:54'),
	(49, 11, 0, 0, 3, 1, NULL, NULL, 1, 10, '2022-11-29 08:47:54', 10, '2022-11-29 08:47:54'),
	(50, 11, 0, 0, 2, 0, NULL, NULL, 1, 10, '2022-11-29 08:47:28', 10, '2022-11-29 08:47:54'),
	(51, 12, 222, 1, 0, 1, NULL, NULL, 1, 10, '2022-11-29 09:39:55', 10, '2022-11-29 09:39:55'),
	(52, 12, 0, 0, 3, 1, NULL, NULL, 1, 10, '2022-11-29 09:39:55', 10, '2022-11-29 09:39:55'),
	(53, 13, 180, 1, 0, 1, NULL, NULL, 1, 10, '2022-11-29 12:50:26', 10, '2022-11-29 12:50:26'),
	(54, 13, 10, 0, 0, 1, NULL, NULL, 1, 10, '2022-11-29 12:50:26', 10, '2022-11-29 12:50:26'),
	(55, 13, 169, 0, 0, 1, NULL, NULL, 1, 10, '2022-11-29 12:50:26', 10, '2022-11-29 12:50:26'),
	(56, 13, 222, 0, 0, 1, NULL, NULL, 1, 10, '2022-11-29 12:50:26', 10, '2022-11-29 12:50:26'),
	(57, 13, 0, 0, 4, 1, NULL, NULL, 1, 10, '2022-11-29 12:50:26', NULL, NULL),
	(58, 13, 0, 0, 3, 1, NULL, NULL, 1, 10, '2022-11-29 12:50:26', NULL, NULL),
	(59, 13, 0, 0, 2, 1, NULL, NULL, 1, 10, '2022-11-29 12:50:26', NULL, NULL),
	(60, 13, 0, 0, 7, 1, NULL, NULL, 1, 10, '2022-11-29 12:50:26', 10, '2022-11-29 12:50:26'),
	(61, 13, 0, 0, 6, 1, NULL, NULL, 1, 10, '2022-11-29 12:50:26', 10, '2022-11-29 12:50:26'),
	(62, 14, 222, 1, 0, 1, NULL, NULL, 1, 10, '2022-11-29 15:14:05', 10, '2022-11-29 15:14:05'),
	(63, 14, 0, 0, 3, 1, NULL, NULL, 1, 10, '2022-11-29 15:14:05', 10, '2022-11-29 15:14:05'),
	(64, 15, 180, 1, 0, 1, NULL, NULL, 1, 10, '2022-11-29 15:57:07', 10, '2022-11-29 15:57:07'),
	(65, 15, 10, 0, 0, 1, NULL, NULL, 1, 10, '2022-11-29 15:57:07', 10, '2022-11-29 15:57:07'),
	(66, 15, 169, 0, 0, 1, NULL, NULL, 1, 10, '2022-11-29 15:57:07', 10, '2022-11-29 15:57:07'),
	(67, 15, 222, 0, 0, 1, NULL, NULL, 1, 10, '2022-11-29 15:57:07', 10, '2022-11-29 15:57:07'),
	(68, 15, 0, 0, 4, 1, NULL, NULL, 1, 10, '2022-11-29 15:57:07', NULL, NULL),
	(69, 15, 0, 0, 3, 1, NULL, NULL, 1, 10, '2022-11-29 15:57:07', NULL, NULL),
	(70, 15, 0, 0, 2, 1, NULL, NULL, 1, 10, '2022-11-29 15:57:07', NULL, NULL),
	(71, 15, 0, 0, 7, 1, NULL, NULL, 1, 10, '2022-11-29 15:57:07', 10, '2022-11-29 15:57:07'),
	(72, 15, 0, 0, 9, 1, NULL, NULL, 1, 10, '2022-11-29 15:57:07', 10, '2022-11-29 15:57:07'),
	(73, 15, 0, 0, 6, 1, NULL, NULL, 1, 10, '2022-11-29 15:57:07', 10, '2022-11-29 15:57:07'),
	(74, 16, 180, 1, 0, 1, NULL, NULL, 1, 10, '2022-11-29 16:12:45', 10, '2022-11-29 16:12:45'),
	(75, 16, 10, 0, 0, 1, NULL, NULL, 1, 10, '2022-11-29 16:12:45', 10, '2022-11-29 16:12:45'),
	(76, 16, 169, 0, 0, 0, NULL, NULL, 1, 10, '2022-11-29 16:11:41', 10, '2022-11-29 16:12:45'),
	(77, 16, 222, 0, 0, 0, NULL, NULL, 1, 10, '2022-11-29 16:11:41', 10, '2022-11-29 16:12:45'),
	(78, 16, 0, 0, 4, 1, NULL, NULL, 1, 10, '2022-11-29 16:12:45', 10, '2022-11-29 16:12:45'),
	(79, 16, 0, 0, 3, 0, NULL, NULL, 1, 10, '2022-11-29 16:11:41', 10, '2022-11-29 16:12:45'),
	(80, 16, 0, 0, 2, 0, NULL, NULL, 1, 10, '2022-11-29 16:11:41', 10, '2022-11-29 16:12:45'),
	(81, 16, 0, 0, 7, 0, NULL, NULL, 1, 10, '2022-11-29 16:11:41', 10, '2022-11-29 16:12:45'),
	(82, 16, 0, 0, 9, 0, NULL, NULL, 1, 10, '2022-11-29 16:11:41', 10, '2022-11-29 16:12:45'),
	(83, 16, 0, 0, 6, 1, NULL, NULL, 1, 10, '2022-11-29 16:12:45', 10, '2022-11-29 16:12:45'),
	(84, 17, 68, 1, 0, 1, NULL, NULL, 1, 68, '2022-11-29 22:21:58', 68, '2022-11-29 22:21:58'),
	(85, 17, 0, 0, 10, 1, NULL, NULL, 1, 68, '2022-11-29 22:21:58', 68, '2022-11-29 22:21:58'),
	(86, 18, 222, 1, 0, 0, NULL, NULL, 0, 10, '2022-11-30 00:53:48', 10, '2022-11-30 01:02:38'),
	(87, 18, 0, 0, 9, 0, NULL, NULL, 0, 10, '2022-11-30 00:53:48', 10, '2022-11-30 01:02:38'),
	(88, 18, 222, 1, 0, 1, NULL, NULL, 1, 10, '2022-11-30 01:43:08', 10, '2022-11-30 01:43:08'),
	(89, 18, 0, 0, 9, 1, NULL, NULL, 1, 10, '2022-11-30 01:43:08', 10, '2022-11-30 01:43:08'),
	(90, 19, 222, 1, 0, 0, NULL, NULL, 0, 10, '2022-11-30 11:53:43', 10, '2022-11-30 11:55:35'),
	(91, 19, 0, 0, 3, 0, NULL, NULL, 0, 10, '2022-11-30 11:53:43', 10, '2022-11-30 11:55:35'),
	(92, 19, 0, 0, 6, 0, NULL, NULL, 0, 10, '2022-11-30 11:53:43', 10, '2022-11-30 11:55:35'),
	(93, 19, 222, 1, 0, 1, NULL, NULL, 0, 10, '2022-11-30 12:03:34', 10, '2022-12-03 22:01:39'),
	(94, 19, 0, 0, 3, 1, NULL, NULL, 0, 10, '2022-11-30 12:03:34', 10, '2022-12-03 22:01:39'),
	(95, 19, 0, 0, 6, 1, NULL, NULL, 0, 10, '2022-11-30 12:03:34', 10, '2022-12-03 22:01:39'),
	(96, 20, 19, 1, 0, 1, NULL, NULL, 1, 10, '2022-11-30 15:07:11', 10, '2022-11-30 15:07:11'),
	(97, 20, 10, 0, 0, 1, NULL, NULL, 1, 10, '2022-11-30 15:07:11', 10, '2022-11-30 15:07:11'),
	(98, 20, 169, 0, 0, 1, NULL, NULL, 1, 10, '2022-11-30 15:07:11', 10, '2022-11-30 15:07:11'),
	(99, 20, 222, 0, 0, 0, NULL, NULL, 1, 10, '2022-11-30 15:06:55', 10, '2022-11-30 15:07:11'),
	(100, 20, 147, 0, 0, 1, NULL, NULL, 1, 10, '2022-11-30 15:07:11', 10, '2022-11-30 15:07:11'),
	(101, 20, 0, 0, 17, 1, NULL, NULL, 1, 10, '2022-11-30 15:07:11', 10, '2022-11-30 15:07:11'),
	(102, 20, 0, 0, 12, 1, NULL, NULL, 1, 10, '2022-11-30 15:07:11', 10, '2022-11-30 15:07:11'),
	(103, 20, 0, 0, 4, 1, NULL, NULL, 1, 10, '2022-11-30 15:07:11', 10, '2022-11-30 15:06:55'),
	(104, 20, 0, 0, 3, 1, NULL, NULL, 1, 10, '2022-11-30 15:07:11', NULL, NULL),
	(105, 20, 0, 0, 2, 1, NULL, NULL, 1, 10, '2022-11-30 15:07:11', NULL, NULL),
	(106, 20, 0, 0, 15, 1, NULL, NULL, 1, 10, '2022-11-30 15:07:11', 10, '2022-11-30 15:07:11'),
	(107, 20, 0, 0, 7, 1, NULL, NULL, 1, 10, '2022-11-30 15:07:11', 10, '2022-11-30 15:06:55'),
	(108, 20, 0, 0, 9, 1, NULL, NULL, 1, 10, '2022-11-30 15:07:11', 10, '2022-11-30 15:07:11'),
	(109, 21, 19, 1, 0, 0, NULL, NULL, 1, 10, '2022-11-30 21:22:01', NULL, NULL),
	(110, 21, 10, 0, 0, 0, NULL, NULL, 1, 10, '2022-11-30 21:22:01', NULL, NULL),
	(111, 21, 169, 0, 0, 0, NULL, NULL, 1, 10, '2022-11-30 21:22:01', NULL, NULL),
	(112, 21, 222, 0, 0, 0, NULL, NULL, 1, 10, '2022-11-30 21:22:01', NULL, NULL),
	(113, 21, 147, 0, 0, 0, NULL, NULL, 1, 10, '2022-11-30 21:22:01', NULL, NULL),
	(114, 21, 0, 0, 17, 0, NULL, NULL, 1, 10, '2022-11-30 21:22:01', NULL, NULL),
	(115, 21, 0, 0, 12, 0, NULL, NULL, 1, 10, '2022-11-30 21:22:01', NULL, NULL),
	(116, 21, 0, 0, 4, 0, NULL, NULL, 1, 10, '2022-11-30 21:22:01', NULL, NULL),
	(117, 21, 0, 0, 3, 0, NULL, NULL, 1, 10, '2022-11-30 21:22:01', NULL, NULL),
	(118, 21, 0, 0, 2, 0, NULL, NULL, 1, 10, '2022-11-30 21:22:01', NULL, NULL),
	(119, 21, 0, 0, 15, 0, NULL, NULL, 1, 10, '2022-11-30 21:22:01', NULL, NULL),
	(120, 21, 0, 0, 7, 0, NULL, NULL, 1, 10, '2022-11-30 21:22:01', NULL, NULL),
	(121, 21, 0, 0, 9, 0, NULL, NULL, 1, 10, '2022-11-30 21:22:01', NULL, NULL),
	(122, 22, 10, 1, 0, 1, NULL, NULL, 1, 10, '2022-12-01 10:08:04', 10, '2022-12-01 10:08:04'),
	(123, 22, 222, 0, 0, 1, NULL, NULL, 1, 10, '2022-12-01 10:08:04', 10, '2022-12-01 10:08:04'),
	(124, 22, 0, 0, 12, 1, NULL, NULL, 1, 10, '2022-12-01 10:08:04', 10, '2022-12-01 10:08:04'),
	(125, 22, 0, 0, 3, 1, NULL, NULL, 1, 10, '2022-12-01 10:08:04', 10, '2022-12-01 10:08:04'),
	(126, 23, 10, 1, 0, 1, NULL, NULL, 1, 68, '2022-12-01 10:54:18', 68, '2022-12-01 10:54:18'),
	(127, 23, 222, 0, 0, 1, NULL, NULL, 1, 68, '2022-12-01 10:54:18', 68, '2022-12-01 10:54:18'),
	(128, 23, 0, 0, 3, 1, NULL, NULL, 1, 68, '2022-12-01 10:54:18', 68, '2022-12-01 10:54:18'),
	(129, 23, 0, 0, 7, 1, NULL, NULL, 1, 68, '2022-12-01 10:54:18', 68, '2022-12-01 10:54:18'),
	(130, 24, 10, 1, 0, 1, NULL, NULL, 1, 68, '2022-12-01 10:55:56', 68, '2022-12-01 10:55:56'),
	(131, 24, 222, 0, 0, 1, NULL, NULL, 1, 68, '2022-12-01 10:55:56', 68, '2022-12-01 10:55:56'),
	(132, 24, 0, 0, 3, 1, NULL, NULL, 1, 68, '2022-12-01 10:55:56', 68, '2022-12-01 10:55:56'),
	(133, 24, 0, 0, 2, 1, NULL, NULL, 1, 68, '2022-12-01 10:55:56', 68, '2022-12-01 10:55:56'),
	(134, 25, 10, 1, 0, 1, NULL, NULL, 1, 68, '2022-12-01 10:57:20', 68, '2022-12-01 10:57:20'),
	(135, 25, 222, 0, 0, 1, NULL, NULL, 1, 68, '2022-12-01 10:57:20', 68, '2022-12-01 10:57:20'),
	(136, 25, 0, 0, 3, 1, NULL, NULL, 1, 68, '2022-12-01 10:57:20', 68, '2022-12-01 10:57:20'),
	(137, 25, 0, 0, 9, 1, NULL, NULL, 1, 68, '2022-12-01 10:57:20', 68, '2022-12-01 10:57:20'),
	(138, 26, 10, 1, 0, 1, NULL, NULL, 1, 68, '2022-12-01 10:58:09', 68, '2022-12-01 10:58:09'),
	(139, 26, 222, 0, 0, 1, NULL, NULL, 1, 68, '2022-12-01 10:58:09', 68, '2022-12-01 10:58:09'),
	(140, 26, 0, 0, 3, 1, NULL, NULL, 1, 68, '2022-12-01 10:58:09', 68, '2022-12-01 10:58:09'),
	(141, 26, 0, 0, 2, 1, NULL, NULL, 1, 68, '2022-12-01 10:58:09', 68, '2022-12-01 10:58:09'),
	(142, 27, 10, 1, 0, 1, NULL, NULL, 1, 10, '2022-12-02 07:21:00', 10, '2022-12-02 07:21:00'),
	(143, 27, 224, 0, 0, 1, NULL, NULL, 1, 10, '2022-12-02 07:21:00', 10, '2022-12-02 07:21:00'),
	(144, 27, 222, 0, 0, 1, NULL, NULL, 1, 10, '2022-12-02 07:21:00', 10, '2022-12-02 07:21:00'),
	(145, 27, 0, 0, 3, 1, NULL, NULL, 1, 10, '2022-12-02 07:21:00', 10, '2022-12-02 07:21:00'),
	(146, 27, 0, 0, 2, 1, NULL, NULL, 1, 10, '2022-12-02 07:21:00', 10, '2022-12-02 07:21:00'),
	(147, 28, 224, 1, 0, 1, NULL, NULL, 1, 10, '2022-12-02 07:36:44', 10, '2022-12-02 07:36:44'),
	(148, 28, 222, 0, 0, 1, NULL, NULL, 1, 10, '2022-12-02 07:36:44', 10, '2022-12-02 07:36:44'),
	(149, 28, 0, 0, 3, 1, NULL, NULL, 1, 10, '2022-12-02 07:36:44', 10, '2022-12-02 07:36:44'),
	(150, 28, 0, 0, 2, 1, NULL, NULL, 1, 10, '2022-12-02 07:36:44', 10, '2022-12-02 07:36:44'),
	(151, 19, 222, 1, 0, 1, NULL, NULL, 1, 10, '2022-12-03 22:02:08', 10, '2022-12-03 22:02:08'),
	(152, 19, 0, 0, 3, 1, NULL, NULL, 1, 10, '2022-12-03 22:02:08', 10, '2022-12-03 22:02:08'),
	(153, 19, 0, 0, 6, 1, NULL, NULL, 1, 10, '2022-12-03 22:02:08', 10, '2022-12-03 22:02:08');
/*!40000 ALTER TABLE `meeting_panel` ENABLE KEYS */;

-- Dumping structure for table staging_epro_kuarters_johor.migrations
CREATE TABLE IF NOT EXISTS `migrations` (
  `id` int(10) unsigned NOT NULL AUTO_INCREMENT,
  `migration` varchar(255) COLLATE utf8mb4_unicode_ci NOT NULL,
  `batch` int(11) NOT NULL,
  PRIMARY KEY (`id`)
) ENGINE=InnoDB AUTO_INCREMENT=2 DEFAULT CHARSET=utf8mb4 COLLATE=utf8mb4_unicode_ci;

-- Dumping data for table staging_epro_kuarters_johor.migrations: ~1 rows (approximately)
/*!40000 ALTER TABLE `migrations` DISABLE KEYS */;
INSERT INTO `migrations` (`id`, `migration`, `batch`) VALUES
	(1, '2022_06_30_064302_create_notifications_table', 1);
/*!40000 ALTER TABLE `migrations` ENABLE KEYS */;

-- Dumping structure for table staging_epro_kuarters_johor.notifications
CREATE TABLE IF NOT EXISTS `notifications` (
  `id` char(36) COLLATE utf8mb4_unicode_ci NOT NULL,
  `type` varchar(255) COLLATE utf8mb4_unicode_ci NOT NULL,
  `notifiable_type` varchar(255) COLLATE utf8mb4_unicode_ci NOT NULL,
  `notifiable_id` bigint(20) unsigned NOT NULL,
  `data` text COLLATE utf8mb4_unicode_ci NOT NULL,
  `read_at` timestamp NULL DEFAULT NULL,
  `created_at` timestamp NULL DEFAULT NULL,
  `updated_at` timestamp NULL DEFAULT NULL,
  PRIMARY KEY (`id`),
  KEY `notifications_notifiable_type_notifiable_id_index` (`notifiable_type`(191),`notifiable_id`)
) ENGINE=InnoDB DEFAULT CHARSET=utf8mb4 COLLATE=utf8mb4_unicode_ci;

-- Dumping data for table staging_epro_kuarters_johor.notifications: ~86 rows (approximately)
/*!40000 ALTER TABLE `notifications` DISABLE KEYS */;
INSERT INTO `notifications` (`id`, `type`, `notifiable_type`, `notifiable_id`, `data`, `read_at`, `created_at`, `updated_at`) VALUES
	('06289577-93c7-4ab3-9e85-c0e1a324385d', 'App\\Notifications\\ApplicationStatusChangeNotification', 'App\\Models\\User', 203, '{"title":"Permohonan perlu di SEMAK","body":"Permohonan NOORDIANA BINTI ABDUL LATIFF telah di SEMAK oleh admin1","action":"Permohonan NOORDIANA BINTI ABDUL LATIFF telah di SEMAK oleh admin1","url":"http:\\/\\/staging.quarts.johor.rntechnologies.com.my\\/KelulusanPermohonan\\/Papar?id=10","flag_system":1}', NULL, '2022-11-29 12:33:27', '2022-11-29 12:33:27'),
	('08f2976a-461e-4fd5-b36d-98a96703701f', 'App\\Notifications\\ApplicationStatusChangeNotification', 'App\\Models\\User', 217, '{"title":"Permohonan perlu di PEMARKAHAN PERMOHONAN","body":"Permohonan AHMAD THAQIF BIN MOHD KHALID telah di PEMARKAHAN PERMOHONAN oleh admin1","action":"Permohonan AHMAD THAQIF BIN MOHD KHALID telah di PEMARKAHAN PERMOHONAN oleh admin1","url":"http:\\/\\/staging.quarts.johor.rntechnologies.com.my\\/SemakanPermohonan\\/Semakan\\/18","flag_system":1}', NULL, '2022-11-30 12:52:44', '2022-11-30 12:52:44'),
	('0c4c35b8-f156-4412-8c5a-2773b6d9ade3', 'App\\Notifications\\ApplicationStatusChangeNotification', 'App\\Models\\User', 173, '{"title":"Permohonan perlu di SEMAK","body":"Permohonan AIDIL AZAHAR BIN KHIRUL ROFIZI telah di SEMAK oleh admin1","action":"Permohonan AIDIL AZAHAR BIN KHIRUL ROFIZI telah di SEMAK oleh admin1","url":"http:\\/\\/staging.quarts.johor.rntechnologies.com.my\\/KelulusanPermohonan\\/Papar?id=26","flag_system":1}', NULL, '2022-12-01 10:02:19', '2022-12-01 10:02:19'),
	('0e226cfe-947b-4ee7-ba57-c562f6bcea7e', 'App\\Notifications\\ApplicationStatusChangeNotification', 'App\\Models\\User', 217, '{"title":"Permohonan perlu di PEMARKAHAN PERMOHONAN","body":"Permohonan MOHD ARIFF BIN MOHD SAMANI telah di PEMARKAHAN PERMOHONAN oleh admin1","action":"Permohonan MOHD ARIFF BIN MOHD SAMANI telah di PEMARKAHAN PERMOHONAN oleh admin1","url":"http:\\/\\/staging.quarts.johor.rntechnologies.com.my\\/SemakanPermohonan\\/Semakan\\/9","flag_system":1}', NULL, '2022-11-29 12:26:17', '2022-11-29 12:26:17'),
	('0eb4b03d-89f1-42af-afd3-3a67c3c08d53', 'App\\Notifications\\ApplicationStatusChangeNotification', 'App\\Models\\User', 274, '{"title":"Permohonan perlu di PEMARKAHAN PERMOHONAN","body":"Permohonan NUR FATIN BINTI JASMIN telah di PEMARKAHAN PERMOHONAN oleh NUR FATIN BINTI JASMIN","action":"Permohonan NUR FATIN BINTI JASMIN telah di PEMARKAHAN PERMOHONAN oleh NUR FATIN BINTI JASMIN","url":"http:\\/\\/staging.quarts.johor.rntechnologies.com.my\\/SemakanPermohonan\\/Semakan\\/19","flag_system":1}', NULL, '2022-11-30 13:02:44', '2022-11-30 13:02:44'),
	('0f4121cd-71bc-467d-a36a-228f7839a07e', 'App\\Notifications\\ApplicationStatusChangeNotification', 'App\\Models\\User', 190, '{"title":"Permohonan perlu di PEMARKAHAN PERMOHONAN","body":"Permohonan NUR ELIESYA SOFIA BINTI SHAHRUL telah di PEMARKAHAN PERMOHONAN oleh admin1","action":"Permohonan NUR ELIESYA SOFIA BINTI SHAHRUL telah di PEMARKAHAN PERMOHONAN oleh admin1","url":"http:\\/\\/staging.quarts.johor.rntechnologies.com.my\\/SemakanPermohonan\\/Semakan\\/37","flag_system":1}', NULL, '2022-12-03 21:45:45', '2022-12-03 21:45:45'),
	('0fa0b4b0-b3de-4f72-a4e7-32f6b9f7dba9', 'App\\Notifications\\ApplicationStatusChangeNotification', 'App\\Models\\User', 217, '{"title":"Permohonan perlu di PEMARKAHAN PERMOHONAN","body":"Permohonan NAZIFA ASYIQIN BINTI KHAIRUL AZHAR telah di PEMARKAHAN PERMOHONAN oleh SOLIHIN BIN SUHAIMI","action":"Permohonan NAZIFA ASYIQIN BINTI KHAIRUL AZHAR telah di PEMARKAHAN PERMOHONAN oleh SOLIHIN BIN SUHAIMI","url":"http:\\/\\/staging.quarts.johor.rntechnologies.com.my\\/SemakanPermohonan\\/Semakan\\/26","flag_system":1}', NULL, '2022-11-25 18:33:58', '2022-11-25 18:33:58'),
	('17403553-037b-4335-b7f1-d5e6baa7ed4f', 'App\\Notifications\\ApplicationStatusChangeNotification', 'App\\Models\\User', 203, '{"title":"Permohonan perlu di SEMAK","body":"Permohonan FARAH BATRISYIA BINTI MUZREE  telah di SEMAK oleh admin1","action":"Permohonan FARAH BATRISYIA BINTI MUZREE  telah di SEMAK oleh admin1","url":"http:\\/\\/staging.quarts.johor.rntechnologies.com.my\\/KelulusanPermohonan\\/Papar?id=24","flag_system":1}', NULL, '2022-11-25 18:13:54', '2022-11-25 18:13:54'),
	('1da5d2ea-9a68-4541-9a4d-ffa41afa57b4', 'App\\Notifications\\ApplicationStatusChangeNotification', 'App\\Models\\User', 203, '{"title":"Permohonan perlu di SEMAK","body":"Permohonan HANIN SOFYA BINTI ZAINUNDIN telah di SEMAK oleh admin1","action":"Permohonan HANIN SOFYA BINTI ZAINUNDIN telah di SEMAK oleh admin1","url":"http:\\/\\/staging.quarts.johor.rntechnologies.com.my\\/KelulusanPermohonan\\/Papar?id=29","flag_system":1}', NULL, '2022-11-29 08:46:30', '2022-11-29 08:46:30'),
	('21598a57-ed47-45b0-8ced-0d96e36a0d94', 'App\\Notifications\\ApplicationStatusChangeNotification', 'App\\Models\\User', 217, '{"title":"Permohonan perlu di PEMARKAHAN PERMOHONAN","body":"Permohonan AIDIL AZAHAR BIN KHIRUL ROFIZI telah di PEMARKAHAN PERMOHONAN oleh admin1","action":"Permohonan AIDIL AZAHAR BIN KHIRUL ROFIZI telah di PEMARKAHAN PERMOHONAN oleh admin1","url":"http:\\/\\/staging.quarts.johor.rntechnologies.com.my\\/SemakanPermohonan\\/Semakan\\/35","flag_system":1}', NULL, '2022-11-28 23:15:42', '2022-11-28 23:15:42'),
	('21d9c0a7-1b3e-4c21-a5a9-e63e96575b08', 'App\\Notifications\\ApplicationStatusChangeNotification', 'App\\Models\\User', 210, '{"title":"Permohonan perlu di SEMAK","body":"Permohonan NUR ELIESYA SOFIA BINTI SHAHRUL telah di SEMAK oleh admin1","action":"Permohonan NUR ELIESYA SOFIA BINTI SHAHRUL telah di SEMAK oleh admin1","url":"http:\\/\\/staging.quarts.johor.rntechnologies.com.my\\/KelulusanPermohonan\\/Papar?id=37","flag_system":1}', NULL, '2022-12-03 21:46:41', '2022-12-03 21:46:41'),
	('236917f7-d492-48a5-a8d8-3ce261250660', 'App\\Notifications\\ApplicationStatusChangeNotification', 'App\\Models\\User', 210, '{"title":"Permohonan perlu di PEMARKAHAN PERMOHONAN","body":"Permohonan MOHAMAD NAQIB HAZIM BIN ABDULLAH telah di PEMARKAHAN PERMOHONAN oleh admin1","action":"Permohonan MOHAMAD NAQIB HAZIM BIN ABDULLAH telah di PEMARKAHAN PERMOHONAN oleh admin1","url":"http:\\/\\/staging.quarts.johor.rntechnologies.com.my\\/SemakanPermohonan\\/Semakan\\/22","flag_system":1}', NULL, '2022-12-01 11:30:13', '2022-12-01 11:30:13'),
	('24a42a8c-f9d0-4fd3-a566-f93f2c7b6273', 'App\\Notifications\\ApplicationStatusChangeNotification', 'App\\Models\\User', 210, '{"title":"Permohonan perlu di PEMARKAHAN PERMOHONAN","body":"Permohonan NUR DINI HUSNA NINTI MOHD SHUKRI telah di PEMARKAHAN PERMOHONAN oleh SOLIHIN BIN SUHAIMI","action":"Permohonan NUR DINI HUSNA NINTI MOHD SHUKRI telah di PEMARKAHAN PERMOHONAN oleh SOLIHIN BIN SUHAIMI","url":"http:\\/\\/staging.quarts.johor.rntechnologies.com.my\\/SemakanPermohonan\\/Semakan\\/23","flag_system":1}', NULL, '2022-11-25 13:58:36', '2022-11-25 13:58:36'),
	('24ab6770-f724-47cf-9711-a5315e0c8545', 'App\\Notifications\\ApplicationStatusChangeNotification', 'App\\Models\\User', 210, '{"title":"Permohonan perlu di PEMARKAHAN PERMOHONAN","body":"Permohonan FARAH BATRISYIA BINTI MUZREE  telah di PEMARKAHAN PERMOHONAN oleh SOLIHIN BIN SUHAIMI","action":"Permohonan FARAH BATRISYIA BINTI MUZREE  telah di PEMARKAHAN PERMOHONAN oleh SOLIHIN BIN SUHAIMI","url":"http:\\/\\/staging.quarts.johor.rntechnologies.com.my\\/SemakanPermohonan\\/Semakan\\/25","flag_system":1}', NULL, '2022-11-28 22:10:27', '2022-11-28 22:10:27'),
	('2e05d9c4-3b5a-4127-b0db-0a67addb7744', 'App\\Notifications\\ApplicationStatusChangeNotification', 'App\\Models\\User', 173, '{"title":"Permohonan perlu di SEMAK","body":"Permohonan AHMAD THAQIF BIN MOHD KHALID telah di SEMAK oleh SOLIHIN BIN SUHAIMI","action":"Permohonan AHMAD THAQIF BIN MOHD KHALID telah di SEMAK oleh SOLIHIN BIN SUHAIMI","url":"http:\\/\\/staging.quarts.johor.rntechnologies.com.my\\/KelulusanPermohonan\\/Papar?id=31","flag_system":1}', NULL, '2022-11-27 19:19:36', '2022-11-27 19:19:36'),
	('2f3c3ff6-02dc-42ba-98e8-07919f096841', 'App\\Notifications\\ApplicationStatusChangeNotification', 'App\\Models\\User', 68, '{"title":"Permohonan perlu di SEMAK","body":"Permohonan AHMAD DANIEL BIN SHAIRI telah di SEMAK oleh AHMAD DANIEL BIN SHAIRI","action":"Permohonan AHMAD DANIEL BIN SHAIRI telah di SEMAK oleh AHMAD DANIEL BIN SHAIRI","url":"http:\\/\\/staging.quarts.johor.rntechnologies.com.my\\/KelulusanPermohonan\\/Papar?id=15","flag_system":1}', NULL, '2022-11-29 22:13:19', '2022-11-29 22:13:19'),
	('31daab83-ff13-4bea-80b6-4e143d96f622', 'App\\Notifications\\ApplicationStatusChangeNotification', 'App\\Models\\User', 190, '{"title":"Permohonan perlu di PEMARKAHAN PERMOHONAN","body":"Permohonan DANISH SHAHMI BIN ARIF ANUAR telah di PEMARKAHAN PERMOHONAN oleh admin1","action":"Permohonan DANISH SHAHMI BIN ARIF ANUAR telah di PEMARKAHAN PERMOHONAN oleh admin1","url":"http:\\/\\/staging.quarts.johor.rntechnologies.com.my\\/SemakanPermohonan\\/Semakan\\/30","flag_system":1}', NULL, '2022-12-02 07:28:18', '2022-12-02 07:28:18'),
	('352aab11-d76b-4ed7-a381-c969516b4f62', 'App\\Notifications\\ApplicationStatusChangeNotification', 'App\\Models\\User', 210, '{"title":"Permohonan perlu di PEMARKAHAN PERMOHONAN","body":"Permohonan AHMAD ASYRAF B MOHAMAD FAIRUZ telah di PEMARKAHAN PERMOHONAN oleh admin1","action":"Permohonan AHMAD ASYRAF B MOHAMAD FAIRUZ telah di PEMARKAHAN PERMOHONAN oleh admin1","url":"http:\\/\\/staging.quarts.johor.rntechnologies.com.my\\/SemakanPermohonan\\/Semakan\\/17","flag_system":1}', NULL, '2022-11-30 11:20:26', '2022-11-30 11:20:26'),
	('363dd7d6-d825-4520-8977-3d5d35324caf', 'App\\Notifications\\ApplicationStatusChangeNotification', 'App\\Models\\User', 203, '{"title":"Permohonan perlu di SEMAK","body":"Permohonan MOHD ARIFF BIN MOHD SAMANI telah di SEMAK oleh admin1","action":"Permohonan MOHD ARIFF BIN MOHD SAMANI telah di SEMAK oleh admin1","url":"http:\\/\\/staging.quarts.johor.rntechnologies.com.my\\/KelulusanPermohonan\\/Papar?id=9","flag_system":1}', NULL, '2022-11-29 12:28:32', '2022-11-29 12:28:32'),
	('38482d6a-fe89-4df8-81cd-97e15ca56376', 'App\\Notifications\\ApplicationStatusChangeNotification', 'App\\Models\\User', 210, '{"title":"Permohonan perlu di SEMAK","body":"Permohonan AIDIL AZAHAR BIN KHIRUL ROFIZI telah di SEMAK oleh admin1","action":"Permohonan AIDIL AZAHAR BIN KHIRUL ROFIZI telah di SEMAK oleh admin1","url":"http:\\/\\/staging.quarts.johor.rntechnologies.com.my\\/KelulusanPermohonan\\/Papar?id=33","flag_system":1}', NULL, '2022-12-03 22:48:48', '2022-12-03 22:48:48'),
	('3a264abc-9c74-47f9-98c9-8fb709a0cb62', 'App\\Notifications\\ApplicationStatusChangeNotification', 'App\\Models\\User', 173, '{"title":"Permohonan perlu di SEMAK","body":"Permohonan AFFIQ DANIEL BIN SUBANI telah di SEMAK oleh SOLIHIN BIN SUHAIMI","action":"Permohonan AFFIQ DANIEL BIN SUBANI telah di SEMAK oleh SOLIHIN BIN SUHAIMI","url":"http:\\/\\/staging.quarts.johor.rntechnologies.com.my\\/KelulusanPermohonan\\/Papar?id=22","flag_system":1}', NULL, '2022-11-25 13:06:42', '2022-11-25 13:06:42'),
	('464c79d7-fad7-43aa-8909-4c0e65ad482e', 'App\\Notifications\\ApplicationStatusChangeNotification', 'App\\Models\\User', 210, '{"title":"Permohonan perlu di SEMAK","body":"Permohonan RIFAI HAIKAL BIN RUKMAN telah di SEMAK oleh admin1","action":"Permohonan RIFAI HAIKAL BIN RUKMAN telah di SEMAK oleh admin1","url":"http:\\/\\/staging.quarts.johor.rntechnologies.com.my\\/KelulusanPermohonan\\/Papar?id=11","flag_system":1}', NULL, '2022-11-29 14:59:07', '2022-11-29 14:59:07'),
	('4c0bec5b-4aec-4313-a63a-201df60cadec', 'App\\Notifications\\ApplicationStatusChangeNotification', 'App\\Models\\User', 210, '{"title":"Permohonan perlu di SEMAK","body":"Permohonan AIDIL AZAHAR BIN KHIRUL ROFIZI telah di SEMAK oleh admin1","action":"Permohonan AIDIL AZAHAR BIN KHIRUL ROFIZI telah di SEMAK oleh admin1","url":"http:\\/\\/staging.quarts.johor.rntechnologies.com.my\\/KelulusanPermohonan\\/Papar?id=35","flag_system":1}', NULL, '2022-11-28 23:21:16', '2022-11-28 23:21:16'),
	('4cdce78b-6f76-4968-a03c-70f03b02e19b', 'App\\Notifications\\ApplicationStatusChangeNotification', 'App\\Models\\User', 210, '{"title":"Permohonan perlu di PEMARKAHAN PERMOHONAN","body":"Permohonan NAZIFA ASYIQIN BINTI KHAIRUL AZHAR telah di PEMARKAHAN PERMOHONAN oleh admin1","action":"Permohonan NAZIFA ASYIQIN BINTI KHAIRUL AZHAR telah di PEMARKAHAN PERMOHONAN oleh admin1","url":"http:\\/\\/staging.quarts.johor.rntechnologies.com.my\\/SemakanPermohonan\\/Semakan\\/38","flag_system":1}', NULL, '2022-11-29 09:58:19', '2022-11-29 09:58:19'),
	('4df5b22b-5447-4340-8c03-528050da71d6', 'App\\Notifications\\ApplicationStatusChangeNotification', 'App\\Models\\User', 173, '{"title":"Permohonan perlu di TOLAK","body":"Permohonan NAZIFA ASYIQIN BINTI KHAIRUL AZHAR telah di TOLAK oleh SOLIHIN BIN SUHAIMI","action":"Permohonan NAZIFA ASYIQIN BINTI KHAIRUL AZHAR telah di TOLAK oleh SOLIHIN BIN SUHAIMI","url":"http:\\/\\/staging.quarts.johor.rntechnologies.com.my\\/KelulusanPermohonan\\/Papar?id=26","flag_system":1}', NULL, '2022-11-25 18:35:41', '2022-11-25 18:35:41'),
	('50e05a2d-5c72-422f-9716-7dccfaf84acc', 'App\\Notifications\\ApplicationStatusChangeNotification', 'App\\Models\\User', 173, '{"title":"Permohonan perlu di SEMAK","body":"Permohonan AHMAD ASYRAF B MOHAMAD FAIRUZ telah di SEMAK oleh SOLIHIN BIN SUHAIMI","action":"Permohonan AHMAD ASYRAF B MOHAMAD FAIRUZ telah di SEMAK oleh SOLIHIN BIN SUHAIMI","url":"http:\\/\\/staging.quarts.johor.rntechnologies.com.my\\/KelulusanPermohonan\\/Papar?id=33","flag_system":1}', NULL, '2022-11-28 21:52:41', '2022-11-28 21:52:41'),
	('52f91e13-099c-4210-9cab-465a6a4c4295', 'App\\Notifications\\ApplicationStatusChangeNotification', 'App\\Models\\User', 210, '{"title":"Permohonan perlu di PEMARKAHAN PERMOHONAN","body":"Permohonan SOLIHIN BIN SUHAIMI telah di PEMARKAHAN PERMOHONAN oleh admin1","action":"Permohonan SOLIHIN BIN SUHAIMI telah di PEMARKAHAN PERMOHONAN oleh admin1","url":"http:\\/\\/staging.quarts.johor.rntechnologies.com.my\\/SemakanPermohonan\\/Semakan\\/24","flag_system":1}', NULL, '2022-12-01 09:50:31', '2022-12-01 09:50:31'),
	('59d5c0b1-fe7b-44a8-8b76-f8af984c69ef', 'App\\Notifications\\ApplicationStatusChangeNotification', 'App\\Models\\User', 210, '{"title":"Permohonan perlu di SEMAK","body":"Permohonan SOLIHIN BIN SUHAIMI telah di SEMAK oleh admin1","action":"Permohonan SOLIHIN BIN SUHAIMI telah di SEMAK oleh admin1","url":"http:\\/\\/staging.quarts.johor.rntechnologies.com.my\\/KelulusanPermohonan\\/Papar?id=24","flag_system":1}', NULL, '2022-12-01 09:51:33', '2022-12-01 09:51:33'),
	('5d600d6f-fee5-40fe-9af8-d9e46a8138fe', 'App\\Notifications\\ApplicationStatusChangeNotification', 'App\\Models\\User', 217, '{"title":"Permohonan perlu di PEMARKAHAN PERMOHONAN","body":"Permohonan NORIZAH TAMBUNAN BINTI NORDIN telah di PEMARKAHAN PERMOHONAN oleh admin1","action":"Permohonan NORIZAH TAMBUNAN BINTI NORDIN telah di PEMARKAHAN PERMOHONAN oleh admin1","url":"http:\\/\\/staging.quarts.johor.rntechnologies.com.my\\/SemakanPermohonan\\/Semakan\\/20","flag_system":1}', NULL, '2022-11-30 12:52:46', '2022-11-30 12:52:46'),
	('5d932efc-967c-4c3d-86f5-a07a1db37ccb', 'App\\Notifications\\ApplicationStatusChangeNotification', 'App\\Models\\User', 217, '{"title":"Permohonan perlu di PEMARKAHAN PERMOHONAN","body":"Permohonan MOHD ARIFF BIN MOHD SAMANI telah di PEMARKAHAN PERMOHONAN oleh admin1","action":"Permohonan MOHD ARIFF BIN MOHD SAMANI telah di PEMARKAHAN PERMOHONAN oleh admin1","url":"http:\\/\\/staging.quarts.johor.rntechnologies.com.my\\/SemakanPermohonan\\/Semakan\\/14","flag_system":1}', NULL, '2022-11-29 16:09:44', '2022-11-29 16:09:44'),
	('625b0b1d-c472-466f-a103-6549f12d1b71', 'App\\Notifications\\ApplicationStatusChangeNotification', 'App\\Models\\User', 203, '{"title":"Permohonan perlu di SEMAK","body":"Permohonan AHMAD THAQIF BIN MOHD KHALID telah di SEMAK oleh admin1","action":"Permohonan AHMAD THAQIF BIN MOHD KHALID telah di SEMAK oleh admin1","url":"http:\\/\\/staging.quarts.johor.rntechnologies.com.my\\/KelulusanPermohonan\\/Papar?id=18","flag_system":1}', NULL, '2022-11-30 12:55:49', '2022-11-30 12:55:49'),
	('637224b5-e022-4f67-8480-00c2dbd415f9', 'App\\Notifications\\ApplicationStatusChangeNotification', 'App\\Models\\User', 203, '{"title":"Permohonan perlu di SEMAK","body":"Permohonan ANAS BIN ABDUL HAFIZ telah di SEMAK oleh admin1","action":"Permohonan ANAS BIN ABDUL HAFIZ telah di SEMAK oleh admin1","url":"http:\\/\\/staging.quarts.johor.rntechnologies.com.my\\/KelulusanPermohonan\\/Papar?id=29","flag_system":1}', NULL, '2022-12-01 10:20:48', '2022-12-01 10:20:48'),
	('65d7cef0-2378-4166-884e-5ad5d04579bf', 'App\\Notifications\\ApplicationStatusChangeNotification', 'App\\Models\\User', 173, '{"title":"Permohonan perlu di SEMAK","body":"Permohonan FARAH BATRISYIA BINTI MUZREE  telah di SEMAK oleh SOLIHIN BIN SUHAIMI","action":"Permohonan FARAH BATRISYIA BINTI MUZREE  telah di SEMAK oleh SOLIHIN BIN SUHAIMI","url":"http:\\/\\/staging.quarts.johor.rntechnologies.com.my\\/KelulusanPermohonan\\/Papar?id=25","flag_system":1}', NULL, '2022-11-28 22:11:07', '2022-11-28 22:11:07'),
	('6c3dad9b-ec24-483c-81df-5aec95955854', 'App\\Notifications\\ApplicationStatusChangeNotification', 'App\\Models\\User', 68, '{"title":"Permohonan perlu di SEMAK","body":"Permohonan AHMAD DANIEL BIN SHAIRI telah di SEMAK oleh AHMAD DANIEL BIN SHAIRI","action":"Permohonan AHMAD DANIEL BIN SHAIRI telah di SEMAK oleh AHMAD DANIEL BIN SHAIRI","url":"http:\\/\\/staging.quarts.johor.rntechnologies.com.my\\/KelulusanPermohonan\\/Papar?id=15","flag_system":1}', NULL, '2022-11-29 22:13:19', '2022-11-29 22:13:19'),
	('6cb07b51-dc07-4102-832e-45334869a555', 'App\\Notifications\\ApplicationStatusChangeNotification', 'App\\Models\\User', 217, '{"title":"Permohonan perlu di PEMARKAHAN PERMOHONAN","body":"Permohonan NOORDIANA BINTI ABDUL LATIFF telah di PEMARKAHAN PERMOHONAN oleh admin1","action":"Permohonan NOORDIANA BINTI ABDUL LATIFF telah di PEMARKAHAN PERMOHONAN oleh admin1","url":"http:\\/\\/staging.quarts.johor.rntechnologies.com.my\\/SemakanPermohonan\\/Semakan\\/10","flag_system":1}', NULL, '2022-11-29 12:33:07', '2022-11-29 12:33:07'),
	('6d357d02-df84-40aa-9dd7-0e15162855cd', 'App\\Notifications\\ApplicationStatusChangeNotification', 'App\\Models\\User', 135, '{"title":"Permohonan perlu di SEMAK","body":"Permohonan NURUL AISHAH BINTI RUSLI telah di SEMAK oleh admin1","action":"Permohonan NURUL AISHAH BINTI RUSLI telah di SEMAK oleh admin1","url":"http:\\/\\/staging.quarts.johor.rntechnologies.com.my\\/KelulusanPermohonan\\/Papar?id=25","flag_system":1}', NULL, '2022-12-01 09:51:48', '2022-12-01 09:51:48'),
	('70ae5d51-ca49-46e3-abbf-d2e0715da87e', 'App\\Notifications\\ApplicationStatusChangeNotification', 'App\\Models\\User', 210, '{"title":"Permohonan perlu di PEMARKAHAN PERMOHONAN","body":"Permohonan RIFAI HAIKAL BIN RUKMAN telah di PEMARKAHAN PERMOHONAN oleh admin1","action":"Permohonan RIFAI HAIKAL BIN RUKMAN telah di PEMARKAHAN PERMOHONAN oleh admin1","url":"http:\\/\\/staging.quarts.johor.rntechnologies.com.my\\/SemakanPermohonan\\/Semakan\\/32","flag_system":1}', NULL, '2022-11-28 12:38:43', '2022-11-28 12:38:43'),
	('72703179-0c43-4cf5-8fd2-6fa719096266', 'App\\Notifications\\ApplicationStatusChangeNotification', 'App\\Models\\User', 210, '{"title":"Permohonan perlu di PEMARKAHAN PERMOHONAN","body":"Permohonan NUR ELIESYA SOFIA BINTI SHAHRUL telah di PEMARKAHAN PERMOHONAN oleh admin1","action":"Permohonan NUR ELIESYA SOFIA BINTI SHAHRUL telah di PEMARKAHAN PERMOHONAN oleh admin1","url":"http:\\/\\/staging.quarts.johor.rntechnologies.com.my\\/SemakanPermohonan\\/Semakan\\/36","flag_system":1}', NULL, '2022-11-29 07:29:11', '2022-11-29 07:29:11'),
	('7339c27c-a19f-4202-9d67-7c25cdb5a997', 'App\\Notifications\\ApplicationStatusChangeNotification', 'App\\Models\\User', 203, '{"title":"Permohonan perlu di SEMAK","body":"Permohonan MOHAMED FAIZAL BIN ABDUL ANSAR telah di SEMAK oleh admin1","action":"Permohonan MOHAMED FAIZAL BIN ABDUL ANSAR telah di SEMAK oleh admin1","url":"http:\\/\\/staging.quarts.johor.rntechnologies.com.my\\/KelulusanPermohonan\\/Papar?id=34","flag_system":1}', NULL, '2022-11-28 23:20:59', '2022-11-28 23:20:59'),
	('7baabe4f-8ae0-47e9-8db7-9eab1a3324fd', 'App\\Notifications\\ApplicationStatusChangeNotification', 'App\\Models\\User', 173, '{"title":"Permohonan perlu di SEMAK","body":"Permohonan NUR ELIESYA SOFIA BINTI SHAHRUL telah di SEMAK oleh SOLIHIN BIN SUHAIMI","action":"Permohonan NUR ELIESYA SOFIA BINTI SHAHRUL telah di SEMAK oleh SOLIHIN BIN SUHAIMI","url":"http:\\/\\/staging.quarts.johor.rntechnologies.com.my\\/KelulusanPermohonan\\/Papar?id=21","flag_system":1}', NULL, '2022-11-25 13:06:17', '2022-11-25 13:06:17'),
	('7bd771ab-b24d-4531-9605-46b6966b77c3', 'App\\Notifications\\ApplicationStatusChangeNotification', 'App\\Models\\User', 217, '{"title":"Permohonan perlu di PEMARKAHAN PERMOHONAN","body":"Permohonan FARAH BATRISYIA BINTI MUZREE  telah di PEMARKAHAN PERMOHONAN oleh NORITA BINTI HARON","action":"Permohonan FARAH BATRISYIA BINTI MUZREE  telah di PEMARKAHAN PERMOHONAN oleh NORITA BINTI HARON","url":"http:\\/\\/staging.quarts.johor.rntechnologies.com.my\\/SemakanPermohonan\\/Semakan\\/21","flag_system":1}', NULL, '2022-11-30 12:52:49', '2022-11-30 12:52:49'),
	('80eb5eeb-2079-48c9-966d-036b5daa17f7', 'App\\Notifications\\ApplicationStatusChangeNotification', 'App\\Models\\User', 274, '{"title":"Permohonan perlu di PEMARKAHAN PERMOHONAN","body":"Permohonan ASMAH BINTI GHANI telah di PEMARKAHAN PERMOHONAN oleh NUR FATIN BINTI JASMIN","action":"Permohonan ASMAH BINTI GHANI telah di PEMARKAHAN PERMOHONAN oleh NUR FATIN BINTI JASMIN","url":"http:\\/\\/staging.quarts.johor.rntechnologies.com.my\\/SemakanPermohonan\\/Semakan\\/23","flag_system":1}', NULL, '2022-11-30 15:17:03', '2022-11-30 15:17:03'),
	('83794b51-4c5d-432c-91d3-93b8ff00cd93', 'App\\Notifications\\ApplicationStatusChangeNotification', 'App\\Models\\User', 173, '{"title":"Permohonan perlu di SEMAK","body":"Permohonan HANIN SOFYA BINTI ZAINUNDIN telah di SEMAK oleh admin1","action":"Permohonan HANIN SOFYA BINTI ZAINUNDIN telah di SEMAK oleh admin1","url":"http:\\/\\/staging.quarts.johor.rntechnologies.com.my\\/KelulusanPermohonan\\/Papar?id=12","flag_system":1}', NULL, '2022-12-02 07:15:18', '2022-12-02 07:15:18'),
	('83c7c777-ba65-4d2d-bd9f-532d11e62a54', 'App\\Notifications\\ApplicationStatusChangeNotification', 'App\\Models\\User', 68, '{"title":"Permohonan perlu di PEMARKAHAN PERMOHONAN","body":"Permohonan AHMAD DANIEL BIN SHAIRI telah di PEMARKAHAN PERMOHONAN oleh AHMAD DANIEL BIN SHAIRI","action":"Permohonan AHMAD DANIEL BIN SHAIRI telah di PEMARKAHAN PERMOHONAN oleh AHMAD DANIEL BIN SHAIRI","url":"http:\\/\\/staging.quarts.johor.rntechnologies.com.my\\/SemakanPermohonan\\/Semakan\\/15","flag_system":1}', NULL, '2022-11-29 22:12:58', '2022-11-29 22:12:58'),
	('867e4f9e-f7c9-4405-b029-a6ec4ead83d3', 'App\\Notifications\\ApplicationStatusChangeNotification', 'App\\Models\\User', 210, '{"title":"Permohonan perlu di SEMAK","body":"Permohonan RIFAI HAIKAL BIN RUKMAN telah di SEMAK oleh admin1","action":"Permohonan RIFAI HAIKAL BIN RUKMAN telah di SEMAK oleh admin1","url":"http:\\/\\/staging.quarts.johor.rntechnologies.com.my\\/KelulusanPermohonan\\/Papar?id=32","flag_system":1}', NULL, '2022-11-28 12:39:27', '2022-11-28 12:39:27'),
	('898037c3-5507-42c8-9912-1963305798c3', 'App\\Notifications\\ApplicationStatusChangeNotification', 'App\\Models\\User', 210, '{"title":"Permohonan perlu di PEMARKAHAN PERMOHONAN","body":"Permohonan AFFIQ DANIEL BIN SUBANI telah di PEMARKAHAN PERMOHONAN oleh SOLIHIN BIN SUHAIMI","action":"Permohonan AFFIQ DANIEL BIN SUBANI telah di PEMARKAHAN PERMOHONAN oleh SOLIHIN BIN SUHAIMI","url":"http:\\/\\/staging.quarts.johor.rntechnologies.com.my\\/SemakanPermohonan\\/Semakan\\/22","flag_system":1}', NULL, '2022-11-25 13:05:24', '2022-11-25 13:05:24'),
	('9159d629-0c95-4751-aa85-fb7e2ac5c827', 'App\\Notifications\\ApplicationStatusChangeNotification', 'App\\Models\\User', 210, '{"title":"Permohonan perlu di SEMAK","body":"Permohonan NUR ELIESYA SOFIA BINTI SHAHRUL telah di SEMAK oleh admin1","action":"Permohonan NUR ELIESYA SOFIA BINTI SHAHRUL telah di SEMAK oleh admin1","url":"http:\\/\\/staging.quarts.johor.rntechnologies.com.my\\/KelulusanPermohonan\\/Papar?id=36","flag_system":1}', NULL, '2022-11-29 07:29:45', '2022-11-29 07:29:45'),
	('923ba91f-07a3-4ff1-9891-983e605e2302', 'App\\Notifications\\ApplicationStatusChangeNotification', 'App\\Models\\User', 203, '{"title":"Permohonan perlu di SEMAK","body":"Permohonan MOHAMAD NAQIB HAZIM BIN ABDULLAH telah di SEMAK oleh admin1","action":"Permohonan MOHAMAD NAQIB HAZIM BIN ABDULLAH telah di SEMAK oleh admin1","url":"http:\\/\\/staging.quarts.johor.rntechnologies.com.my\\/KelulusanPermohonan\\/Papar?id=22","flag_system":1}', NULL, '2022-12-01 11:52:33', '2022-12-01 11:52:33'),
	('93c33fc6-e555-4444-bbfe-072e028c5c48', 'App\\Notifications\\ApplicationStatusChangeNotification', 'App\\Models\\User', 210, '{"title":"Permohonan perlu di SEMAK","body":"Permohonan NUR ELIESYA SOFIA BINTI SHAHRUL telah di SEMAK oleh admin1","action":"Permohonan NUR ELIESYA SOFIA BINTI SHAHRUL telah di SEMAK oleh admin1","url":"http:\\/\\/staging.quarts.johor.rntechnologies.com.my\\/KelulusanPermohonan\\/Papar?id=37","flag_system":1}', NULL, '2022-11-29 09:33:19', '2022-11-29 09:33:19'),
	('9ff4fb17-3d30-4679-bb1c-684f962e4417', 'App\\Notifications\\ApplicationStatusChangeNotification', 'App\\Models\\User', 210, '{"title":"Permohonan perlu di SEMAK","body":"Permohonan HANIN SOFYA BINTI ZAINUNDIN telah di SEMAK oleh admin1","action":"Permohonan HANIN SOFYA BINTI ZAINUNDIN telah di SEMAK oleh admin1","url":"http:\\/\\/staging.quarts.johor.rntechnologies.com.my\\/KelulusanPermohonan\\/Papar?id=27","flag_system":1}', NULL, '2022-11-27 16:11:16', '2022-11-27 16:11:16'),
	('a083cf5b-0f54-45ee-9847-901418a194c0', 'App\\Notifications\\ApplicationStatusChangeNotification', 'App\\Models\\User', 210, '{"title":"Permohonan perlu di SEMAK","body":"Permohonan AHMAD ASYRAF B MOHAMAD FAIRUZ telah di SEMAK oleh admin1","action":"Permohonan AHMAD ASYRAF B MOHAMAD FAIRUZ telah di SEMAK oleh admin1","url":"http:\\/\\/staging.quarts.johor.rntechnologies.com.my\\/KelulusanPermohonan\\/Papar?id=17","flag_system":1}', NULL, '2022-11-30 11:29:11', '2022-11-30 11:29:11'),
	('a08c761c-a515-46b7-a7ff-62c50e0baebd', 'App\\Notifications\\ApplicationStatusChangeNotification', 'App\\Models\\User', 210, '{"title":"Permohonan perlu di PEMARKAHAN PERMOHONAN","body":"Permohonan HANIN SOFYA BINTI ZAINUNDIN telah di PEMARKAHAN PERMOHONAN oleh admin1","action":"Permohonan HANIN SOFYA BINTI ZAINUNDIN telah di PEMARKAHAN PERMOHONAN oleh admin1","url":"http:\\/\\/staging.quarts.johor.rntechnologies.com.my\\/SemakanPermohonan\\/Semakan\\/29","flag_system":1}', NULL, '2022-11-29 08:45:00', '2022-11-29 08:45:00'),
	('a14ccee0-72d1-4802-8693-00bad695114e', 'App\\Notifications\\ApplicationStatusChangeNotification', 'App\\Models\\User', 210, '{"title":"Permohonan perlu di SEMAK","body":"Permohonan DANISH SHAHMI BIN ARIF ANUAR telah di SEMAK oleh admin1","action":"Permohonan DANISH SHAHMI BIN ARIF ANUAR telah di SEMAK oleh admin1","url":"http:\\/\\/staging.quarts.johor.rntechnologies.com.my\\/KelulusanPermohonan\\/Papar?id=30","flag_system":1}', NULL, '2022-12-02 07:28:46', '2022-12-02 07:28:46'),
	('a473738e-56f9-4a75-9056-895540a72229', 'App\\Notifications\\ApplicationStatusChangeNotification', 'App\\Models\\User', 173, '{"title":"Permohonan perlu di SEMAK","body":"Permohonan FARAH BATRISYIA BINTI MUZREE  telah di SEMAK oleh NORITA BINTI HARON","action":"Permohonan FARAH BATRISYIA BINTI MUZREE  telah di SEMAK oleh NORITA BINTI HARON","url":"http:\\/\\/staging.quarts.johor.rntechnologies.com.my\\/KelulusanPermohonan\\/Papar?id=21","flag_system":1}', NULL, '2022-11-30 12:56:09', '2022-11-30 12:56:09'),
	('a7862899-1ea3-485e-91b6-bb7c09b55179', 'App\\Notifications\\ApplicationStatusChangeNotification', 'App\\Models\\User', 190, '{"title":"Permohonan perlu di PEMARKAHAN PERMOHONAN","body":"Permohonan DANISH SHAHMI BIN ARIF ANUAR telah di PEMARKAHAN PERMOHONAN oleh admin1","action":"Permohonan DANISH SHAHMI BIN ARIF ANUAR telah di PEMARKAHAN PERMOHONAN oleh admin1","url":"http:\\/\\/staging.quarts.johor.rntechnologies.com.my\\/SemakanPermohonan\\/Semakan\\/28","flag_system":1}', NULL, '2022-12-01 10:19:05', '2022-12-01 10:19:05'),
	('ad2b645c-94f8-4166-97fc-1edadb221ba7', 'App\\Notifications\\ApplicationStatusChangeNotification', 'App\\Models\\User', 173, '{"title":"Permohonan perlu di SEMAK","body":"Permohonan NURAYU KHADIJAH BINTI YUNOS telah di SEMAK oleh admin1","action":"Permohonan NURAYU KHADIJAH BINTI YUNOS telah di SEMAK oleh admin1","url":"http:\\/\\/staging.quarts.johor.rntechnologies.com.my\\/KelulusanPermohonan\\/Papar?id=27","flag_system":1}', NULL, '2022-12-01 11:53:15', '2022-12-01 11:53:15'),
	('b10a5085-8a4c-4791-9738-29deab1bfaa0', 'App\\Notifications\\ApplicationStatusChangeNotification', 'App\\Models\\User', 135, '{"title":"Permohonan perlu di SEMAK","body":"Permohonan NORIZAH TAMBUNAN BINTI NORDIN telah di SEMAK oleh admin1","action":"Permohonan NORIZAH TAMBUNAN BINTI NORDIN telah di SEMAK oleh admin1","url":"http:\\/\\/staging.quarts.johor.rntechnologies.com.my\\/KelulusanPermohonan\\/Papar?id=20","flag_system":1}', NULL, '2022-11-30 12:55:54', '2022-11-30 12:55:54'),
	('b197bddd-bdf4-4428-a025-7213049aa863', 'App\\Notifications\\ApplicationStatusChangeNotification', 'App\\Models\\User', 217, '{"title":"Permohonan perlu di PEMARKAHAN PERMOHONAN","body":"Permohonan ANAS BIN ABDUL HAFIZ telah di PEMARKAHAN PERMOHONAN oleh admin1","action":"Permohonan ANAS BIN ABDUL HAFIZ telah di PEMARKAHAN PERMOHONAN oleh admin1","url":"http:\\/\\/staging.quarts.johor.rntechnologies.com.my\\/SemakanPermohonan\\/Semakan\\/34","flag_system":1}', NULL, '2022-12-03 22:54:48', '2022-12-03 22:54:48'),
	('b1af0b2b-4b36-4f98-b47d-b22686b28c2e', 'App\\Notifications\\ApplicationStatusChangeNotification', 'App\\Models\\User', 217, '{"title":"Permohonan perlu di PEMARKAHAN PERMOHONAN","body":"Permohonan NURUL AISHAH BINTI RUSLI telah di PEMARKAHAN PERMOHONAN oleh admin1","action":"Permohonan NURUL AISHAH BINTI RUSLI telah di PEMARKAHAN PERMOHONAN oleh admin1","url":"http:\\/\\/staging.quarts.johor.rntechnologies.com.my\\/SemakanPermohonan\\/Semakan\\/25","flag_system":1}', NULL, '2022-12-01 09:50:58', '2022-12-01 09:50:58'),
	('bc21b463-85fe-4d96-86d2-35300206848c', 'App\\Notifications\\ApplicationStatusChangeNotification', 'App\\Models\\User', 217, '{"title":"Permohonan perlu di PEMARKAHAN PERMOHONAN","body":"Permohonan MOHD ARIFF BIN MOHD SAMANI telah di PEMARKAHAN PERMOHONAN oleh admin1","action":"Permohonan MOHD ARIFF BIN MOHD SAMANI telah di PEMARKAHAN PERMOHONAN oleh admin1","url":"http:\\/\\/staging.quarts.johor.rntechnologies.com.my\\/SemakanPermohonan\\/Semakan\\/13","flag_system":1}', NULL, '2022-11-29 15:53:56', '2022-11-29 15:53:56'),
	('c58fdd03-3fca-4573-a67d-753706dd5947', 'App\\Notifications\\ApplicationStatusChangeNotification', 'App\\Models\\User', 173, '{"title":"Permohonan perlu di SEMAK","body":"Permohonan ANAS BIN ABDUL HAFIZ telah di SEMAK oleh admin1","action":"Permohonan ANAS BIN ABDUL HAFIZ telah di SEMAK oleh admin1","url":"http:\\/\\/staging.quarts.johor.rntechnologies.com.my\\/KelulusanPermohonan\\/Papar?id=34","flag_system":1}', NULL, '2022-12-03 22:55:17', '2022-12-03 22:55:17'),
	('c74f5467-e135-400c-a960-02e1c1bd6ced', 'App\\Notifications\\ApplicationStatusChangeNotification', 'App\\Models\\User', 210, '{"title":"Permohonan perlu di PEMARKAHAN PERMOHONAN","body":"Permohonan MOHAMED FAIZAL BIN ABDUL ANSAR telah di PEMARKAHAN PERMOHONAN oleh admin1","action":"Permohonan MOHAMED FAIZAL BIN ABDUL ANSAR telah di PEMARKAHAN PERMOHONAN oleh admin1","url":"http:\\/\\/staging.quarts.johor.rntechnologies.com.my\\/SemakanPermohonan\\/Semakan\\/34","flag_system":1}', NULL, '2022-11-28 23:17:06', '2022-11-28 23:17:06'),
	('c7ae6148-c57f-4a76-94c3-2db417297d5e', 'App\\Notifications\\ApplicationStatusChangeNotification', 'App\\Models\\User', 274, '{"title":"Permohonan perlu di SEMAK","body":"Permohonan NUR FATIN BINTI JASMIN telah di SEMAK oleh NUR FATIN BINTI JASMIN","action":"Permohonan NUR FATIN BINTI JASMIN telah di SEMAK oleh NUR FATIN BINTI JASMIN","url":"http:\\/\\/staging.quarts.johor.rntechnologies.com.my\\/KelulusanPermohonan\\/Papar?id=19","flag_system":1}', NULL, '2022-11-30 13:03:13', '2022-11-30 13:03:13'),
	('c8b35285-043f-43c5-9cd2-a6fef563f194', 'App\\Notifications\\ApplicationStatusChangeNotification', 'App\\Models\\User', 210, '{"title":"Permohonan perlu di PEMARKAHAN PERMOHONAN","body":"Permohonan NAZIFA ASYIQIN BINTI KHAIRUL AZHAR telah di PEMARKAHAN PERMOHONAN oleh admin1","action":"Permohonan NAZIFA ASYIQIN BINTI KHAIRUL AZHAR telah di PEMARKAHAN PERMOHONAN oleh admin1","url":"http:\\/\\/staging.quarts.johor.rntechnologies.com.my\\/SemakanPermohonan\\/Semakan\\/28","flag_system":1}', NULL, '2022-11-27 18:46:34', '2022-11-27 18:46:34'),
	('c8e62e96-746d-4c9f-aa29-b698e97e102e', 'App\\Notifications\\ApplicationStatusChangeNotification', 'App\\Models\\User', 173, '{"title":"Permohonan perlu di SEMAK","body":"Permohonan NUR DINI HUSNA NINTI MOHD SHUKRI telah di SEMAK oleh SOLIHIN BIN SUHAIMI","action":"Permohonan NUR DINI HUSNA NINTI MOHD SHUKRI telah di SEMAK oleh SOLIHIN BIN SUHAIMI","url":"http:\\/\\/staging.quarts.johor.rntechnologies.com.my\\/KelulusanPermohonan\\/Papar?id=23","flag_system":1}', NULL, '2022-11-25 14:01:29', '2022-11-25 14:01:29'),
	('ca822040-98af-4f23-8310-5625cb378d13', 'App\\Notifications\\ApplicationStatusChangeNotification', 'App\\Models\\User', 68, '{"title":"Permohonan perlu di PEMARKAHAN PERMOHONAN","body":"Permohonan AHMAD DANIEL BIN SHAIRI telah di PEMARKAHAN PERMOHONAN oleh AHMAD DANIEL BIN SHAIRI","action":"Permohonan AHMAD DANIEL BIN SHAIRI telah di PEMARKAHAN PERMOHONAN oleh AHMAD DANIEL BIN SHAIRI","url":"http:\\/\\/staging.quarts.johor.rntechnologies.com.my\\/SemakanPermohonan\\/Semakan\\/15","flag_system":1}', NULL, '2022-11-29 22:12:58', '2022-11-29 22:12:58'),
	('caf71f49-05b4-4e3b-ad0d-e1b730215cbf', 'App\\Notifications\\ApplicationStatusChangeNotification', 'App\\Models\\User', 173, '{"title":"Permohonan perlu di SEMAK","body":"Permohonan DANISH SHAHMI BIN ARIF ANUAR telah di SEMAK oleh admin1","action":"Permohonan DANISH SHAHMI BIN ARIF ANUAR telah di SEMAK oleh admin1","url":"http:\\/\\/staging.quarts.johor.rntechnologies.com.my\\/KelulusanPermohonan\\/Papar?id=28","flag_system":1}', NULL, '2022-12-01 10:20:31', '2022-12-01 10:20:31'),
	('ccaa3974-7cfc-4b0e-a2c4-e705f2fb2cb9', 'App\\Notifications\\ApplicationStatusChangeNotification', 'App\\Models\\User', 190, '{"title":"Permohonan perlu di PEMARKAHAN PERMOHONAN","body":"Permohonan AIDIL AZAHAR BIN KHIRUL ROFIZI telah di PEMARKAHAN PERMOHONAN oleh admin1","action":"Permohonan AIDIL AZAHAR BIN KHIRUL ROFIZI telah di PEMARKAHAN PERMOHONAN oleh admin1","url":"http:\\/\\/staging.quarts.johor.rntechnologies.com.my\\/SemakanPermohonan\\/Semakan\\/33","flag_system":1}', NULL, '2022-12-03 22:48:26', '2022-12-03 22:48:26'),
	('d006018e-96be-4124-b7c5-e2b72fa8a7ce', 'App\\Notifications\\ApplicationStatusChangeNotification', 'App\\Models\\User', 217, '{"title":"Permohonan perlu di PEMARKAHAN PERMOHONAN","body":"Permohonan ANAS BIN ABDUL HAFIZ telah di PEMARKAHAN PERMOHONAN oleh admin1","action":"Permohonan ANAS BIN ABDUL HAFIZ telah di PEMARKAHAN PERMOHONAN oleh admin1","url":"http:\\/\\/staging.quarts.johor.rntechnologies.com.my\\/SemakanPermohonan\\/Semakan\\/29","flag_system":1}', NULL, '2022-12-01 10:19:40', '2022-12-01 10:19:40'),
	('d2e3e598-8651-4f36-9ea4-0e37b2ca4112', 'App\\Notifications\\ApplicationStatusChangeNotification', 'App\\Models\\User', 217, '{"title":"Permohonan perlu di PEMARKAHAN PERMOHONAN","body":"Permohonan HANIN SOFYA BINTI ZAINUNDIN telah di PEMARKAHAN PERMOHONAN oleh admin1","action":"Permohonan HANIN SOFYA BINTI ZAINUNDIN telah di PEMARKAHAN PERMOHONAN oleh admin1","url":"http:\\/\\/staging.quarts.johor.rntechnologies.com.my\\/SemakanPermohonan\\/Semakan\\/12","flag_system":1}', NULL, '2022-11-29 15:41:07', '2022-11-29 15:41:07'),
	('d61c274b-35cd-4aae-b901-f863980ec233', 'App\\Notifications\\ApplicationStatusChangeNotification', 'App\\Models\\User', 173, '{"title":"Permohonan perlu di SEMAK","body":"Permohonan NAZIFA ASYIQIN BINTI KHAIRUL AZHAR telah di SEMAK oleh admin1","action":"Permohonan NAZIFA ASYIQIN BINTI KHAIRUL AZHAR telah di SEMAK oleh admin1","url":"http:\\/\\/staging.quarts.johor.rntechnologies.com.my\\/KelulusanPermohonan\\/Papar?id=16","flag_system":1}', NULL, '2022-11-30 00:24:10', '2022-11-30 00:24:10'),
	('d6cefaa5-c820-449c-98b1-e8676a4ad8c5', 'App\\Notifications\\ApplicationStatusChangeNotification', 'App\\Models\\User', 210, '{"title":"Permohonan perlu di PEMARKAHAN PERMOHONAN","body":"Permohonan NUR ELIESYA SOFIA BINTI SHAHRUL telah di PEMARKAHAN PERMOHONAN oleh SOLIHIN BIN SUHAIMI","action":"Permohonan NUR ELIESYA SOFIA BINTI SHAHRUL telah di PEMARKAHAN PERMOHONAN oleh SOLIHIN BIN SUHAIMI","url":"http:\\/\\/staging.quarts.johor.rntechnologies.com.my\\/SemakanPermohonan\\/Semakan\\/21","flag_system":1}', NULL, '2022-11-25 13:04:51', '2022-11-25 13:04:51'),
	('d8b4a62b-a4bf-4f4a-ac0c-258c2c3544ca', 'App\\Notifications\\ApplicationStatusChangeNotification', 'App\\Models\\User', 210, '{"title":"Permohonan perlu di PEMARKAHAN PERMOHONAN","body":"Permohonan NUR ELIESYA SOFIA BINTI SHAHRUL telah di PEMARKAHAN PERMOHONAN oleh admin1","action":"Permohonan NUR ELIESYA SOFIA BINTI SHAHRUL telah di PEMARKAHAN PERMOHONAN oleh admin1","url":"http:\\/\\/staging.quarts.johor.rntechnologies.com.my\\/SemakanPermohonan\\/Semakan\\/37","flag_system":1}', NULL, '2022-11-29 09:32:38', '2022-11-29 09:32:38'),
	('e206c7db-d065-4b81-b22c-2e9e9c156ef7', 'App\\Notifications\\ApplicationStatusChangeNotification', 'App\\Models\\User', 210, '{"title":"Permohonan perlu di PEMARKAHAN PERMOHONAN","body":"Permohonan FARAH BATRISYIA BINTI MUZREE  telah di PEMARKAHAN PERMOHONAN oleh admin1","action":"Permohonan FARAH BATRISYIA BINTI MUZREE  telah di PEMARKAHAN PERMOHONAN oleh admin1","url":"http:\\/\\/staging.quarts.johor.rntechnologies.com.my\\/SemakanPermohonan\\/Semakan\\/24","flag_system":1}', NULL, '2022-11-25 18:11:25', '2022-11-25 18:11:25'),
	('e53fb979-5f3e-4dd6-9eb7-41a7e9b9c23a', 'App\\Notifications\\ApplicationStatusChangeNotification', 'App\\Models\\User', 274, '{"title":"Permohonan perlu di SEMAK","body":"Permohonan ASMAH BINTI GHANI telah di SEMAK oleh NUR FATIN BINTI JASMIN","action":"Permohonan ASMAH BINTI GHANI telah di SEMAK oleh NUR FATIN BINTI JASMIN","url":"http:\\/\\/staging.quarts.johor.rntechnologies.com.my\\/KelulusanPermohonan\\/Papar?id=23","flag_system":1}', NULL, '2022-11-30 15:17:23', '2022-11-30 15:17:23'),
	('e65ce8fd-52ca-48f7-a480-1beed9514b87', 'App\\Notifications\\ApplicationStatusChangeNotification', 'App\\Models\\User', 217, '{"title":"Permohonan perlu di PEMARKAHAN PERMOHONAN","body":"Permohonan AHMAD ASYRAF B MOHAMAD FAIRUZ telah di PEMARKAHAN PERMOHONAN oleh SOLIHIN BIN SUHAIMI","action":"Permohonan AHMAD ASYRAF B MOHAMAD FAIRUZ telah di PEMARKAHAN PERMOHONAN oleh SOLIHIN BIN SUHAIMI","url":"http:\\/\\/staging.quarts.johor.rntechnologies.com.my\\/SemakanPermohonan\\/Semakan\\/33","flag_system":1}', NULL, '2022-11-28 21:51:37', '2022-11-28 21:51:37'),
	('e74bcb8c-3062-448b-a41c-268f1700c84e', 'App\\Notifications\\ApplicationStatusChangeNotification', 'App\\Models\\User', 210, '{"title":"Permohonan perlu di PEMARKAHAN PERMOHONAN","body":"Permohonan AHMAD THAQIF BIN MOHD KHALID telah di PEMARKAHAN PERMOHONAN oleh SOLIHIN BIN SUHAIMI","action":"Permohonan AHMAD THAQIF BIN MOHD KHALID telah di PEMARKAHAN PERMOHONAN oleh SOLIHIN BIN SUHAIMI","url":"http:\\/\\/staging.quarts.johor.rntechnologies.com.my\\/SemakanPermohonan\\/Semakan\\/31","flag_system":1}', NULL, '2022-11-27 19:18:03', '2022-11-27 19:18:03'),
	('ec66598d-29f4-4484-8d89-fc226d8fa418', 'App\\Notifications\\ApplicationStatusChangeNotification', 'App\\Models\\User', 217, '{"title":"Permohonan perlu di PEMARKAHAN PERMOHONAN","body":"Permohonan NURAYU KHADIJAH BINTI YUNOS telah di PEMARKAHAN PERMOHONAN oleh admin1","action":"Permohonan NURAYU KHADIJAH BINTI YUNOS telah di PEMARKAHAN PERMOHONAN oleh admin1","url":"http:\\/\\/staging.quarts.johor.rntechnologies.com.my\\/SemakanPermohonan\\/Semakan\\/27","flag_system":1}', NULL, '2022-12-01 11:31:03', '2022-12-01 11:31:03'),
	('ecb7ed11-20ec-4d8e-b39b-684f1795e04b', 'App\\Notifications\\ApplicationStatusChangeNotification', 'App\\Models\\User', 203, '{"title":"Permohonan perlu di SEMAK","body":"Permohonan MOHD ARIFF BIN MOHD SAMANI telah di SEMAK oleh admin1","action":"Permohonan MOHD ARIFF BIN MOHD SAMANI telah di SEMAK oleh admin1","url":"http:\\/\\/staging.quarts.johor.rntechnologies.com.my\\/KelulusanPermohonan\\/Papar?id=13","flag_system":1}', NULL, '2022-11-29 15:54:17', '2022-11-29 15:54:17'),
	('f09d951d-f465-47a2-bd8f-fd0de3a805e1', 'App\\Notifications\\ApplicationStatusChangeNotification', 'App\\Models\\User', 203, '{"title":"Permohonan perlu di SEMAK","body":"Permohonan MOHD ARIFF BIN MOHD SAMANI telah di SEMAK oleh admin1","action":"Permohonan MOHD ARIFF BIN MOHD SAMANI telah di SEMAK oleh admin1","url":"http:\\/\\/staging.quarts.johor.rntechnologies.com.my\\/KelulusanPermohonan\\/Papar?id=14","flag_system":1}', NULL, '2022-11-29 16:10:17', '2022-11-29 16:10:17'),
	('f12af015-47d3-4e66-a601-cdf62685dcce', 'App\\Notifications\\ApplicationStatusChangeNotification', 'App\\Models\\User', 210, '{"title":"Permohonan perlu di PEMARKAHAN PERMOHONAN","body":"Permohonan NAZIFA ASYIQIN BINTI KHAIRUL AZHAR telah di PEMARKAHAN PERMOHONAN oleh admin1","action":"Permohonan NAZIFA ASYIQIN BINTI KHAIRUL AZHAR telah di PEMARKAHAN PERMOHONAN oleh admin1","url":"http:\\/\\/staging.quarts.johor.rntechnologies.com.my\\/SemakanPermohonan\\/Semakan\\/16","flag_system":1}', NULL, '2022-11-30 00:08:34', '2022-11-30 00:08:34'),
	('f261448c-4166-4528-a79e-5b4c6b1029b2', 'App\\Notifications\\ApplicationStatusChangeNotification', 'App\\Models\\User', 210, '{"title":"Permohonan perlu di PEMARKAHAN PERMOHONAN","body":"Permohonan RIFAI HAIKAL BIN RUKMAN telah di PEMARKAHAN PERMOHONAN oleh admin1","action":"Permohonan RIFAI HAIKAL BIN RUKMAN telah di PEMARKAHAN PERMOHONAN oleh admin1","url":"http:\\/\\/staging.quarts.johor.rntechnologies.com.my\\/SemakanPermohonan\\/Semakan\\/11","flag_system":1}', NULL, '2022-11-29 14:56:39', '2022-11-29 14:56:39'),
	('f3846483-a031-46c3-9080-be773c59b5c4', 'App\\Notifications\\ApplicationStatusChangeNotification', 'App\\Models\\User', 173, '{"title":"Permohonan perlu di SEMAK","body":"Permohonan NAZIFA ASYIQIN BINTI KHAIRUL AZHAR telah di SEMAK oleh admin1","action":"Permohonan NAZIFA ASYIQIN BINTI KHAIRUL AZHAR telah di SEMAK oleh admin1","url":"http:\\/\\/staging.quarts.johor.rntechnologies.com.my\\/KelulusanPermohonan\\/Papar?id=30","flag_system":1}', NULL, '2022-11-29 08:58:09', '2022-11-29 08:58:09'),
	('f4e154bf-e90a-4b26-95ad-510d00bfa40f', 'App\\Notifications\\ApplicationStatusChangeNotification', 'App\\Models\\User', 210, '{"title":"Permohonan perlu di PEMARKAHAN PERMOHONAN","body":"Permohonan AIDIL AZAHAR BIN KHIRUL ROFIZI telah di PEMARKAHAN PERMOHONAN oleh admin1","action":"Permohonan AIDIL AZAHAR BIN KHIRUL ROFIZI telah di PEMARKAHAN PERMOHONAN oleh admin1","url":"http:\\/\\/staging.quarts.johor.rntechnologies.com.my\\/SemakanPermohonan\\/Semakan\\/26","flag_system":1}', NULL, '2022-12-01 10:01:45', '2022-12-01 10:01:45'),
	('f57a5927-366a-4797-a738-4de84df8ee11', 'App\\Notifications\\ApplicationStatusChangeNotification', 'App\\Models\\User', 210, '{"title":"Permohonan perlu di PEMARKAHAN PERMOHONAN","body":"Permohonan NAZIFA ASYIQIN BINTI KHAIRUL AZHAR telah di PEMARKAHAN PERMOHONAN oleh admin1","action":"Permohonan NAZIFA ASYIQIN BINTI KHAIRUL AZHAR telah di PEMARKAHAN PERMOHONAN oleh admin1","url":"http:\\/\\/staging.quarts.johor.rntechnologies.com.my\\/SemakanPermohonan\\/Semakan\\/30","flag_system":1}', NULL, '2022-11-27 19:00:33', '2022-11-27 19:00:33'),
	('f7cc2b13-1f18-4bf2-8482-ff98e26e13a0', 'App\\Notifications\\ApplicationStatusChangeNotification', 'App\\Models\\User', 217, '{"title":"Permohonan perlu di PEMARKAHAN PERMOHONAN","body":"Permohonan HANIN SOFYA BINTI ZAINUNDIN telah di PEMARKAHAN PERMOHONAN oleh admin1","action":"Permohonan HANIN SOFYA BINTI ZAINUNDIN telah di PEMARKAHAN PERMOHONAN oleh admin1","url":"http:\\/\\/staging.quarts.johor.rntechnologies.com.my\\/SemakanPermohonan\\/Semakan\\/27","flag_system":1}', NULL, '2022-11-27 16:10:52', '2022-11-27 16:10:52');
/*!40000 ALTER TABLE `notifications` ENABLE KEYS */;

-- Dumping structure for table staging_epro_kuarters_johor.officer
CREATE TABLE IF NOT EXISTS `officer` (
  `id` int(11) NOT NULL AUTO_INCREMENT,
  `users_id` int(11) DEFAULT NULL,
  `district_id` int(11) DEFAULT NULL,
  `officer_group_id` int(11) DEFAULT NULL,
  `officer_category_id` varchar(50) DEFAULT NULL COMMENT 'eg: 1,2,3',
  `monitoring_district` tinyint(4) DEFAULT '0' COMMENT 'if officer_category=4, 0:all; 1:by district, modul pemantauan',
  `data_status` tinyint(4) DEFAULT '1',
  `action_by` int(11) DEFAULT NULL,
  `action_on` datetime DEFAULT NULL,
  `delete_by` int(11) DEFAULT NULL,
  `delete_on` datetime DEFAULT NULL,
  PRIMARY KEY (`id`),
  KEY `FK_officer_users` (`users_id`),
  KEY `FK_officer_officer_category` (`officer_category_id`),
  KEY `FK_officer_users_2` (`action_by`),
  KEY `FK_officer_users_3` (`delete_by`),
  KEY `FK_officer_district` (`district_id`),
  CONSTRAINT `FK_officer_district` FOREIGN KEY (`district_id`) REFERENCES `district` (`id`) ON DELETE NO ACTION ON UPDATE NO ACTION,
  CONSTRAINT `FK_officer_users` FOREIGN KEY (`users_id`) REFERENCES `users` (`id`) ON DELETE NO ACTION ON UPDATE NO ACTION,
  CONSTRAINT `FK_officer_users_2` FOREIGN KEY (`action_by`) REFERENCES `users` (`id`) ON DELETE NO ACTION ON UPDATE NO ACTION,
  CONSTRAINT `FK_officer_users_3` FOREIGN KEY (`delete_by`) REFERENCES `users` (`id`) ON DELETE NO ACTION ON UPDATE NO ACTION
) ENGINE=InnoDB AUTO_INCREMENT=106 DEFAULT CHARSET=latin1;

-- Dumping data for table staging_epro_kuarters_johor.officer: ~105 rows (approximately)
/*!40000 ALTER TABLE `officer` DISABLE KEYS */;
INSERT INTO `officer` (`id`, `users_id`, `district_id`, `officer_group_id`, `officer_category_id`, `monitoring_district`, `data_status`, `action_by`, `action_on`, `delete_by`, `delete_on`) VALUES
	(1, 73, 1, 2, '1,2,3,5', 0, 0, 10, '2022-10-10 03:54:26', 118, '2022-10-11 04:18:39'),
	(2, 102, 1, 2, '2,3,5', 0, 0, 10, '2022-10-10 04:16:25', 118, '2022-10-11 04:19:04'),
	(3, 68, 1, 2, '1,2,3,5', 0, 0, 68, '2022-10-10 04:22:39', 118, '2022-10-11 04:18:49'),
	(4, 68, 1, 1, '', 0, 0, 68, '2022-10-11 02:48:40', 118, '2022-10-11 04:18:53'),
	(5, 101, 1, 1, '', 0, 0, 68, '2022-10-11 02:49:24', 118, '2022-10-11 04:18:56'),
	(6, 120, 1, 1, '', 0, 0, 68, '2022-10-11 02:49:42', 118, '2022-10-11 04:19:00'),
	(7, 107, 1, 1, '', 0, 0, 68, '2022-10-11 02:50:13', 118, '2022-10-11 04:19:09'),
	(8, 110, 1, 2, '1,2,3,5', 0, 0, 68, '2022-10-11 03:14:40', 118, '2022-10-11 04:18:44'),
	(9, 112, 1, 2, '1,2,3,5', 0, 0, 15, '2022-10-11 08:16:17', 10, '2022-11-02 16:52:29'),
	(10, 105, 1, 2, '1,2,3,5', 0, 0, 68, '2022-10-11 07:24:26', 106, '2022-10-11 08:22:12'),
	(11, 105, 1, 2, '1,2', NULL, 0, 10, '2022-11-01 01:50:09', 135, '2022-11-07 08:18:28'),
	(12, 19, 1, 2, '1,2,3', 0, 0, 106, '2022-10-11 08:25:13', 68, '2022-10-12 03:04:38'),
	(13, 118, 1, 2, '2,3', 0, 0, 106, '2022-10-11 08:21:48', 106, '2022-10-11 08:21:58'),
	(14, 129, 1, 2, '1,2,3,5', 0, 0, 10, '2022-10-18 08:41:04', 10, '2022-11-02 16:53:35'),
	(15, 19, 1, 1, '', NULL, 0, 10, '2022-11-07 03:17:28', 135, '2022-11-07 07:56:57'),
	(16, 68, 1, 2, '1,2,3,5', 0, 0, 68, '2022-10-12 04:13:13', 135, '2022-11-07 08:18:22'),
	(17, 68, 1, 1, '', 0, 0, 68, '2022-10-12 04:19:50', 135, '2022-11-07 08:18:16'),
	(18, 19, 1, 1, '', 0, 0, 68, '2022-10-12 04:20:00', 10, '2022-11-03 02:12:39'),
	(19, 105, 1, 1, '', NULL, 0, 10, '2022-11-01 01:29:45', 135, '2022-11-07 08:18:33'),
	(20, 147, 1, 1, '', 0, 0, 10, '2022-10-17 02:53:46', 10, '2022-10-17 02:54:03'),
	(21, 147, 1, 2, '1,2', 0, 0, 10, '2022-10-17 02:54:15', 10, '2022-10-17 02:54:23'),
	(22, 118, 1, 1, '', 0, 0, 10, '2022-10-18 01:24:59', 10, '2022-10-18 01:25:21'),
	(23, 65, 1, 2, '1', 0, 0, 10, '2022-10-18 08:34:11', 10, '2022-10-18 08:41:56'),
	(24, 146, 1, 2, '2,3', 0, 0, 10, '2022-10-31 02:18:26', 10, '2022-10-31 02:19:43'),
	(25, 129, 1, 1, '', 0, 0, 10, '2022-11-01 01:50:32', 10, '2022-11-01 01:51:23'),
	(26, 163, 1, 2, '1', NULL, 0, 10, '2022-11-02 16:59:54', 10, '2022-11-02 17:00:23'),
	(27, 62, 1, 2, '1,3', NULL, 0, 10, '2022-11-03 02:10:38', 10, '2022-11-03 02:12:04'),
	(28, 65, 1, 1, '', 0, 0, 10, '2022-11-03 05:37:56', 135, '2022-11-07 08:18:50'),
	(29, 65, 1, 2, '1,2,3', NULL, 0, 10, '2022-11-03 05:39:39', 135, '2022-11-07 08:19:25'),
	(30, 171, 1, 2, '1', NULL, 0, 10, '2022-11-03 05:42:51', 10, '2022-11-03 05:46:35'),
	(31, 171, 1, 2, '2', 0, 0, 10, '2022-11-03 05:48:08', 10, '2022-11-03 05:48:33'),
	(32, 121, 1, 2, '1,2,3,5', 0, 0, 68, '2022-11-03 12:28:41', 135, '2022-11-07 08:18:11'),
	(33, 112, 1, 2, '1,5', NULL, 0, 10, '2022-11-06 02:09:50', 10, '2022-11-06 02:09:59'),
	(34, 64, 1, 2, '1,2,3,5', NULL, 0, 189, '2022-11-06 07:02:31', 135, '2022-11-07 08:19:20'),
	(35, 145, 1, 1, '', 0, 0, 10, '2022-11-07 03:18:16', 138, '2022-11-12 14:43:30'),
	(36, 203, 1, 2, '1,2', NULL, 0, 10, '2022-11-07 14:33:39', 138, '2022-11-12 14:45:30'),
	(37, 210, 1, 2, '1,2', 0, 0, 135, '2022-11-07 07:56:44', 138, '2022-11-12 14:45:45'),
	(38, 202, 1, 2, '3,5', NULL, 0, 135, '2022-11-07 08:17:44', 138, '2022-11-12 14:45:34'),
	(39, 212, 1, 2, '1,2,3,5', NULL, 0, 10, '2022-11-08 07:56:47', 106, '2022-11-11 21:11:51'),
	(40, 199, 1, 1, '', 0, 0, 10, '2022-11-08 07:57:35', 10, '2022-11-08 07:57:56'),
	(41, 199, 1, 2, '1,2,3,5', 0, 0, 106, '2022-11-10 16:06:18', 106, '2022-11-11 01:20:03'),
	(42, 212, 1, 1, '', 0, 0, 106, '2022-11-10 16:48:52', 106, '2022-11-10 16:53:35'),
	(43, 105, 1, 1, '', 0, 0, 106, '2022-11-10 23:26:51', 106, '2022-11-10 23:32:38'),
	(44, 121, 1, 2, '1,2', 0, 0, 106, '2022-11-10 23:36:14', 106, '2022-11-11 01:20:08'),
	(45, 121, 1, 1, '', 0, 0, 106, '2022-11-11 01:20:49', 138, '2022-11-12 14:43:21'),
	(46, 220, 1, 2, '1', 0, 0, 221, '2022-11-11 04:18:14', 221, '2022-11-11 04:22:03'),
	(47, 220, 1, 2, '1,2,3,5', 0, 0, 221, '2022-11-11 04:22:18', 138, '2022-11-12 14:45:50'),
	(48, 105, 1, 2, '3', 0, 0, 10, '2022-11-11 10:24:11', 10, '2022-11-11 10:33:29'),
	(49, 147, 1, 2, '1', 0, 0, 10, '2022-11-11 10:25:30', 138, '2022-11-12 14:45:53'),
	(50, 145, 1, 2, '5', 0, 0, 10, '2022-11-11 10:26:05', 138, '2022-11-12 14:45:27'),
	(51, 121, 1, 2, '1', 0, 0, 10, '2022-11-11 10:26:48', 10, '2022-11-11 10:31:45'),
	(52, 169, 1, 2, '1', 0, 0, 10, '2022-11-11 10:28:20', 138, '2022-11-12 14:45:23'),
	(53, 220, 1, 1, '', 0, 0, 110, '2022-11-11 11:36:18', 138, '2022-11-12 14:43:40'),
	(54, 222, 1, 2, '1', NULL, 0, 141, '2022-11-12 10:12:07', 146, '2022-11-13 11:26:39'),
	(55, 172, 1, 2, '1', 0, 0, 106, '2022-11-11 16:30:46', 138, '2022-11-12 14:45:39'),
	(56, 169, 1, 1, '', 0, 0, 106, '2022-11-11 16:32:56', 138, '2022-11-12 14:43:25'),
	(57, 74, 1, 1, '', 0, 0, 106, '2022-11-11 21:20:09', 106, '2022-11-11 21:20:17'),
	(58, 74, 1, 2, '1,2,3,5', NULL, 0, 106, '2022-11-11 21:37:53', 106, '2022-11-11 23:01:06'),
	(59, 180, 1, 1, '', NULL, 0, 106, '2022-11-11 23:07:23', 106, '2022-11-11 23:07:31'),
	(60, 226, 1, 2, '2', 0, 0, 141, '2022-11-12 10:12:49', 141, '2022-11-12 14:44:04'),
	(61, 226, 1, 2, '1,2', NULL, 0, 107, '2022-11-12 21:32:21', 146, '2022-11-13 11:26:22'),
	(62, 222, 1, 1, '', 0, 0, 138, '2022-11-12 14:43:14', 138, '2022-11-12 14:43:56'),
	(63, 224, 1, 2, '3', NULL, 0, 106, '2022-11-12 16:35:10', 106, '2022-11-12 20:36:53'),
	(64, 180, 1, 1, '', 0, 0, 106, '2022-11-12 16:35:32', 106, '2022-11-12 16:35:36'),
	(65, 136, 1, 1, '', NULL, 0, 107, '2022-11-12 21:37:30', 146, '2022-11-13 11:37:39'),
	(66, 19, 1, 2, '2,5', NULL, 0, 107, '2022-11-12 21:29:58', 146, '2022-11-13 11:19:49'),
	(67, 169, 1, 2, '5', NULL, 0, 106, '2022-11-12 22:15:25', 106, '2022-11-12 22:16:28'),
	(68, 169, 1, 2, '5', 0, 0, 106, '2022-11-12 22:14:44', 106, '2022-11-12 22:18:45'),
	(69, 169, 1, 2, '3', NULL, 0, 106, '2022-11-12 22:17:07', 146, '2022-11-13 11:26:12'),
	(70, 169, 1, 2, '3', 0, 0, 106, '2022-11-12 22:19:48', 146, '2022-11-13 11:26:08'),
	(71, 19, 1, 2, '1,2', 0, 0, 10, '2022-11-12 22:31:46', 146, '2022-11-13 11:26:03'),
	(72, 210, 1, 1, '', 0, 0, 146, '2022-11-13 11:22:33', 140, '2022-11-14 09:27:11'),
	(73, 203, 1, 1, '', 0, 0, 146, '2022-11-13 11:23:08', 140, '2022-11-14 09:27:04'),
	(74, 210, 1, 2, '1,2', NULL, 1, 10, '2022-11-16 10:00:55', NULL, NULL),
	(75, 203, 1, 2, '2', 0, 1, 146, '2022-11-13 11:24:50', NULL, NULL),
	(76, 217, 1, 2, '1,3', 0, 1, 146, '2022-11-13 11:25:10', NULL, NULL),
	(77, 222, 1, 1, '', 0, 1, 138, '2022-11-13 11:56:32', NULL, NULL),
	(78, 49, 3, 2, '5', NULL, 0, 140, '2022-11-13 16:02:45', 140, '2022-11-13 16:03:04'),
	(79, 224, 1, 1, '', 1, 0, 106, '2022-11-14 14:49:31', 106, '2022-11-14 21:12:53'),
	(80, 104, 1, 2, '4', 1, 0, 106, '2022-11-14 14:44:55', 106, '2022-11-14 21:13:00'),
	(81, 104, 1, 2, '4', 1, 1, 106, '2022-11-14 21:13:20', NULL, NULL),
	(82, 104, 1, 2, '4', 1, 0, 106, '2022-11-14 21:13:38', 106, '2022-11-14 21:13:50'),
	(83, 180, 1, 1, '', NULL, 0, 107, '2022-11-15 14:28:07', 140, '2022-11-30 10:00:22'),
	(84, 10, 1, 1, '', 0, 1, 107, '2022-11-15 14:27:51', NULL, NULL),
	(85, 141, 1, 2, '4', 1, 0, 10, '2022-11-15 15:48:10', 10, '2022-11-15 15:48:27'),
	(86, 49, 3, 2, '1,2', 0, 1, 140, '2022-11-16 09:52:03', NULL, NULL),
	(87, 224, 1, 2, '2,3,4', 1, 0, 10, '2022-11-16 09:55:16', 10, '2022-11-16 10:04:45'),
	(88, 208, 3, 1, '', 0, 1, 140, '2022-11-16 10:14:53', NULL, NULL),
	(89, 180, 1, 2, '4', 1, 0, 106, '2022-11-16 21:04:02', 10, '2022-11-30 10:00:22'),
	(90, 224, 1, 2, '4', 0, 0, 10, '2022-11-18 18:25:00', 10, '2022-11-21 11:25:46'),
	(91, 169, 1, 1, '', 0, 1, 10, '2022-11-21 11:25:56', NULL, NULL),
	(92, 173, 1, 2, '2', 0, 1, 138, '2022-11-23 15:13:56', NULL, NULL),
	(93, 121, 1, 2, '4', 1, 1, 10, '2022-11-23 22:32:48', NULL, NULL),
	(94, 68, 2, 1, '', 0, 1, 68, '2022-11-29 22:12:18', NULL, NULL),
	(95, 68, 2, 2, '1,2,3,4', 0, 1, 68, '2022-11-29 22:12:36', NULL, NULL),
	(96, 190, 1, 2, '1', 0, 1, 140, '2022-11-30 09:54:57', NULL, NULL),
	(97, 274, 8, 2, '3', 0, 0, 274, '2022-11-30 09:56:38', 279, '2022-11-30 13:02:09'),
	(98, 147, 1, 1, '', 0, 1, 10, '2022-11-30 09:58:04', NULL, NULL),
	(99, 19, 1, 1, '', 0, 1, 105, '2022-11-30 10:03:50', NULL, NULL),
	(100, 180, 1, 1, '', 0, 0, 278, '2022-11-30 10:04:45', 278, '2022-11-30 10:05:11'),
	(101, 135, 1, 2, '2', 0, 1, 140, '2022-11-30 10:04:54', NULL, NULL),
	(102, 274, 8, 2, '1,2,3,4', 0, 1, 279, '2022-11-30 13:02:22', NULL, NULL),
	(103, 224, 1, 2, '4', 1, 0, 10, '2022-12-01 23:24:29', 10, '2022-12-02 00:19:44'),
	(104, 224, 1, 1, '', 0, 0, 10, '2022-12-02 00:11:14', 10, '2022-12-02 00:17:04'),
	(105, 224, 1, 1, '', 0, 1, 10, '2022-12-02 00:36:41', NULL, NULL);
/*!40000 ALTER TABLE `officer` ENABLE KEYS */;

-- Dumping structure for table staging_epro_kuarters_johor.officer_category
CREATE TABLE IF NOT EXISTS `officer_category` (
  `id` int(11) NOT NULL AUTO_INCREMENT,
  `category_name` varchar(255) DEFAULT NULL,
  `data_status` tinyint(4) DEFAULT '1',
  `action_by` int(11) DEFAULT NULL,
  `action_on` datetime DEFAULT NULL,
  `delete_by` int(11) DEFAULT NULL,
  `delete_on` datetime DEFAULT NULL,
  PRIMARY KEY (`id`),
  KEY `FK_officer_category_users` (`action_by`),
  KEY `FK_officer_category_users_2` (`delete_by`),
  CONSTRAINT `FK_officer_category_users` FOREIGN KEY (`action_by`) REFERENCES `users` (`id`) ON DELETE NO ACTION ON UPDATE NO ACTION,
  CONSTRAINT `FK_officer_category_users_2` FOREIGN KEY (`delete_by`) REFERENCES `users` (`id`) ON DELETE NO ACTION ON UPDATE NO ACTION
) ENGINE=InnoDB AUTO_INCREMENT=6 DEFAULT CHARSET=latin1;

-- Dumping data for table staging_epro_kuarters_johor.officer_category: ~4 rows (approximately)
/*!40000 ALTER TABLE `officer_category` DISABLE KEYS */;
INSERT INTO `officer_category` (`id`, `category_name`, `data_status`, `action_by`, `action_on`, `delete_by`, `delete_on`) VALUES
	(1, 'PEGAWAI PENYEMAK', 1, NULL, NULL, NULL, NULL),
	(2, 'PEGAWAI PELULUS', 1, NULL, NULL, NULL, NULL),
	(3, 'PEGAWAI PENYEDIA', 1, NULL, NULL, NULL, NULL),
	(4, 'PEGAWAI PEMANTAU', 1, NULL, NULL, NULL, NULL);
/*!40000 ALTER TABLE `officer_category` ENABLE KEYS */;

-- Dumping structure for table staging_epro_kuarters_johor.officer_group
CREATE TABLE IF NOT EXISTS `officer_group` (
  `id` int(11) NOT NULL AUTO_INCREMENT,
  `officer_group` varchar(255) DEFAULT NULL,
  `data_status` tinyint(4) DEFAULT '1',
  PRIMARY KEY (`id`)
) ENGINE=InnoDB AUTO_INCREMENT=3 DEFAULT CHARSET=latin1;

-- Dumping data for table staging_epro_kuarters_johor.officer_group: ~2 rows (approximately)
/*!40000 ALTER TABLE `officer_group` DISABLE KEYS */;
INSERT INTO `officer_group` (`id`, `officer_group`, `data_status`) VALUES
	(1, 'PENGURUSAN', 1),
	(2, 'SOKONGAN', 1);
/*!40000 ALTER TABLE `officer_group` ENABLE KEYS */;

-- Dumping structure for table staging_epro_kuarters_johor.officer_type
CREATE TABLE IF NOT EXISTS `officer_type` (
  `id` int(11) NOT NULL AUTO_INCREMENT,
  `officer_type` varchar(255) DEFAULT NULL,
  `data_status` tinyint(4) DEFAULT '1',
  `action_by` int(11) DEFAULT NULL,
  `action_on` datetime DEFAULT NULL,
  `delete_by` int(11) DEFAULT NULL,
  `delete_on` datetime DEFAULT NULL,
  PRIMARY KEY (`id`),
  KEY `FK_officer_type_users` (`action_by`),
  KEY `FK_officer_type_users_2` (`delete_by`),
  CONSTRAINT `FK_officer_type_users` FOREIGN KEY (`action_by`) REFERENCES `users` (`id`) ON DELETE NO ACTION ON UPDATE NO ACTION,
  CONSTRAINT `FK_officer_type_users_2` FOREIGN KEY (`delete_by`) REFERENCES `users` (`id`) ON DELETE NO ACTION ON UPDATE NO ACTION
) ENGINE=InnoDB AUTO_INCREMENT=4 DEFAULT CHARSET=latin1;

-- Dumping data for table staging_epro_kuarters_johor.officer_type: ~2 rows (approximately)
/*!40000 ALTER TABLE `officer_type` DISABLE KEYS */;
INSERT INTO `officer_type` (`id`, `officer_type`, `data_status`, `action_by`, `action_on`, `delete_by`, `delete_on`) VALUES
	(1, 'NEGERI', 1, NULL, NULL, NULL, NULL),
	(2, 'PERSEKUTUAN', 1, NULL, NULL, NULL, NULL);
/*!40000 ALTER TABLE `officer_type` ENABLE KEYS */;

-- Dumping structure for table staging_epro_kuarters_johor.operator
CREATE TABLE IF NOT EXISTS `operator` (
  `id` int(11) NOT NULL AUTO_INCREMENT,
  `operator_name` varchar(100) DEFAULT NULL,
  `operator_sign` varchar(50) DEFAULT NULL,
  `data_status` int(11) DEFAULT '1',
  PRIMARY KEY (`id`)
) ENGINE=InnoDB AUTO_INCREMENT=4 DEFAULT CHARSET=latin1;

-- Dumping data for table staging_epro_kuarters_johor.operator: ~3 rows (approximately)
/*!40000 ALTER TABLE `operator` DISABLE KEYS */;
INSERT INTO `operator` (`id`, `operator_name`, `operator_sign`, `data_status`) VALUES
	(1, 'DAN KE ATAS', '>=', 1),
	(2, 'HINGGA', '-', 1),
	(3, 'DAN KE BAWAH', '<=', 1);
/*!40000 ALTER TABLE `operator` ENABLE KEYS */;

-- Dumping structure for table staging_epro_kuarters_johor.organization
CREATE TABLE IF NOT EXISTS `organization` (
  `id` int(11) NOT NULL AUTO_INCREMENT,
  `code` int(11) NOT NULL DEFAULT '0',
  `name` varchar(255) DEFAULT NULL,
  `data_status` int(11) DEFAULT '1',
  `action_by` varchar(50) DEFAULT NULL,
  `action_on` varchar(50) DEFAULT NULL,
  PRIMARY KEY (`id`)
) ENGINE=InnoDB AUTO_INCREMENT=35 DEFAULT CHARSET=latin1;

-- Dumping data for table staging_epro_kuarters_johor.organization: ~18 rows (approximately)
/*!40000 ALTER TABLE `organization` DISABLE KEYS */;
INSERT INTO `organization` (`id`, `code`, `name`, `data_status`, `action_by`, `action_on`) VALUES
	(1, 0, 'Pejabat Setiausaha Kerajaan Johor, Bahagian Sains Teknologi dan ICT', 1, NULL, NULL),
	(2, 0, 'Pejabat Daerah Kluang', 1, NULL, NULL),
	(3, 0, 'Pejabat Daerah Muar', 1, NULL, NULL),
	(4, 0, 'Majlis Perbandaran Pontian', 1, NULL, NULL),
	(5, 0, 'Majlis Perbandaran Batu Pahat', 1, NULL, NULL),
	(6, 0, 'Majlis Bandaraya Iskandar Puteri', 1, NULL, NULL),
	(7, 0, 'Majlis Bandaraya Johor Bahru', 1, NULL, NULL),
	(8, 0, 'Yayasan Warisan Johor', 1, NULL, NULL),
	(10, 0, 'PENTADBIRAN KERAJAAN NEGERI JOHOR', 1, NULL, '2022-11-13 11:28:50'),
	(11, 0, 'JABATAN PENDIDIKAN POLITEKNIK DAN KOLEJ KOMUNITI', 1, NULL, '2022-11-13 12:22:48'),
	(12, 0, 'SURUHANJAYA PERKHIDMATAN AWAM JOHOR', 1, NULL, '2022-11-14 18:10:58'),
	(13, 0, 'SURUHANJAYA PERKHIDMATAN AWAM JOHOR', 1, NULL, '2022-11-14 18:11:01'),
	(19, 0, 'JABATAN PENILAIAN DAN PERKHIDMATAN HARTA', 1, NULL, '2022-11-17 11:34:30'),
	(27, 0, 'KEMENTERIAN KESIHATAN MALAYSIA', 1, NULL, '2022-11-29 10:25:08'),
	(28, 0, 'MAJLIS PERBANDARAN KLUANG', 1, NULL, '2022-11-29 11:29:18'),
	(32, 0, 'PEJABAT DAERAH PONTIAN', 1, NULL, '2022-11-29 16:44:01'),
	(33, 0, 'PEJABAT DAERAH BATU PAHAT', 1, NULL, '2022-11-29 16:45:07'),
	(34, 0, 'PEJABAT DAERAH KOTA TINGGI', 1, NULL, '2022-11-29 16:54:09');
/*!40000 ALTER TABLE `organization` ENABLE KEYS */;

-- Dumping structure for table staging_epro_kuarters_johor.password_resets
CREATE TABLE IF NOT EXISTS `password_resets` (
  `id` int(11) NOT NULL AUTO_INCREMENT,
  `users_id` int(11) DEFAULT NULL,
  `token` varchar(50) DEFAULT NULL,
  `action_on` timestamp NULL DEFAULT CURRENT_TIMESTAMP,
  `data_status` int(11) DEFAULT '1',
  PRIMARY KEY (`id`)
) ENGINE=InnoDB AUTO_INCREMENT=295 DEFAULT CHARSET=latin1;

-- Dumping data for table staging_epro_kuarters_johor.password_resets: ~321 rows (approximately)
/*!40000 ALTER TABLE `password_resets` DISABLE KEYS */;
INSERT INTO `password_resets` (`id`, `users_id`, `token`, `action_on`, `data_status`) VALUES
	(1, 144, '7O3VYWQNDR540ET2GULA', '2022-10-11 14:27:43', 1),
	(2, 145, 'VLBN50MSQ73IZUJF6R1D', '2022-10-11 14:34:15', 1),
	(3, 146, 'LTCQZN9JU1WSP702486I', '2022-10-13 11:22:36', 0),
	(4, 147, '4LBXRCVYJEH6WNFOPG2A', '2022-10-13 11:40:33', 1),
	(5, 148, '57PYL1AB036XNCDKIOT4', '2022-10-13 11:43:52', 0),
	(6, 153, 'SJOQKUM8CVI6LARXP245', '2022-10-18 10:25:29', 1),
	(7, 154, 'H0ZGMKQU45ERSBIAO6J3', '2022-10-18 11:45:12', 0),
	(8, 154, '36VR70MCT8FLXWGAS9O2', '2022-10-18 11:53:56', 0),
	(9, 160, 'T9RWNUEQOIFS0G3VK72M', '2022-10-25 09:12:09', 1),
	(10, 161, '3JPVTC126NWHMUBO7I8S', '2022-10-25 11:08:00', 1),
	(11, 162, 'YUNVAFGDP74CSE2QIJT1', '2022-10-25 12:03:19', 1),
	(12, 163, 'POJ7HC84DNSXF5IW1YKU', '2022-10-25 12:13:46', 1),
	(13, 164, 'X1T6A3QOU8SD4CV5JG72', '2022-10-25 12:40:48', 1),
	(14, 165, 'UX0WKVP64OIQ258B39GM', '2022-10-25 13:01:28', 1),
	(15, 166, 'LJDU8Y5VH70BR93PC1SN', '2022-10-26 09:56:18', 1),
	(16, 167, '1CK4IYPBM6NF9J5ZQRDT', '2022-10-26 11:14:50', 0),
	(17, 168, 'DBPW2640GF53UR8KNYCJ', '2022-10-26 11:27:58', 1),
	(18, 169, 'A92V4P3WLXJ1NY8DQHTO', '2022-10-26 12:04:29', 1),
	(19, 170, 'KYB5CP1QE86LDW9UM27Z', '2022-10-26 12:43:08', 1),
	(20, 171, 'OPIAN3SVU48CY7F021GQ', '2022-10-26 12:55:38', 0),
	(21, 171, 'PSWJ07XRMBT4G6N8391I', '2022-10-26 13:00:16', 1),
	(22, 172, '2J3QSA9RWHPIVN6CX7FG', '2022-10-26 15:23:33', 1),
	(23, 173, '1C7M9YFUGZX8DHVIAS20', '2022-10-26 15:23:57', 1),
	(24, 174, '95CE8PGMND43WZ0XQ7FY', '2022-10-26 15:32:36', 0),
	(25, 175, 'XH7TU6RBAL2FK0WZ93ME', '2022-10-27 10:18:43', 1),
	(26, 176, 'SRDMELAQX4HZ2WO1G3NV', '2022-10-27 12:01:15', 1),
	(27, 177, 'IOV6S45EMB9XN3YKJU27', '2022-10-27 16:35:10', 0),
	(28, 178, '2G753IWDJBFYAEOUCVSN', '2022-10-31 09:52:10', 1),
	(29, 68, 'G1JYS6MW89I0N7DLVAR2', '2022-10-31 09:56:59', 0),
	(30, 179, 'R68UF4S5EW7XG1BK0PMN', '2022-10-31 10:05:26', 1),
	(31, 51, '8V5OYWARDJFHPLN0BEQM', '2022-10-31 10:34:09', 0),
	(32, 180, 'OFQ2TW8SHGUZJ37D6NPB', '2022-10-31 11:09:55', 1),
	(33, 51, 'NSF04WTDQE5U8BG96VCH', '2022-10-31 11:32:11', 0),
	(34, 181, '8PON01K72HQ4IESLBF6Y', '2022-10-31 16:00:12', 1),
	(35, 176, 'G407QDE1JC3K5YA6TPXS', '2022-11-01 15:03:17', 0),
	(36, 65, 'ON4ZWIE7DT1XKFRSVG0Q', '2022-11-02 10:53:42', 1),
	(37, 65, 'AQGM9SV8T35XI7ORNBJC', '2022-11-02 10:58:46', 1),
	(38, 182, '9L0M3672PBNOZJV5F48T', '2022-11-02 16:06:48', 1),
	(39, 183, '8LFT9IZKO4QP7E2Y3RDB', '2022-11-03 10:47:08', 1),
	(40, 184, 'G7HVWK3S0EXC9Q6B8JAP', '2022-11-03 10:51:21', 1),
	(41, 10, 'HPBU1ICKR5MOJFQ73D62', '2022-11-03 12:12:54', 1),
	(42, 10, 'G8XDCTVJEY4F6N307LBI', '2022-11-03 12:13:57', 1),
	(43, 185, 'MRKISJ59OYGC64QH08D3', '2022-11-03 12:24:51', 1),
	(44, 10, 'W1QUGFEAL4J5ZMX8T02V', '2022-11-03 12:28:54', 1),
	(45, 186, '8G2RL5VWUKIH376ETOZN', '2022-11-03 12:29:37', 1),
	(46, 68, '46SGELACBWVXZU5K0D27', '2022-11-03 12:32:11', 1),
	(47, 176, 'MXD3ER0CYH6WJZLTUIB9', '2022-11-03 17:16:23', 1),
	(48, 50, '69UALZJXNPYBI7WRK3CS', '2022-11-04 12:02:47', 1),
	(49, 69, 'F167PCL3R09NAQHTYJ8K', '2022-11-04 12:03:49', 1),
	(50, 187, 'MBA0TROQS6ZLDWF8UP7G', '2022-11-06 08:32:42', 0),
	(51, 188, 'YGH0BVS6DNPARMXZEO4L', '2022-11-06 09:05:23', 0),
	(52, 188, '5O6PRG2YDXKAZNQSW37C', '2022-11-06 09:08:05', 0),
	(53, 188, '69UALRECBK1GJ2DM5NPX', '2022-11-06 09:15:39', 0),
	(54, 189, 'F5YCUXHG9POI6KDERNTL', '2022-11-06 09:18:27', 0),
	(55, 188, 'DKE9ITWCUAGN53H40MYP', '2022-11-06 09:20:45', 0),
	(56, 190, 'H3VSO4KJLBGD75W9A0XM', '2022-11-06 09:29:04', 1),
	(57, 190, '9HJXT0Z7UGKYAM6LOVDN', '2022-11-06 09:29:32', 1),
	(58, 191, 'PG85HZQNAM96VCTO1L32', '2022-11-06 09:36:51', 0),
	(59, 188, 'WVC6TIESJX8OA2BPLQN9', '2022-11-06 09:37:19', 0),
	(60, 192, '0Q4NC135LTRFOJUWEA7Y', '2022-11-06 10:24:54', 1),
	(61, 188, '5CMAYLZHQVE318GJWK06', '2022-11-06 10:37:23', 0),
	(62, 180, 'MGV2EN98UFJDZPWBLCSI', '2022-11-06 11:04:48', 1),
	(63, 193, 'LUMKIS0B4CPJE728W3FR', '2022-11-06 11:21:12', 1),
	(64, 194, '2N0ORBF8DPCTLYSUH39E', '2022-11-06 11:57:14', 0),
	(65, 195, '1ANCZ0U7WHR3DQTESPVL', '2022-11-06 12:04:18', 1),
	(66, 195, 'CSX5378LV6BNO9DP1IQJ', '2022-11-06 12:27:56', 1),
	(67, 195, 'OX107PLFSG9Q2YKJCDU6', '2022-11-06 12:28:51', 1),
	(68, 196, '9CB21GW3DUEKRSXYV5A8', '2022-11-06 13:56:38', 1),
	(69, 197, 'QPBNG7DTJFL8Y30VOU2M', '2022-11-06 14:08:39', 1),
	(70, 197, 'X7PR5OZVTQI1GN3CY4JU', '2022-11-06 14:15:58', 1),
	(71, 193, 'RB9V8S173PDH4U5TO6XL', '2022-11-06 14:55:54', 0),
	(72, 198, 'V9FLUD2GTZSPEB13HO6J', '2022-11-06 16:47:45', 0),
	(73, 74, 'ZHV2DT1BC3F5JESXL0RO', '2022-11-06 16:51:25', 0),
	(74, 140, 'OQN1XM6SZWCKG82IPY3U', '2022-11-06 16:57:21', 0),
	(75, 138, '2LRD9ATHGZJF4CB710KW', '2022-11-06 17:12:19', 0),
	(76, 198, '0O39DCAHI62WGSZKQL8J', '2022-11-06 17:14:39', 0),
	(77, 132, 'SXDYTIAG6CQ1JH9PU8EF', '2022-11-06 17:17:08', 0),
	(78, 51, 'WOHUF0CSIPD5RVQLT9GJ', '2022-11-06 17:50:12', 0),
	(79, 102, '375WKQ6MXCHY920UFZS1', '2022-11-06 21:42:40', 0),
	(80, 104, 'HW6V2NYIZUL1OEA5KGBQ', '2022-11-06 21:45:58', 0),
	(81, 103, 'CA02NO3QY4B8SI6FG7PE', '2022-11-06 21:47:53', 0),
	(82, 105, 'DRU2G9HXIK4LOJMP03EQ', '2022-11-06 21:49:19', 0),
	(83, 106, '8WQR623CEZDAUHNOMV9K', '2022-11-06 21:50:19', 0),
	(84, 107, '08UT7JD5H64WEFGAROPZ', '2022-11-06 21:52:16', 0),
	(85, 108, 'XFUQMJAEO9GBL1Z2IKTN', '2022-11-06 21:53:15', 0),
	(86, 109, '4LWSY6FC9PIRAMGTXO32', '2022-11-06 21:54:28', 0),
	(87, 110, 'HC1K0UPZONEL4WRSGM8A', '2022-11-06 21:55:19', 0),
	(88, 118, 'HFU1KIZ6NJ9AXRTM4E5O', '2022-11-06 22:01:43', 0),
	(89, 119, 'QXWO0VCLU7KGEJZ8MY24', '2022-11-06 22:02:24', 0),
	(90, 120, 'PB12EF06KQUOG3HWCYST', '2022-11-06 22:03:04', 0),
	(91, 121, '6QTVZOK182B0HMERXYPW', '2022-11-06 22:03:54', 0),
	(92, 130, '9C4UEPJSLKN6ZI20WG1H', '2022-11-06 22:04:38', 0),
	(93, 131, 'TIZ9LK08J357BNPUD1EA', '2022-11-06 22:05:25', 0),
	(94, 132, '92P3WTH4B0OILNY75JRM', '2022-11-06 22:06:12', 0),
	(95, 133, '1SLRK4H0UZ6VFWX7BP5C', '2022-11-06 22:06:53', 0),
	(96, 134, 'V3J4TN8QXGZY9PIBFE2S', '2022-11-06 22:07:31', 0),
	(97, 135, 'CWH8MGID4PFX2EYV6917', '2022-11-06 22:08:21', 0),
	(98, 136, 'PEGQ1BVAD6UK4T093MHX', '2022-11-06 22:09:11', 0),
	(99, 137, '8N9OPCK4X7U01Y2HDJVM', '2022-11-06 22:09:46', 0),
	(100, 138, 'VZ4JF2I89PEAG0LYWDX5', '2022-11-06 22:10:21', 0),
	(101, 140, '6XE0MLA3HJOVNUSWGB4K', '2022-11-06 22:11:10', 0),
	(102, 141, 'W4BPM2CRXJT0GNAHYVZ9', '2022-11-06 22:42:42', 0),
	(103, 68, 'VTH4YXCUN7BS2MQZP5OG', '2022-11-06 22:43:35', 0),
	(104, 69, '58YEH1X70ILOZD3M2T9F', '2022-11-06 22:44:16', 0),
	(105, 70, '5XZSBP72JHEOTNLYD81U', '2022-11-06 22:44:56', 0),
	(106, 71, '5DOCUWN9EJAVFRP67KT0', '2022-11-06 22:45:38', 0),
	(107, 74, 'L5D4WZG6KSU9VOR8PFI7', '2022-11-06 22:46:22', 0),
	(108, 65, 'Q9THCLDB132PIW7SOREA', '2022-11-06 23:41:58', 1),
	(109, 199, 'MJ2ZGEBTD3U0A5N1ILR7', '2022-11-06 23:46:07', 1),
	(110, 162, 'MYV6LX2HJ5I14Q7NK0US', '2022-11-06 23:47:06', 1),
	(111, 200, 'G9RWBYO78QXNSUF2EP5D', '2022-11-07 00:48:26', 1),
	(112, 194, 'VPXG0KURT6HEQ7YL5OWM', '2022-11-07 08:11:45', 0),
	(113, 201, '4TNAHLFP0Q6G1OYMWIC9', '2022-11-07 09:57:12', 0),
	(114, 202, 'K5P7RQ941J8BOWYDVAH6', '2022-11-07 10:36:54', 1),
	(115, 202, 'FS5LTMZNYJ4IK7XAERWB', '2022-11-07 10:51:29', 1),
	(116, 202, 'IPEXCF6GA8425R3H9Q7J', '2022-11-07 10:54:02', 1),
	(117, 203, 'M4P8DG2UW9F37CZASR5E', '2022-11-07 11:23:04', 1),
	(118, 204, 'I4U9V08D2HECYW76ZFOB', '2022-11-07 11:29:14', 1),
	(119, 205, '8JVZ0P6GAMQENIT4DRF7', '2022-11-07 11:36:01', 1),
	(120, 206, 'NL2MZEG30KVWDPHUJT1B', '2022-11-07 11:47:38', 1),
	(121, 207, '8Y2UNJ7R03SFELCX5KBV', '2022-11-07 11:52:14', 1),
	(122, 10, 'ASBGZMDCP6EJV7OHFL38', '2022-11-07 11:55:57', 0),
	(123, 208, 'JADV4TZ96MOYX58PGHN7', '2022-11-07 11:58:23', 1),
	(124, 209, 'K67VZ5SXGQD042FWYO8M', '2022-11-07 11:58:52', 1),
	(125, 178, '16KJVUS9DGNCL3BWERP7', '2022-11-07 12:00:03', 1),
	(126, 210, 'A7ZRNJBI61QGVSCK53H9', '2022-11-07 15:55:46', 1),
	(127, 175, '3OAJK5ERQF9BXCD687M2', '2022-11-07 16:19:36', 1),
	(128, 202, '7HF52JZVD8MC9PKS6WI4', '2022-11-07 16:25:31', 1),
	(129, 202, '2VE63LRCAUWB1KG47PQO', '2022-11-07 16:26:57', 0),
	(130, 202, 'XMSRBUWHFOZ5NI1TQ90K', '2022-11-07 16:34:03', 0),
	(131, 202, 'M60UNQCPD5Z4XO2E79FJ', '2022-11-07 16:39:39', 0),
	(132, 202, '36ERJ2B0LIS5OM1VN7Z8', '2022-11-07 16:43:15', 0),
	(133, 211, '0Q94DNJCGU1PT23S6IZW', '2022-11-08 00:10:13', 1),
	(134, 212, 'DTY7B0AOJ51QP8INSZKG', '2022-11-08 00:13:30', 1),
	(135, 212, '1WBVJSHZTFC47R3AK58P', '2022-11-08 00:23:18', 0),
	(136, 212, '1YZOSVFLHA73U9T8KWRM', '2022-11-08 00:59:14', 0),
	(137, 181, '8RJPMHK052197LUC6YNO', '2022-11-08 01:36:20', 1),
	(138, 202, 'AQN4RHIC7JW5VXFZ28YP', '2022-11-08 09:35:58', 0),
	(139, 206, 'UMKSN6VIYB1TO5P8AWC0', '2022-11-08 10:20:59', 0),
	(140, 188, '7VQRU4T6XEZN1BJ2F9M8', '2022-11-08 16:17:14', 0),
	(141, 213, 'GCUIT4NQSF3OM672ZLHV', '2022-11-09 09:11:04', 0),
	(142, 146, '0XDCEMABP6R29HFNJLZG', '2022-11-09 11:44:20', 0),
	(143, 203, 'KB9HVLAR3NUC0SZ4527E', '2022-11-09 11:56:01', 0),
	(144, 202, 'YQ28R4VSLWEFOTMCBXH6', '2022-11-09 12:06:27', 0),
	(145, 202, 'M7B4JLHOP6TRF5DAWSKU', '2022-11-09 12:21:04', 0),
	(146, 214, 'IZH58ARFY426VX9QEPLB', '2022-11-09 12:52:31', 0),
	(147, 215, 'EA3FGUJ2ZB5OW7Q49IY8', '2022-11-09 14:16:46', 0),
	(148, 208, 'INK6UX2MV8ZF1JW04OHL', '2022-11-09 14:19:41', 1),
	(149, 208, '9UWEJ8ROA3YLI0ZNGS1X', '2022-11-09 14:21:12', 0),
	(150, 216, 'STORUBMYF9C435XQHAVN', '2022-11-10 08:11:47', 1),
	(151, 216, 'V753PGJKLFMZB2S819TO', '2022-11-10 09:17:53', 1),
	(152, 216, 'IZ6SLPRN9QKA8MHF7GW1', '2022-11-10 09:19:55', 0),
	(153, 216, 'UTOV304NXM1WZ9SPC287', '2022-11-10 09:24:45', 0),
	(154, 217, 'KAJYLT7P9W6RCQGME8NV', '2022-11-10 10:08:51', 0),
	(155, 218, 'E58Z7OSFPAN4GRX3VLH9', '2022-11-10 15:23:47', 1),
	(156, 218, 'STE4QMLZOID0HPG8C7K1', '2022-11-10 15:30:08', 1),
	(157, 219, 'LSIABMH2U4QY8E3J0NDO', '2022-11-10 15:39:13', 0),
	(158, 220, '8QAUSEFWPNOKJI9HXB1R', '2022-11-10 16:52:12', 0),
	(159, 221, 'JRXC9T23AM4UE0V65I7F', '2022-11-11 01:24:43', 0),
	(160, 221, '8F5DT0KXCG19ON7YMILH', '2022-11-11 01:34:00', 0),
	(161, 222, 'M92401NYC7EV63SBHTXJ', '2022-11-11 11:19:13', 0),
	(162, 223, 'Y57NGRCF09OIDHV1WK2X', '2022-11-11 11:24:55', 0),
	(163, 223, 'DVXJW7QY9435UTPCM216', '2022-11-11 11:28:37', 0),
	(164, 223, '30SMZH9VO167PCRYLBI8', '2022-11-11 11:30:13', 0),
	(165, 68, 'SRIHZQAD813M9TUGK6B2', '2022-11-11 12:12:03', 1),
	(166, 172, 'SIW01ZL3HF9VXT56GDEA', '2022-11-11 12:13:46', 1),
	(167, 224, 'UBCFKYGJAZE1ST9XMR52', '2022-11-11 13:51:29', 0),
	(168, 199, 'VPHSMQU9NT47BJG3DIO0', '2022-11-11 14:04:45', 1),
	(169, 199, 'ZGLIQU8DWVXCRP07N1O6', '2022-11-11 14:10:39', 1),
	(170, 225, 'FHLYO8A4UTE0INMG7JP3', '2022-11-11 14:11:31', 0),
	(171, 224, 'SADEF309PYXORZH8JIWN', '2022-11-11 14:22:31', 1),
	(172, 226, 'EKRJYDM9P3T6FASHBV47', '2022-11-11 20:04:59', 0),
	(173, 228, 'XI7A95QFVUW280DOGHJZ', '2022-11-13 11:28:49', 1),
	(174, 229, 'W9IUOBD2JTXSZC3KNG5A', '2022-11-13 12:22:49', 0),
	(175, 230, 'CH7D9324SNXAIGW5QTM0', '2022-11-13 12:47:55', 1),
	(176, 231, 'B6YZFWDR0JAICHML12SQ', '2022-11-13 14:01:29', 0),
	(177, 232, 'TVHEI3R78MS5GJZY490B', '2022-11-13 14:10:31', 1),
	(178, 210, 'QBEN986HKJ1LZUPGDX4S', '2022-11-13 14:59:35', 0),
	(179, 173, 'Q873TCUZH2JA6SOYD1ML', '2022-11-13 15:07:45', 0),
	(180, 228, 'OGE1NIXF5DBSY238ALJH', '2022-11-13 15:25:32', 1),
	(181, 232, '4XP719T35R2OMA0EVCFN', '2022-11-14 09:00:34', 1),
	(182, 231, '5MKCJ1FDPWT7Q6LEO2VU', '2022-11-14 09:16:35', 1),
	(183, 232, 'JQW83DTKX0OIEFNU4LPH', '2022-11-14 09:42:42', 1),
	(184, 233, 'E9PL165BIOZQCXDM4GRK', '2022-11-14 09:43:08', 0),
	(185, 233, '35SB4Y62TFMP1J0ORGDE', '2022-11-14 09:43:53', 1),
	(186, 234, 'UJOZMPNDX3YA1QIRLV9E', '2022-11-14 09:45:01', 1),
	(187, 234, 'XF2UKEPHRDBS6ZYLVN9T', '2022-11-14 09:45:43', 0),
	(188, 234, '0K6XMNA3HC4LPITFD2WY', '2022-11-14 09:47:53', 1),
	(189, 232, '8GRCFEPV57WAQYN04J6U', '2022-11-14 10:16:43', 0),
	(190, 235, 'QM6LI5PBS87Z43UHVN9D', '2022-11-14 11:02:16', 0),
	(191, 235, 'RFU1YS98VXECPZ47QJK0', '2022-11-14 11:09:18', 0),
	(192, 235, 'VIU0164R5HLSC2QGKY3O', '2022-11-14 11:09:38', 0),
	(193, 235, 'LBY7CX1J4DV69FQNEPW5', '2022-11-14 14:45:28', 1),
	(194, 232, '69EZUTJ4Q8MVFLAPHXD0', '2022-11-14 15:39:14', 0),
	(195, 232, 'WNZAYS63U9RQDLB7XP5E', '2022-11-14 17:09:09', 1),
	(196, 232, 'NC4Q7XOE6GR0VKMWADFI', '2022-11-14 17:14:34', 0),
	(197, 236, '4SO7E9PFI3QJ8WAG0NLD', '2022-11-14 18:10:58', 1),
	(198, 237, '5SAC621I7GXRJU3NBZOQ', '2022-11-14 18:11:00', 1),
	(199, 232, '89N7P30VBALXTKYZ5IWD', '2022-11-14 22:50:57', 0),
	(200, 232, '51LSGB8XETDFM60AIR4Y', '2022-11-14 23:00:51', 1),
	(201, 232, 'AYIHT49ORJKXL3DB20UG', '2022-11-15 08:06:00', 0),
	(202, 232, 'Z9VSBH3678DFGI2LW0YX', '2022-11-15 08:08:33', 1),
	(203, 237, '8SE5NB31X7WCRI6ZVQMD', '2022-11-15 12:31:11', 1),
	(204, 229, 'YA7T9JP5BHV4SOLGX6R0', '2022-11-16 15:29:30', 1),
	(205, 243, '0GSBJ6F2VZNQA9RDH5CL', '2022-11-17 10:30:35', 0),
	(206, 243, 'R2D5VC3MFPGQ9ELN7B4S', '2022-11-17 10:36:41', 1),
	(207, 243, 'FQ5OC163GTWEDNA942BY', '2022-11-17 10:55:00', 1),
	(208, 232, 'XOM9URA10WLQVK3D6JGN', '2022-11-17 10:58:39', 0),
	(209, 243, 'V5B73EJRG0I9K6MLDFAS', '2022-11-17 11:02:32', 1),
	(210, 244, 'GIE9OM4RHDWZ0N1QAK6P', '2022-11-17 11:34:31', 1),
	(211, 232, '40S2AXPTZWCIH9GU7DBF', '2022-11-17 11:34:51', 1),
	(212, 244, 'H8LMDJ4ZWQU0EXOKVGCS', '2022-11-17 11:37:19', 1),
	(213, 237, 'H1N6FS5PUCRE2OMXLBKW', '2022-11-17 11:37:33', 1),
	(214, 236, 'POE4ZBHRFDI58LNTVY0G', '2022-11-17 11:38:53', 1),
	(215, 246, 'NU3PFKDAWYZJLM6571I9', '2022-11-17 11:46:52', 1),
	(216, 246, 'ED9UK6JWCSL8HQTPV0YN', '2022-11-17 11:47:48', 0),
	(217, 224, 'EXI24N97HLUVTZ3DQ0FY', '2022-11-18 14:01:32', 1),
	(218, 224, '9QRGEO34F5CWDNSLVAUJ', '2022-11-18 14:02:04', 0),
	(219, 224, '7VTQP2IFSNOZGJKUAXWL', '2022-11-18 15:52:16', 0),
	(220, 68, '8RC5ZPXJM4OEYQWK63T9', '2022-11-18 23:47:52', 1),
	(221, 229, 'P6L84ITHKYQZ02JBSGXA', '2022-11-19 00:08:20', 1),
	(222, 247, 'BXWT5I3EFKN7LJM1VR29', '2022-11-22 09:01:32', 1),
	(223, 248, 'BQX16VY05D4SL2PJ7G3C', '2022-11-22 09:05:41', 0),
	(224, 10, 'GN09QK5TJVSHXB81724W', '2022-11-22 12:43:30', 1),
	(225, 10, '4G56KXODUHWFPIVNE9Q2', '2022-11-22 12:45:16', 1),
	(226, 10, 'DMTVBAK1H65NEJ0R8WUX', '2022-11-22 12:45:36', 1),
	(227, 19, '7OAQWDERSXC31LH5YBZ0', '2022-11-22 12:47:14', 1),
	(228, 249, 'MK6Y1SW354TGQJNPUO8L', '2022-11-22 22:04:04', 0),
	(229, 246, '2DWOJVICP90N5TQMXYBU', '2022-11-22 22:10:20', 0),
	(230, 248, 'X3D06CB8Y1WMEJT7GZKQ', '2022-11-23 09:03:56', 0),
	(231, 231, 'R9ATE1KHUL6VNZB7XG24', '2022-11-23 09:13:25', 0),
	(232, 231, 'OTF8JGWU9Q3ICVYSHK6X', '2022-11-23 10:04:09', 1),
	(233, 229, 'Z3AV41NJTQRPI5FDMYBL', '2022-11-23 10:06:12', 1),
	(234, 229, 'K9HZGQ5SUDVNP3W1R0XA', '2022-11-23 10:11:36', 1),
	(235, 250, '68QRUVF10Y4NGLEI29H3', '2022-11-23 10:14:36', 1),
	(236, 251, '0TW97PDOH6B5XLEC2YJ4', '2022-11-23 11:12:49', 0),
	(237, 246, 'TVI93QMKGSLBXJNUR1D8', '2022-11-23 11:15:28', 0),
	(238, 252, '0X8ZR9ETWICKSLJ16ND2', '2022-11-23 11:30:56', 1),
	(239, 253, 'WKB0RZT6SPL5GN7482O9', '2022-11-23 11:50:48', 0),
	(240, 19, 'WKH3LX9OZTUF4MCGDRN6', '2022-11-23 14:28:10', 1),
	(241, 224, 'XDQ4SIHR2ZPMEAWVK7UO', '2022-11-23 15:55:16', 0),
	(242, 249, '1SD6MHRIGA49BZ7NWUO3', '2022-11-24 21:30:44', 0),
	(243, 246, 'E7NRCXP1HD3MLQVSIYJA', '2022-11-24 21:36:21', 0),
	(244, 254, 'HEVSIM0KBTPDF5AXWLNO', '2022-11-28 20:50:15', 0),
	(245, 255, '3GUWDN279ZS58JXOAIEF', '2022-11-28 21:14:46', 0),
	(246, 256, 'DJOSH8NVQ6PAIZ14MKTU', '2022-11-28 22:03:08', 0),
	(247, 257, 'IF2L9Y3BQN4SA7KC5ZUJ', '2022-11-28 22:26:26', 0),
	(248, 264, '634KOAWNFLX79DQ2GT0S', '2022-11-29 10:25:07', 1),
	(249, 266, 'AUO8BNKV0D615H3C9WLQ', '2022-11-29 11:22:46', 0),
	(250, 267, 'DRS05T2GXLJ9NP14OK86', '2022-11-29 11:27:22', 0),
	(251, 268, 'OVIUP2GJW71N3HLSCKTM', '2022-11-29 11:29:19', 0),
	(252, 250, '2AYHUE68G7CNV3D01BIW', '2022-11-29 11:30:14', 1),
	(253, 250, 'VOQUY3FSJEHRG7DKL1IZ', '2022-11-29 11:33:23', 1),
	(254, 269, 'ES7YPRUNMGD8ZO519WTK', '2022-11-29 11:35:19', 1),
	(255, 273, 'WQ5I4G1JK9Y6VLHAUBDC', '2022-11-29 12:22:21', 0),
	(256, 274, 'L5K63FR4HNDY2ZB9M1QX', '2022-11-29 16:43:58', 0),
	(257, 275, 'YASIRW5EJDH71Z26BFKC', '2022-11-29 16:45:04', 1),
	(258, 276, 'Q52AS96GYHNFJZTIKR8W', '2022-11-29 16:52:12', 1),
	(259, 277, 'B7T6I5ULGM8APWQFHX2D', '2022-11-29 16:54:06', 1),
	(260, 278, 'WF58GAI1XEPNC3D6RS7L', '2022-11-29 16:54:54', 0),
	(261, 279, 'ZJAK8G6OQWH4Y2PDIT9V', '2022-11-30 10:04:27', 0),
	(262, 280, 'Z37XVF4OU18PHAYIKEGN', '2022-11-30 10:06:11', 1),
	(263, 234, 'BU0L2KRW5QCP9A7IJNHZ', '2022-11-30 10:29:49', 0),
	(264, 234, 'ANG0TKY13MC27L8ESQ5B', '2022-11-30 10:31:30', 0),
	(265, 234, 'O6JEQ3YBZCSGTHR84XFV', '2022-11-30 10:38:51', 0),
	(266, 281, 'Y5LTSO9RHXCQPJG86VIW', '2022-11-30 10:49:12', 1),
	(267, 282, 'KWBCQ2S8VEM4N70ZPU69', '2022-11-30 10:49:27', 0),
	(268, 283, 'JZTN4SVI0RY8WLF5KG7X', '2022-11-30 10:49:34', 1),
	(269, 284, 'TH621UOZXG0CPES4793M', '2022-11-30 10:50:05', 1),
	(270, 279, '92TY7DQ6NFZSE4K8GJ1M', '2022-11-30 10:58:47', 0),
	(271, 278, '8CMY2T31NU5XV7SLOBIG', '2022-11-30 10:58:48', 0),
	(272, 234, '7ZKB3T64UM0G9HC58V2F', '2022-11-30 11:05:53', 1),
	(273, 283, 'MFCZ3S42E7BD0JG681IN', '2022-11-30 11:08:03', 1),
	(274, 285, 'M93G5KIWAFZYV4E8X1DC', '2022-11-30 11:11:56', 0),
	(275, 286, 'Q98FZ3VW12TPUG5OSLR7', '2022-11-30 11:12:56', 1),
	(276, 287, 'DN5XTZPHOKL07YRMIJG9', '2022-11-30 12:06:40', 1),
	(277, 288, 'C4GPQLTXU0YIA5OFZ82H', '2022-11-30 12:08:56', 1),
	(278, 288, '1ZBKMF4DHW2IR3NY0GPU', '2022-11-30 14:52:45', 0),
	(279, 289, 'ST8GXL34CMI1U9ERF26P', '2022-11-30 15:01:42', 1),
	(280, 290, 'Z8BM7H4L6CDOJIG013PN', '2022-11-30 15:01:45', 1),
	(281, 289, 'SOY4X8UG0JDBQAWFCMN3', '2022-11-30 15:04:51', 1),
	(282, 289, 'XMQTVGSA7HF2OWP0NYZU', '2022-11-30 15:10:06', 0),
	(283, 291, 'UHQFXJ1GLCW4VRABMOP7', '2022-11-30 15:15:44', 0),
	(284, 292, 'JAEX0W2KP5TMR4DZFBGN', '2022-12-01 09:25:06', 1),
	(285, 293, 'K9Q35JFITCROLDU0HYB8', '2022-12-01 09:26:41', 0),
	(286, 257, 'REX8YZPJ954U6H7VD2NO', '2022-12-01 09:57:23', 0),
	(287, 224, '79CTHUI5YLD0QFO2G3ZM', '2022-12-02 16:08:25', 1),
	(288, 224, '9R3VPNT1AUDSZM4ECXBG', '2022-12-02 16:10:23', 0),
	(289, 224, 'AU7ORCKL2H09EI3M4NQF', '2022-12-02 16:23:25', 1),
	(290, 294, 'JP2WUMQ4YNH6Z7XSCAOB', '2022-12-02 16:30:32', 1),
	(291, 294, 'TW6J9X23YU7PQ8OHI5FK', '2022-12-02 16:36:07', 1),
	(292, 295, '64Y9JE1O7KQ5SALBNDPZ', '2022-12-02 16:37:27', 1),
	(293, 295, 'SR4H2KFMX6WN9ZCDLY73', '2022-12-02 16:38:30', 1),
	(294, 296, '9LJ6M1NB40FASQXCUIO8', '2022-12-02 16:43:06', 1);
/*!40000 ALTER TABLE `password_resets` ENABLE KEYS */;

-- Dumping structure for table staging_epro_kuarters_johor.personal_access_tokens
CREATE TABLE IF NOT EXISTS `personal_access_tokens` (
  `id` bigint(20) unsigned NOT NULL AUTO_INCREMENT,
  `tokenable_type` varchar(255) COLLATE utf8mb4_unicode_ci NOT NULL,
  `tokenable_id` bigint(20) unsigned NOT NULL,
  `name` varchar(255) COLLATE utf8mb4_unicode_ci NOT NULL,
  `token` varchar(64) COLLATE utf8mb4_unicode_ci NOT NULL,
  `abilities` text COLLATE utf8mb4_unicode_ci,
  `expires_at` timestamp NULL DEFAULT NULL,
  `last_used_at` timestamp NULL DEFAULT NULL,
  `created_at` timestamp NULL DEFAULT NULL,
  `updated_at` timestamp NULL DEFAULT NULL,
  PRIMARY KEY (`id`) USING BTREE,
  UNIQUE KEY `personal_access_tokens_token_unique` (`token`) USING BTREE,
  KEY `personal_access_tokens_tokenable_type_tokenable_id_index` (`tokenable_type`(191),`tokenable_id`) USING BTREE
) ENGINE=InnoDB DEFAULT CHARSET=utf8mb4 COLLATE=utf8mb4_unicode_ci;

-- Dumping data for table staging_epro_kuarters_johor.personal_access_tokens: ~0 rows (approximately)
/*!40000 ALTER TABLE `personal_access_tokens` DISABLE KEYS */;
/*!40000 ALTER TABLE `personal_access_tokens` ENABLE KEYS */;

-- Dumping structure for table staging_epro_kuarters_johor.position
CREATE TABLE IF NOT EXISTS `position` (
  `id` int(11) NOT NULL AUTO_INCREMENT,
  `position_name` varchar(255) DEFAULT NULL,
  `data_status` tinyint(4) DEFAULT '1',
  `action_by` int(11) DEFAULT NULL,
  `action_on` datetime DEFAULT NULL,
  `delete_by` int(11) DEFAULT NULL,
  `delete_on` datetime DEFAULT NULL,
  PRIMARY KEY (`id`),
  KEY `FK_position_users` (`action_by`),
  KEY `FK_position_users_2` (`delete_by`),
  CONSTRAINT `FK_position_users` FOREIGN KEY (`action_by`) REFERENCES `users` (`id`) ON DELETE NO ACTION ON UPDATE NO ACTION,
  CONSTRAINT `FK_position_users_2` FOREIGN KEY (`delete_by`) REFERENCES `users` (`id`) ON DELETE NO ACTION ON UPDATE NO ACTION
) ENGINE=InnoDB AUTO_INCREMENT=57 DEFAULT CHARSET=latin1;

-- Dumping data for table staging_epro_kuarters_johor.position: ~44 rows (approximately)
/*!40000 ALTER TABLE `position` DISABLE KEYS */;
INSERT INTO `position` (`id`, `position_name`, `data_status`, `action_by`, `action_on`, `delete_by`, `delete_on`) VALUES
	(1, 'PENOLONG PEGAWAI TEKNOLOGI MAKLUMAT', 1, 10, '2022-10-10 03:50:12', NULL, NULL),
	(2, 'PENOLONG AKAUNTAN', 1, 10, '2022-10-10 03:50:25', NULL, NULL),
	(3, 'PEGAWAI TEKNOLOGI MAKLUMAT', 1, 68, '2022-10-10 03:57:31', NULL, NULL),
	(4, 'PEGAWAI KOMPUTER', 0, 15, '2022-10-11 03:06:02', 118, '2022-10-11 03:36:50'),
	(5, 'PEMBANTU TADBIR', 1, 10, '2022-10-11 03:36:14', NULL, NULL),
	(6, 'PEMBANTU EHWAL EKONOMI', 1, 10, '2022-10-11 03:36:29', NULL, NULL),
	(7, 'VU7', 0, 10, '2022-10-11 03:36:40', 10, '2022-10-11 03:37:22'),
	(8, 'PENOLONG JURUTERA', 1, 118, '2022-10-11 03:37:31', NULL, NULL),
	(9, 'PENOLONG PEGAWAI TADBIR', 1, 10, '2022-10-11 03:42:07', NULL, NULL),
	(10, 'PEGAWAI TADBIR', 1, 10, '2022-10-11 03:42:24', NULL, NULL),
	(11, 'KETUA POLIS', 0, 10, '2022-10-11 03:42:44', 10, '2022-10-11 03:43:14'),
	(12, 'AHLI MUZIK', 1, 10, '2022-11-28 12:39:49', NULL, NULL),
	(13, 'ARKITEK', 1, 118, '2022-10-11 03:45:03', NULL, NULL),
	(14, 'PEMBANTU KESIHATAN', 1, 10, '2022-10-11 03:45:17', NULL, NULL),
	(15, 'JURUTERA', 1, 118, '2022-10-11 03:45:17', NULL, NULL),
	(16, 'PEGAWAI PERTANIAN', 1, 118, '2022-10-11 03:45:31', NULL, NULL),
	(17, 'PEGAWAI KHIDMAT PELANGGAN', 1, 10, '2022-10-11 03:45:41', NULL, NULL),
	(18, 'PEMANDU KENDERAAN', 1, 10, '2022-10-11 03:46:28', NULL, NULL),
	(19, 'PENGAWAS HUTAN', 1, 10, '2022-10-11 03:46:41', NULL, NULL),
	(20, 'PENOLONG JURUUKUR', 1, 118, '2022-10-11 03:46:46', NULL, NULL),
	(21, 'PEGAWAI BELIA DAN SUKAN', 1, 10, '2022-10-11 03:46:58', NULL, NULL),
	(22, 'PEMBANTU PENGUATKUASA', 1, 118, '2022-10-11 03:47:00', NULL, NULL),
	(23, 'PENGAWAL KESELAMATAN', 1, 118, '2022-10-11 03:47:14', NULL, NULL),
	(24, 'PEGAWAI KESIHATAN PERSEKITARAN', 1, 10, '2022-10-11 03:47:25', NULL, NULL),
	(25, 'PENOLONG PEGAWAI KAWALAN ALAM SEKITAR', 1, 118, '2022-10-11 03:47:50', NULL, NULL),
	(26, 'PEMBANTU OPERASI', 1, 10, '2022-10-11 03:48:11', NULL, NULL),
	(27, 'PEMBANTU KEMAHIRAN', 1, 10, '2022-10-11 03:48:36', NULL, NULL),
	(28, 'AKAUNTAN', 1, 10, '2022-10-11 04:13:44', NULL, NULL),
	(29, 'JURUAUDIT', 1, 10, '2022-10-11 04:14:18', NULL, NULL),
	(30, 'JURUTEKNIK KOMPUTER', 1, 10, '2022-10-11 04:14:29', NULL, NULL),
	(31, 'RENJER HUTAN', 1, 10, '2022-10-11 04:15:08', NULL, NULL),
	(32, 'TIMBALAN SETIAUSAHA KERAJAAN (PENGURUSAN)', 1, 10, '2022-10-11 06:56:44', NULL, NULL),
	(33, 'SETIAUSAHA BAHAGIAN', 1, 10, '2022-10-11 06:57:39', NULL, NULL),
	(34, 'PEMBANTU TADBIR KANAN', 1, 10, '2022-10-11 07:01:32', NULL, NULL),
	(35, 'PEMBANTU KHAS (JUSA B)', 1, 10, '2022-10-17 09:37:58', NULL, NULL),
	(36, 'PEMBANTU KHAS', 0, 10, '2022-10-18 06:03:42', 10, '2022-10-18 06:08:02'),
	(37, 'AAA', 0, 10, '2022-10-19 03:04:41', 10, '2022-10-19 03:04:45'),
	(42, 'Pembantu Tadbir (Perkeranian/Operasi)', 1, NULL, '2022-11-13 11:28:49', NULL, NULL),
	(43, 'Pensyarah', 1, NULL, '2022-11-13 12:22:48', NULL, NULL),
	(44, 'Pustakawan', 1, NULL, '2022-11-13 12:47:56', NULL, NULL),
	(45, 'Pelukis Pelan (Kejuruteraan Awam)/Penolong Jurutera', 1, NULL, '2022-11-14 11:02:15', NULL, NULL),
	(46, 'PENOLONG PEGAWAI TEKNOLOGI  MAKLUMAT', 1, NULL, '2022-11-17 10:30:34', NULL, NULL),
	(51, 'JURURAWAT MASYARAKAT', 1, NULL, '2022-11-29 10:25:08', NULL, NULL),
	(53, 'JURURAWAT', 1, NULL, '2022-11-29 11:35:21', NULL, NULL);
/*!40000 ALTER TABLE `position` ENABLE KEYS */;

-- Dumping structure for table staging_epro_kuarters_johor.position_grade
CREATE TABLE IF NOT EXISTS `position_grade` (
  `id` int(11) NOT NULL AUTO_INCREMENT,
  `grade_no` varchar(50) DEFAULT NULL,
  `data_status` tinyint(4) DEFAULT '1',
  `action_by` int(11) DEFAULT NULL,
  `action_on` datetime DEFAULT NULL,
  `delete_by` int(11) DEFAULT NULL,
  `delete_on` datetime DEFAULT NULL,
  PRIMARY KEY (`id`),
  KEY `FK_position_grade_users` (`action_by`),
  KEY `FK_position_grade_users_2` (`delete_by`),
  CONSTRAINT `FK_position_grade_users` FOREIGN KEY (`action_by`) REFERENCES `users` (`id`) ON DELETE NO ACTION ON UPDATE NO ACTION,
  CONSTRAINT `FK_position_grade_users_2` FOREIGN KEY (`delete_by`) REFERENCES `users` (`id`) ON DELETE NO ACTION ON UPDATE NO ACTION
) ENGINE=InnoDB AUTO_INCREMENT=67 DEFAULT CHARSET=latin1;

-- Dumping data for table staging_epro_kuarters_johor.position_grade: ~66 rows (approximately)
/*!40000 ALTER TABLE `position_grade` DISABLE KEYS */;
INSERT INTO `position_grade` (`id`, `grade_no`, `data_status`, `action_by`, `action_on`, `delete_by`, `delete_on`) VALUES
	(1, '54', 0, 10, '2022-10-10 03:44:34', 10, '2022-10-10 03:48:40'),
	(2, '48 - 52', 0, 10, '2022-10-10 03:44:49', 10, '2022-10-10 03:48:37'),
	(3, '41 - 47', 0, 10, '2022-10-10 03:44:59', 10, '2022-10-10 03:48:34'),
	(4, 'JUSA C', 0, 10, '2022-10-10 03:45:16', 10, '2022-10-10 03:48:43'),
	(5, '29', 1, 10, '2022-10-10 03:48:51', NULL, NULL),
	(6, '41', 1, 10, '2022-10-10 03:49:00', NULL, NULL),
	(7, 'UTAMA B', 0, 118, '2022-10-11 02:01:03', 118, '2022-10-11 02:42:57'),
	(8, 'KHAS B DAN KE ATAS', 0, 118, '2022-10-11 02:01:32', 118, '2022-10-11 02:42:31'),
	(9, 'UTAMA C', 0, 118, '2022-10-11 02:01:46', 118, '2022-10-11 02:42:23'),
	(10, 'KHAS C', 0, 118, '2022-10-11 02:01:56', 118, '2022-10-11 02:42:46'),
	(11, '53', 1, 118, '2022-10-11 02:02:11', NULL, NULL),
	(12, '54', 1, 118, '2022-10-11 02:02:25', NULL, NULL),
	(13, '47', 1, 118, '2022-10-11 02:03:35', NULL, NULL),
	(14, '52', 1, 118, '2022-10-11 02:03:43', NULL, NULL),
	(15, '46', 1, 118, '2022-10-11 02:03:53', NULL, NULL),
	(16, '31', 1, 118, '2022-10-11 02:04:01', NULL, NULL),
	(17, '40', 1, 118, '2022-10-11 02:04:13', NULL, NULL),
	(18, '32', 1, 10, '2022-10-11 02:07:46', NULL, NULL),
	(19, '33', 1, 10, '2022-10-11 02:07:57', NULL, NULL),
	(20, '42', 1, 118, '2022-10-11 02:07:59', NULL, NULL),
	(21, '43', 1, 118, '2022-10-11 02:08:07', NULL, NULL),
	(22, '34', 1, 10, '2022-10-11 02:08:08', NULL, NULL),
	(23, '35', 1, 10, '2022-10-11 02:08:17', NULL, NULL),
	(24, '44', 1, 118, '2022-10-11 02:08:17', NULL, NULL),
	(25, '45', 1, 118, '2022-10-11 02:08:25', NULL, NULL),
	(26, '36', 1, 10, '2022-10-11 02:08:26', NULL, NULL),
	(27, '37', 1, 10, '2022-10-11 02:08:37', NULL, NULL),
	(28, '48', 1, 118, '2022-10-11 02:08:37', NULL, NULL),
	(29, '49', 1, 118, '2022-10-11 02:08:46', NULL, NULL),
	(30, '38', 1, 10, '2022-10-11 02:08:49', NULL, NULL),
	(31, '50', 1, 118, '2022-10-11 02:08:54', NULL, NULL),
	(32, '39', 1, 10, '2022-10-11 02:08:58', NULL, NULL),
	(33, '51', 1, 118, '2022-10-11 02:09:04', NULL, NULL),
	(34, '27', 1, 10, '2022-10-11 02:09:25', NULL, NULL),
	(35, '28', 1, 10, '2022-10-11 02:09:34', NULL, NULL),
	(36, '21', 1, 118, '2022-10-11 02:09:41', NULL, NULL),
	(37, '30', 1, 10, '2022-10-11 02:09:43', NULL, NULL),
	(38, '22', 1, 118, '2022-10-11 02:09:49', NULL, NULL),
	(39, '23', 1, 118, '2022-10-11 02:09:55', NULL, NULL),
	(40, '13', 1, 10, '2022-10-11 02:10:01', NULL, NULL),
	(41, '24', 1, 118, '2022-10-11 02:10:04', NULL, NULL),
	(42, '14', 1, 10, '2022-10-11 02:10:10', NULL, NULL),
	(43, '25', 1, 118, '2022-10-11 02:10:13', NULL, NULL),
	(44, '15', 1, 10, '2022-10-11 02:10:17', NULL, NULL),
	(45, '26', 1, 118, '2022-10-11 02:10:20', NULL, NULL),
	(46, '16', 1, 10, '2022-10-11 02:10:25', NULL, NULL),
	(47, '1', 1, 118, '2022-10-11 02:10:34', NULL, NULL),
	(48, '17', 1, 10, '2022-10-11 02:10:34', NULL, NULL),
	(49, '2', 1, 118, '2022-10-11 02:10:41', NULL, NULL),
	(50, '18', 1, 10, '2022-10-11 02:10:43', NULL, NULL),
	(51, '3', 1, 118, '2022-10-11 02:10:49', NULL, NULL),
	(52, '19', 1, 10, '2022-10-11 02:10:52', NULL, NULL),
	(53, '4', 1, 118, '2022-10-11 02:10:56', NULL, NULL),
	(54, '5', 1, 118, '2022-10-11 02:11:03', NULL, NULL),
	(55, '20', 1, 10, '2022-10-11 02:11:03', NULL, NULL),
	(56, '6', 1, 118, '2022-10-11 02:11:10', NULL, NULL),
	(57, '7', 1, 118, '2022-10-11 02:11:19', NULL, NULL),
	(58, '9', 1, 118, '2022-10-11 02:11:35', NULL, NULL),
	(59, '10', 1, 118, '2022-10-11 02:11:43', NULL, NULL),
	(60, '11', 1, 118, '2022-10-11 02:11:53', NULL, NULL),
	(61, '12', 1, 118, '2022-10-11 02:12:00', NULL, NULL),
	(62, 'AA', 0, 15, '2022-10-11 02:31:05', 15, '2022-10-11 02:31:28'),
	(63, 'B', 1, 118, '2022-10-11 02:43:13', NULL, NULL),
	(64, 'C', 1, 118, '2022-10-11 02:43:23', NULL, NULL),
	(65, '10000', 0, 10, '2022-10-18 06:25:00', 10, '2022-10-18 06:26:19'),
	(66, '59', 1, 189, '2022-11-06 02:47:48', NULL, NULL);
/*!40000 ALTER TABLE `position_grade` ENABLE KEYS */;

-- Dumping structure for table staging_epro_kuarters_johor.position_grade_code
CREATE TABLE IF NOT EXISTS `position_grade_code` (
  `id` int(11) NOT NULL AUTO_INCREMENT,
  `grade_type` varchar(50) DEFAULT NULL,
  `data_status` tinyint(4) DEFAULT '1',
  `action_by` int(11) DEFAULT NULL,
  `action_on` datetime DEFAULT NULL,
  `delete_by` int(11) DEFAULT NULL,
  `delete_on` datetime DEFAULT NULL,
  PRIMARY KEY (`id`),
  KEY `FK_position_grade_type_users` (`action_by`),
  KEY `FK_position_grade_type_users_2` (`delete_by`),
  CONSTRAINT `FK_position_grade_type_users` FOREIGN KEY (`action_by`) REFERENCES `users` (`id`),
  CONSTRAINT `FK_position_grade_type_users_2` FOREIGN KEY (`delete_by`) REFERENCES `users` (`id`)
) ENGINE=InnoDB AUTO_INCREMENT=34 DEFAULT CHARSET=latin1;

-- Dumping data for table staging_epro_kuarters_johor.position_grade_code: ~30 rows (approximately)
/*!40000 ALTER TABLE `position_grade_code` DISABLE KEYS */;
INSERT INTO `position_grade_code` (`id`, `grade_type`, `data_status`, `action_by`, `action_on`, `delete_by`, `delete_on`) VALUES
	(1, 'FA', 1, 10, '2022-10-10 03:49:16', NULL, NULL),
	(2, 'W', 1, 10, '2022-10-10 03:49:23', NULL, NULL),
	(3, 'F', 1, 68, '2022-10-10 03:57:42', NULL, NULL),
	(4, 'JUSA B', 1, 10, '2022-10-11 07:03:15', NULL, NULL),
	(5, 'N', 1, 118, '2022-10-11 02:46:25', NULL, NULL),
	(6, 'JA', 1, 118, '2022-10-11 02:46:43', NULL, NULL),
	(7, 'NT', 1, 118, '2022-10-11 02:47:01', NULL, NULL),
	(8, 'S', 1, 118, '2022-10-11 02:47:12', NULL, NULL),
	(9, 'KP', 1, 118, '2022-10-11 02:47:22', NULL, NULL),
	(10, 'HI', 0, 106, '2022-10-11 06:57:19', 106, '2022-10-11 06:57:25'),
	(11, 'DG', 1, 118, '2022-10-11 02:48:24', NULL, NULL),
	(12, 'Z', 1, 118, '2022-10-11 02:49:09', NULL, NULL),
	(13, 'ZA', 1, 118, '2022-10-11 02:49:19', NULL, NULL),
	(14, 'Y', 1, 118, '2022-10-11 02:49:32', NULL, NULL),
	(15, 'YA', 1, 118, '2022-10-11 02:49:39', NULL, NULL),
	(16, 'YT', 1, 118, '2022-10-11 02:49:47', NULL, NULL),
	(17, 'U', 1, 118, '2022-10-11 02:50:00', NULL, NULL),
	(18, 'UD', 1, 118, '2022-10-11 02:50:11', NULL, NULL),
	(19, 'UG', 1, 118, '2022-10-11 02:50:19', NULL, NULL),
	(20, 'Q', 1, 118, '2022-10-11 02:50:34', NULL, NULL),
	(21, 'G', 1, 118, '2022-10-11 02:56:31', NULL, NULL),
	(22, 'GA', 1, 118, '2022-10-11 02:56:39', NULL, NULL),
	(23, 'JUSA A', 1, 10, '2022-10-19 01:54:08', NULL, NULL),
	(24, 'CA', 1, 118, '2022-10-11 02:57:04', NULL, NULL),
	(25, 'APO1', 0, 110, '2022-10-11 04:23:06', 110, '2022-10-11 04:35:34'),
	(26, 'H', 1, 106, '2022-10-11 06:57:38', NULL, NULL),
	(27, 'TURUS 33', 0, 10, '2022-10-18 06:16:34', 10, '2022-10-18 06:18:04'),
	(28, 'JUSA C', 1, 10, '2022-10-27 04:10:48', NULL, NULL),
	(29, 'CAFS', 0, 10, '2022-10-31 02:03:43', 10, '2022-10-31 02:03:51'),
	(31, 'DH', 1, NULL, '2022-11-13 12:22:48', NULL, NULL);
/*!40000 ALTER TABLE `position_grade_code` ENABLE KEYS */;

-- Dumping structure for table staging_epro_kuarters_johor.position_type
CREATE TABLE IF NOT EXISTS `position_type` (
  `id` int(50) NOT NULL AUTO_INCREMENT,
  `position_code` varchar(50) DEFAULT NULL,
  `position_type` varchar(50) DEFAULT NULL,
  `data_status` tinyint(4) DEFAULT '1',
  `action_by` int(11) DEFAULT NULL,
  `action_on` datetime DEFAULT NULL,
  `delete_by` int(11) DEFAULT NULL,
  `delete_on` datetime DEFAULT NULL,
  PRIMARY KEY (`id`),
  KEY `FK_position_status_users` (`action_by`),
  KEY `FK_position_status_users_2` (`delete_by`),
  CONSTRAINT `FK_position_status_users` FOREIGN KEY (`action_by`) REFERENCES `users` (`id`) ON DELETE NO ACTION ON UPDATE NO ACTION,
  CONSTRAINT `FK_position_status_users_2` FOREIGN KEY (`delete_by`) REFERENCES `users` (`id`) ON DELETE NO ACTION ON UPDATE NO ACTION
) ENGINE=InnoDB AUTO_INCREMENT=16 DEFAULT CHARSET=latin1;

-- Dumping data for table staging_epro_kuarters_johor.position_type: ~15 rows (approximately)
/*!40000 ALTER TABLE `position_type` DISABLE KEYS */;
INSERT INTO `position_type` (`id`, `position_code`, `position_type`, `data_status`, `action_by`, `action_on`, `delete_by`, `delete_on`) VALUES
	(1, '01', 'Lantikan Tetap', 1, NULL, NULL, NULL, NULL),
	(2, '02', 'Lantikan Sementara', 1, NULL, NULL, NULL, NULL),
	(3, '03', 'Lantikan Kontrak (Contract Of Service)', 1, NULL, NULL, NULL, NULL),
	(4, '04', 'Lantikan Sangkut', 1, NULL, NULL, NULL, NULL),
	(5, '05', 'Lantikan Sandaran', 1, NULL, NULL, NULL, NULL),
	(6, '06', 'Lantikan Khidmat Singkat', 1, NULL, NULL, NULL, NULL),
	(7, '07', 'Lantikan Sambilan', 1, NULL, NULL, NULL, NULL),
	(8, '40', 'Lantikan Kontrak (Contract For Service)', 1, NULL, NULL, NULL, NULL),
	(9, '41', 'Lantikan Sambilan (PRE2)', 1, NULL, NULL, NULL, NULL),
	(10, '50', 'Lantikan Tetap Dan Tidak Berpencen', 1, NULL, NULL, NULL, NULL),
	(11, '51', 'Lantikan Pinjaman', 1, NULL, NULL, NULL, NULL),
	(12, '52', 'Lantikan Dipinjamkan', 1, NULL, NULL, NULL, NULL),
	(13, '53', 'Lantikan Tambahsentara', 1, NULL, NULL, NULL, NULL),
	(14, '54', 'Lantikan Berasaskan Caruman (KWSP)', 1, NULL, NULL, NULL, NULL),
	(15, '55', 'Lantikan Berelaun', 1, NULL, NULL, NULL, NULL);
/*!40000 ALTER TABLE `position_type` ENABLE KEYS */;

-- Dumping structure for table staging_epro_kuarters_johor.postcode
CREATE TABLE IF NOT EXISTS `postcode` (
  `id` int(5) unsigned NOT NULL AUTO_INCREMENT,
  `postcode` int(5) DEFAULT NULL,
  `district_id` int(11) DEFAULT NULL,
  `action_by` int(11) DEFAULT NULL,
  `action_on` timestamp NOT NULL DEFAULT CURRENT_TIMESTAMP ON UPDATE CURRENT_TIMESTAMP,
  PRIMARY KEY (`id`),
  KEY `FK_district_id` (`district_id`),
  CONSTRAINT `FK_district_id` FOREIGN KEY (`district_id`) REFERENCES `district` (`id`)
) ENGINE=InnoDB AUTO_INCREMENT=72 DEFAULT CHARSET=latin1;

-- Dumping data for table staging_epro_kuarters_johor.postcode: ~70 rows (approximately)
/*!40000 ALTER TABLE `postcode` DISABLE KEYS */;
INSERT INTO `postcode` (`id`, `postcode`, `district_id`, `action_by`, `action_on`) VALUES
	(1, 83000, 2, NULL, '2022-10-19 12:08:58'),
	(2, 83100, 2, NULL, '2022-10-19 12:08:59'),
	(3, 83200, 2, NULL, '2022-10-19 12:09:00'),
	(4, 83300, 2, NULL, '2022-10-19 12:09:00'),
	(5, 83400, 2, NULL, '2022-10-19 12:09:01'),
	(6, 83500, 2, NULL, '2022-10-19 12:09:02'),
	(7, 83600, 2, NULL, '2022-10-19 12:09:05'),
	(8, 83700, 2, NULL, '2022-10-19 12:09:04'),
	(9, 86100, 2, NULL, '2022-10-19 12:09:06'),
	(10, 86400, 2, NULL, '2022-10-19 12:09:07'),
	(11, 79000, 1, NULL, '2022-10-19 12:13:08'),
	(12, 79100, 1, NULL, '2022-10-19 12:13:08'),
	(13, 79150, 1, NULL, '2022-10-19 12:13:08'),
	(14, 79200, 1, NULL, '2022-10-19 12:13:08'),
	(15, 79250, 1, NULL, '2022-10-19 12:13:08'),
	(16, 79503, 1, NULL, '2022-10-19 12:13:08'),
	(17, 80000, 1, NULL, '2022-10-19 12:13:08'),
	(18, 80050, 1, NULL, '2022-10-19 12:13:08'),
	(19, 80100, 1, NULL, '2022-10-19 12:13:08'),
	(20, 80150, 1, NULL, '2022-10-19 12:13:08'),
	(21, 80200, 1, NULL, '2022-10-19 12:13:08'),
	(22, 80250, 1, NULL, '2022-10-19 12:13:08'),
	(23, 80300, 1, NULL, '2022-10-19 12:13:08'),
	(24, 80350, 1, NULL, '2022-10-19 12:13:08'),
	(25, 80400, 1, NULL, '2022-10-19 12:13:08'),
	(26, 81000, 1, NULL, '2022-10-19 12:13:08'),
	(27, 81100, 1, NULL, '2022-10-19 12:13:08'),
	(28, 81200, 1, NULL, '2022-10-19 12:13:08'),
	(29, 81300, 1, NULL, '2022-10-19 12:13:08'),
	(30, 81550, 1, NULL, '2022-10-19 12:13:08'),
	(31, 81700, 1, NULL, '2022-10-19 12:13:08'),
	(32, 81750, 1, NULL, '2022-10-19 12:13:08'),
	(33, 81800, 1, NULL, '2022-10-19 12:13:08'),
	(35, 81850, 3, NULL, '2022-10-19 12:15:45'),
	(36, 86000, 3, NULL, '2022-10-19 12:15:45'),
	(37, 86200, 3, NULL, '2022-10-19 12:15:45'),
	(38, 86300, 3, NULL, '2022-10-19 12:15:46'),
	(39, 86500, 3, NULL, '2022-10-19 12:15:46'),
	(40, 86600, 3, NULL, '2022-10-19 12:15:46'),
	(41, 86700, 3, NULL, '2022-10-19 12:18:06'),
	(42, 81600, 6, NULL, '2022-10-19 12:24:49'),
	(43, 81900, 6, NULL, '2022-10-19 12:24:49'),
	(44, 81920, 6, NULL, '2022-10-19 12:24:49'),
	(45, 81930, 6, NULL, '2022-10-19 12:24:49'),
	(46, 81400, 4, NULL, '2022-10-19 12:24:49'),
	(47, 81440, 4, NULL, '2022-10-19 12:24:49'),
	(48, 81450, 4, NULL, '2022-10-19 12:24:49'),
	(49, 86800, 10, NULL, '2022-10-19 12:24:49'),
	(50, 86810, 10, NULL, '2022-10-19 12:24:50'),
	(51, 86900, 10, NULL, '2022-10-19 12:24:50'),
	(52, 84000, 5, NULL, '2022-10-19 12:24:50'),
	(53, 84150, 5, NULL, '2022-10-19 12:24:50'),
	(54, 84200, 5, NULL, '2022-10-19 12:24:50'),
	(55, 84300, 5, NULL, '2022-10-19 12:24:50'),
	(56, 84400, 5, NULL, '2022-10-19 12:24:50'),
	(57, 84500, 5, NULL, '2022-10-19 12:24:50'),
	(58, 84600, 5, NULL, '2022-10-19 12:24:50'),
	(59, 84700, 5, NULL, '2022-10-19 12:24:50'),
	(60, 84800, 5, NULL, '2022-10-19 12:24:50'),
	(61, 81500, 8, NULL, '2022-10-19 12:24:50'),
	(62, 82000, 8, NULL, '2022-10-19 12:24:50'),
	(63, 82100, 8, NULL, '2022-10-19 12:24:50'),
	(64, 82200, 8, NULL, '2022-10-19 12:24:50'),
	(65, 82300, 8, NULL, '2022-10-19 12:24:50'),
	(66, 85000, 7, NULL, '2022-10-19 12:24:50'),
	(67, 85100, 7, NULL, '2022-10-19 12:24:50'),
	(68, 85200, 7, NULL, '2022-10-19 12:24:50'),
	(69, 85300, 7, NULL, '2022-10-19 12:24:50'),
	(70, 85400, 7, NULL, '2022-10-19 12:24:50'),
	(71, 84900, 9, NULL, '2022-10-19 12:24:50');
/*!40000 ALTER TABLE `postcode` ENABLE KEYS */;

-- Dumping structure for table staging_epro_kuarters_johor.quarters
CREATE TABLE IF NOT EXISTS `quarters` (
  `id` int(11) NOT NULL AUTO_INCREMENT,
  `quarters_cat_id` int(11) DEFAULT NULL,
  `unit_no` varchar(50) DEFAULT NULL,
  `no_ptd` varchar(50) DEFAULT NULL,
  `address_1` text,
  `address_2` text,
  `address_3` text,
  `latitude` decimal(11,7) DEFAULT NULL,
  `longitude` decimal(11,7) DEFAULT NULL,
  `land_tax` decimal(10,2) DEFAULT '0.00',
  `property_tax` decimal(10,2) DEFAULT '0.00',
  `m_utility_id` int(11) DEFAULT NULL,
  `iwk_fee` decimal(10,2) DEFAULT '0.00',
  `maintenance_fee` decimal(10,2) DEFAULT '0.00',
  `quarters_condition_id` int(11) DEFAULT NULL,
  `room_no` int(11) DEFAULT '0',
  `bathroom_no` int(11) DEFAULT '0',
  `data_status` int(11) DEFAULT '1',
  `inactive_remarks` varchar(255) DEFAULT NULL,
  `action_by` int(11) DEFAULT NULL,
  `action_on` datetime DEFAULT NULL,
  `delete_by` int(11) DEFAULT NULL,
  `delete_on` datetime DEFAULT NULL,
  PRIMARY KEY (`id`) USING BTREE,
  KEY `FK_quarters_quarters_category` (`quarters_cat_id`) USING BTREE,
  KEY `FK_quarters_users` (`action_by`) USING BTREE,
  KEY `FK_quarters_users_2` (`delete_by`) USING BTREE,
  KEY `FK_quarters_maintenance_utility` (`m_utility_id`) USING BTREE,
  CONSTRAINT `FK_quarters_maintenance_utility` FOREIGN KEY (`m_utility_id`) REFERENCES `maintenance_utility` (`id`) ON DELETE NO ACTION ON UPDATE NO ACTION,
  CONSTRAINT `FK_quarters_quarters_category` FOREIGN KEY (`quarters_cat_id`) REFERENCES `quarters_category` (`id`) ON DELETE NO ACTION ON UPDATE NO ACTION,
  CONSTRAINT `FK_quarters_users` FOREIGN KEY (`action_by`) REFERENCES `users` (`id`) ON DELETE NO ACTION ON UPDATE NO ACTION,
  CONSTRAINT `FK_quarters_users_2` FOREIGN KEY (`delete_by`) REFERENCES `users` (`id`) ON DELETE NO ACTION ON UPDATE NO ACTION
) ENGINE=InnoDB AUTO_INCREMENT=634 DEFAULT CHARSET=latin1;

-- Dumping data for table staging_epro_kuarters_johor.quarters: ~635 rows (approximately)
/*!40000 ALTER TABLE `quarters` DISABLE KEYS */;
INSERT INTO `quarters` (`id`, `quarters_cat_id`, `unit_no`, `no_ptd`, `address_1`, `address_2`, `address_3`, `latitude`, `longitude`, `land_tax`, `property_tax`, `m_utility_id`, `iwk_fee`, `maintenance_fee`, `quarters_condition_id`, `room_no`, `bathroom_no`, `data_status`, `inactive_remarks`, `action_by`, `action_on`, `delete_by`, `delete_on`) VALUES
	(1, 4, '3', '34', 'NO 14', NULL, NULL, NULL, NULL, 2500.00, 200.00, 1, 456.00, NULL, 2, 0, 0, 1, NULL, 10, '2022-10-11 01:57:57', NULL, NULL),
	(2, 4, '2', NULL, 'JALAN PERKASA AMAN', NULL, NULL, NULL, NULL, NULL, NULL, NULL, NULL, NULL, 1, 0, 0, 1, NULL, 10, '2022-10-11 01:57:47', NULL, NULL),
	(3, 3, '2', NULL, 'JALAN BAHAGIA 1', NULL, NULL, NULL, NULL, 300.00, 3500.00, NULL, NULL, 56.00, 1, 0, 0, 1, NULL, 68, '2022-10-11 02:02:58', NULL, NULL),
	(4, 4, '1', NULL, 'JALAN BAHAGIA 1', 'TAMAN SETIA ECO', 'JOHOR', NULL, NULL, 300.00, 3000.00, 1, 456.00, NULL, 1, 0, 0, 1, NULL, 10, '2022-10-10 18:34:52', NULL, NULL),
	(5, 4, '2', NULL, 'JALAN BAHAGIA 1', 'TAMAN SETIA ECO', 'JOHOR', NULL, NULL, 300.00, 3000.00, 1, 456.00, NULL, 2, 0, 0, 1, NULL, 10, '2022-10-11 01:57:29', NULL, NULL),
	(6, 1, '2', NULL, 'JALAN BAHAGIA 1', 'TAMAN CENDERAWASIH', 'JOHOR', NULL, NULL, 300.00, 3000.00, 1, 100.00, NULL, 1, 0, 0, 0, NULL, 68, '2022-10-11 02:03:43', 118, '2022-10-11 08:15:52'),
	(8, 5, '2', NULL, 'JALAN BAHAGIA 1', 'TAMAN CENDERAWASIH', 'JOHOR', NULL, NULL, 222.00, 3000.00, 1, 456.00, NULL, 1, 0, 0, 1, NULL, 68, '2022-10-11 01:59:26', NULL, NULL),
	(9, 6, '1E', NULL, 'JALAN ROS 2', 'TAMAN ROS', 'TAMPOI, JOHOR BAHRU', NULL, NULL, NULL, NULL, 1, 5.00, NULL, 1, 0, 0, 1, '', 10, '2022-11-29 22:48:35', NULL, NULL),
	(10, 6, '2', NULL, 'JALAN ROS 2', 'TAMAN ROS', 'TAMPOI, JOHOR BAHRU', NULL, NULL, NULL, NULL, 1, 5.00, NULL, 1, 0, 0, 1, '', 10, '2022-11-29 22:48:35', NULL, NULL),
	(11, 3, '2', NULL, 'NO.1 JALAN PERSIARAN TANJUNG', NULL, NULL, NULL, NULL, NULL, NULL, NULL, NULL, 200.00, 1, 0, 0, 1, NULL, 68, '2022-10-11 02:03:11', NULL, NULL),
	(12, 3, '1', NULL, 'NO.1 JALAN PERSIARAN TANJUNG', NULL, NULL, NULL, NULL, NULL, NULL, NULL, NULL, 200.00, 1, 0, 0, 1, NULL, 68, '2022-10-11 02:02:45', NULL, NULL),
	(13, 3, '5', NULL, 'JALAN NUSARIA 10', NULL, NULL, NULL, NULL, NULL, NULL, NULL, NULL, 300.00, 1, 0, 0, 1, NULL, 68, '2022-10-11 02:03:23', NULL, NULL),
	(14, 6, '1D', NULL, 'ALAMAT 1', NULL, NULL, NULL, NULL, 12.00, 123.00, NULL, NULL, NULL, 2, 2, 2, 1, '', 10, '2022-11-29 22:48:35', NULL, NULL),
	(15, 6, '2', NULL, 'ALAMAT 1', NULL, NULL, NULL, NULL, 12.00, 123.00, NULL, NULL, NULL, 2, 0, 0, 1, '', 10, '2022-11-29 22:48:35', NULL, NULL),
	(16, 6, '3', NULL, 'ALAMAT 1', NULL, NULL, NULL, NULL, 12.00, 123.00, NULL, NULL, NULL, 2, 0, 0, 1, '', 10, '2022-11-29 22:48:35', NULL, NULL),
	(17, 6, '4', NULL, 'ALAMAT 1', NULL, NULL, NULL, NULL, 12.00, 123.00, NULL, NULL, NULL, 2, 0, 0, 1, '', 10, '2022-11-29 22:48:35', NULL, NULL),
	(19, 32, NULL, NULL, 'NO. 1,   JALAN ARIFFIN1, JOHOR BAHRU, JOHOR', NULL, NULL, NULL, NULL, NULL, NULL, NULL, NULL, NULL, 1, 0, 0, 0, NULL, 118, '2022-10-11 06:51:26', 118, '2022-10-11 06:53:59'),
	(20, 32, NULL, NULL, 'NO. 2,   JALAN ARIFFIN1, JOHOR BAHRU, JOHOR', NULL, NULL, NULL, NULL, NULL, NULL, NULL, NULL, NULL, 1, 0, 0, 0, NULL, 118, '2022-10-11 06:52:03', 118, '2022-10-11 06:53:18'),
	(21, 32, NULL, NULL, 'NO. 3,   JALAN ARIFFIN1, JOHOR BAHRU, JOHOR', NULL, NULL, NULL, NULL, NULL, NULL, NULL, NULL, NULL, 1, 0, 0, 0, NULL, 118, '2022-10-11 06:52:50', 118, '2022-10-11 06:53:52'),
	(22, 32, NULL, NULL, 'NO. 2,   JALAN ARIFFIN1, JOHOR BAHRU, JOHOR', NULL, NULL, NULL, NULL, NULL, NULL, NULL, NULL, NULL, 1, 0, 0, 0, NULL, 118, '2022-10-11 06:53:34', 118, '2022-10-11 06:53:44'),
	(23, 32, NULL, NULL, 'NO. 1,   JALAN ARIFFIN1, JOHOR BAHRU, JOHOR', NULL, NULL, NULL, NULL, NULL, NULL, NULL, NULL, NULL, 1, 0, 0, 0, NULL, 118, '2022-10-11 06:59:27', 118, '2022-10-11 07:00:51'),
	(24, 32, NULL, NULL, 'NO. 1,   JALAN ARIFFIN1, JOHOR BAHRU, JOHOR', NULL, NULL, NULL, NULL, NULL, NULL, NULL, NULL, NULL, 1, 0, 0, 0, NULL, 118, '2022-10-11 06:59:27', 118, '2022-10-11 07:01:01'),
	(25, 32, NULL, NULL, 'NO. 1,   JALAN ARIFFIN1, JOHOR BAHRU, JOHOR', NULL, NULL, NULL, NULL, NULL, NULL, NULL, NULL, NULL, 1, 0, 0, 0, NULL, 118, '2022-10-11 06:59:27', 118, '2022-10-11 07:01:11'),
	(26, 32, NULL, NULL, 'NO. 1,   JALAN ARIFFIN1, JOHOR BAHRU, JOHOR', NULL, NULL, NULL, NULL, NULL, NULL, NULL, NULL, NULL, 1, 0, 0, 0, NULL, 118, '2022-10-11 06:59:27', 118, '2022-10-11 07:01:27'),
	(27, 32, 'NO 1', NULL, 'JALAN ARIFFIN1, JOHOR BAHRU, JOHOR', NULL, NULL, NULL, NULL, NULL, NULL, NULL, NULL, NULL, 1, 0, 0, 1, '', 10, '2022-11-30 11:36:55', NULL, NULL),
	(28, 32, 'NO 2', NULL, 'JALAN ARIFFIN1, JOHOR BAHRU, JOHOR', NULL, NULL, NULL, NULL, NULL, NULL, NULL, NULL, NULL, 1, 0, 0, 1, '', 131, '2022-11-13 09:44:30', NULL, NULL),
	(29, 32, 'NO 3', NULL, 'JALAN ARIFFIN1, JOHOR BAHRU, JOHOR', NULL, NULL, NULL, NULL, NULL, NULL, NULL, NULL, NULL, 1, 0, 0, 1, '', 131, '2022-11-13 09:44:38', NULL, NULL),
	(30, 32, 'NO 4', NULL, 'JALAN ARIFFIN1, JOHOR BAHRU, JOHOR', NULL, NULL, NULL, NULL, NULL, NULL, NULL, NULL, NULL, 1, 0, 0, 1, '', 131, '2022-11-13 09:44:45', NULL, NULL),
	(31, 32, 'NO 5', NULL, 'JALAN ARIFFIN1, JOHOR BAHRU, JOHOR', NULL, NULL, NULL, NULL, NULL, NULL, NULL, NULL, NULL, 1, 0, 0, 1, '', 131, '2022-11-13 09:44:51', NULL, NULL),
	(32, 32, 'NO 6', NULL, 'JALAN ARIFFIN1, JOHOR BAHRU, JOHOR', NULL, NULL, NULL, NULL, NULL, NULL, NULL, NULL, NULL, 1, 0, 0, 1, '', 131, '2022-11-13 09:44:55', NULL, NULL),
	(33, 32, 'NO 7', NULL, 'JALAN ARIFFIN1, JOHOR BAHRU, JOHOR', NULL, NULL, NULL, NULL, NULL, NULL, NULL, NULL, NULL, 1, 0, 0, 1, '', 131, '2022-11-13 09:44:57', NULL, NULL),
	(34, 32, 'NO 8', NULL, 'JALAN ARIFFIN1, JOHOR BAHRU, JOHOR', NULL, NULL, NULL, NULL, NULL, NULL, NULL, NULL, NULL, 1, 0, 0, 1, '', 131, '2022-11-13 09:44:58', NULL, NULL),
	(35, 32, 'NO 09', NULL, 'JALAN ARIFFIN1, JOHOR BAHRU, JOHOR', NULL, NULL, NULL, NULL, NULL, NULL, NULL, NULL, NULL, 1, 4, 2, 1, '', 10, '2022-11-30 11:36:55', NULL, NULL),
	(36, 32, 'NO 10', NULL, 'JALAN ARIFFIN1, JOHOR BAHRU, JOHOR', NULL, NULL, NULL, NULL, NULL, NULL, NULL, NULL, NULL, 1, 0, 0, 1, '', 10, '2022-11-30 11:36:55', NULL, NULL),
	(37, 32, 'NO 11', NULL, 'JALAN ARIFFIN 1, JOHOR BAHRU, JOHOR', NULL, NULL, NULL, NULL, NULL, NULL, NULL, NULL, NULL, 1, 0, 0, 1, '', 10, '2022-11-29 22:45:23', NULL, NULL),
	(38, 32, 'NO 12', NULL, 'JALAN ARIFFIN 1, JOHOR BAHRU, JOHOR', NULL, NULL, NULL, NULL, NULL, NULL, NULL, NULL, NULL, 1, 0, 0, 1, '', 10, '2022-11-29 22:45:23', NULL, NULL),
	(39, 32, 'NO 13', NULL, 'JALAN ARIFFIN 1, JOHOR BAHRU, JOHOR', NULL, NULL, NULL, NULL, NULL, NULL, NULL, NULL, NULL, 1, 0, 0, 1, '', 10, '2022-11-29 22:45:23', NULL, NULL),
	(40, 32, 'NO 14', NULL, 'JALAN ARIFFIN 1, JOHOR BAHRU, JOHOR', NULL, NULL, NULL, NULL, NULL, NULL, NULL, NULL, NULL, 1, 0, 0, 1, '', 131, '2022-11-13 09:44:23', NULL, NULL),
	(41, 32, 'NO 15', NULL, 'JALAN ARIFFIN 1, JOHOR BAHRU, JOHOR', NULL, NULL, NULL, NULL, NULL, NULL, NULL, NULL, NULL, 1, 0, 0, 1, '', 131, '2022-11-13 09:44:23', NULL, NULL),
	(42, 32, 'NO 16', NULL, 'JALAN ARIFFIN 1, JOHOR BAHRU, JOHOR', NULL, NULL, NULL, NULL, NULL, NULL, NULL, NULL, NULL, 1, 0, 0, 1, '', 131, '2022-11-13 09:44:25', NULL, NULL),
	(43, 32, 'NO 17', NULL, 'JALAN ARIFFIN 1, JOHOR BAHRU, JOHOR', NULL, NULL, NULL, NULL, NULL, NULL, NULL, NULL, NULL, 1, 0, 0, 1, '', 131, '2022-11-13 09:44:25', NULL, NULL),
	(44, 32, 'NO 18', NULL, 'JALAN ARIFFIN 1, JOHOR BAHRU, JOHOR', NULL, NULL, NULL, NULL, NULL, NULL, NULL, NULL, NULL, 1, 0, 0, 1, '', 131, '2022-11-13 09:44:26', NULL, NULL),
	(45, 32, 'NO 19', NULL, 'JALAN ARIFFIN 1, JOHOR BAHRU, JOHOR', NULL, NULL, NULL, NULL, NULL, NULL, NULL, NULL, NULL, 1, 0, 0, 1, '', 131, '2022-11-13 09:44:28', NULL, NULL),
	(46, 32, 'NO 20', NULL, 'JALAN ARIFFIN 1, JOHOR BAHRU, JOHOR', NULL, NULL, NULL, NULL, NULL, NULL, NULL, NULL, NULL, 1, 0, 0, 1, '', 131, '2022-11-13 09:44:30', NULL, NULL),
	(47, 32, 'NO 21', NULL, 'JALAN ARIFFIN 1, JOHOR BAHRU, JOHOR', NULL, NULL, NULL, NULL, NULL, NULL, 1, NULL, NULL, 1, 0, 0, 1, '', 131, '2022-11-13 09:44:31', NULL, NULL),
	(48, 32, 'NO 22', NULL, 'JALAN ARIFFIN 1, JOHOR BAHRU, JOHOR', NULL, NULL, NULL, NULL, NULL, NULL, 1, NULL, NULL, 1, 0, 0, 1, '', 131, '2022-11-13 09:44:32', NULL, NULL),
	(49, 32, 'NO 23', NULL, 'JALAN ARIFFIN 1, JOHOR BAHRU, JOHOR', NULL, NULL, NULL, NULL, NULL, NULL, 1, NULL, NULL, 1, 0, 0, 1, '', 146, '2022-11-13 11:59:40', NULL, NULL),
	(50, 32, 'NO 24', NULL, 'JALAN ARIFFIN 1, JOHOR BAHRU, JOHOR', NULL, NULL, NULL, NULL, NULL, NULL, 1, NULL, NULL, 1, 0, 0, 1, '', 131, '2022-11-13 09:44:33', NULL, NULL),
	(51, 32, 'NO 25', NULL, 'JALAN ARIFFIN 1, JOHOR BAHRU, JOHOR', NULL, NULL, NULL, NULL, NULL, NULL, 1, NULL, NULL, 1, 0, 0, 1, '', 131, '2022-11-13 09:44:34', NULL, NULL),
	(52, 32, 'NO 26', NULL, 'JALAN ARIFFIN 1, JOHOR BAHRU, JOHOR', NULL, NULL, NULL, NULL, NULL, NULL, 1, NULL, NULL, 1, 0, 0, 1, '', 131, '2022-11-13 09:44:34', NULL, NULL),
	(53, 32, 'NO 27', NULL, 'JALAN ARIFFIN 1, JOHOR BAHRU, JOHOR', NULL, NULL, NULL, NULL, NULL, NULL, 1, NULL, NULL, 1, 0, 0, 1, '', 131, '2022-11-13 09:44:35', NULL, NULL),
	(54, 32, 'NO 28', NULL, 'JALAN ARIFFIN 1, JOHOR BAHRU, JOHOR', NULL, NULL, NULL, NULL, NULL, NULL, 1, NULL, NULL, 1, 0, 0, 1, '', 131, '2022-11-13 09:44:36', NULL, NULL),
	(55, 32, 'NO 29', NULL, 'JALAN ARIFFIN 1, JOHOR BAHRU, JOHOR', NULL, NULL, NULL, NULL, NULL, NULL, 1, NULL, NULL, 1, 0, 0, 1, '', 131, '2022-11-13 09:44:36', NULL, NULL),
	(56, 32, 'NO 30', NULL, 'JALAN ARIFFIN 1, JOHOR BAHRU, JOHOR', NULL, NULL, NULL, NULL, NULL, NULL, 1, NULL, NULL, 1, 0, 0, 1, '', 131, '2022-11-13 09:44:39', NULL, NULL),
	(57, 32, 'NO 31', NULL, 'JALAN ARIFFIN 1, JOHOR BAHRU, JOHOR', NULL, NULL, NULL, NULL, NULL, NULL, 1, NULL, NULL, 1, 0, 0, 1, '', 131, '2022-11-13 09:44:40', NULL, NULL),
	(58, 32, 'NO 32', NULL, 'JALAN ARIFFIN 1, JOHOR BAHRU, JOHOR', NULL, NULL, NULL, NULL, NULL, NULL, 1, NULL, NULL, 1, 0, 0, 1, '', 131, '2022-11-13 09:44:40', NULL, NULL),
	(59, 32, 'NO 33', NULL, 'JALAN ARIFFIN 1, JOHOR BAHRU, JOHOR', NULL, NULL, NULL, NULL, NULL, NULL, 1, NULL, NULL, 1, 0, 0, 1, '', 131, '2022-11-13 09:44:41', NULL, NULL),
	(60, 32, 'NO 34', NULL, 'JALAN ARIFFIN 1, JOHOR BAHRU, JOHOR', NULL, NULL, NULL, NULL, NULL, NULL, 1, NULL, NULL, 1, 0, 0, 1, '', 131, '2022-11-13 09:44:41', NULL, NULL),
	(61, 32, 'NO 35', NULL, 'JALAN ARIFFIN 1, JOHOR BAHRU, JOHOR', NULL, NULL, NULL, NULL, NULL, NULL, 1, NULL, NULL, 1, 0, 0, 1, '', 131, '2022-11-13 09:44:42', NULL, NULL),
	(62, 32, 'NO 36', NULL, 'JALAN ARIFFIN 1, JOHOR BAHRU, JOHOR', NULL, NULL, NULL, NULL, NULL, NULL, 1, NULL, NULL, 1, 0, 0, 1, '', 131, '2022-11-13 09:44:43', NULL, NULL),
	(63, 32, 'NO 37', NULL, 'JALAN ARIFFIN 1, JOHOR BAHRU, JOHOR', NULL, NULL, NULL, NULL, NULL, NULL, 1, NULL, NULL, 1, 0, 0, 1, '', 131, '2022-11-13 09:44:44', NULL, NULL),
	(64, 32, 'NO 38', NULL, 'JALAN ARIFFIN 1, JOHOR BAHRU, JOHOR', NULL, NULL, NULL, NULL, NULL, NULL, 1, NULL, NULL, 1, 0, 0, 1, '', 131, '2022-11-13 09:44:44', NULL, NULL),
	(65, 32, 'NO 39', NULL, 'JALAN ARIFFIN 1, JOHOR BAHRU, JOHOR', NULL, NULL, NULL, NULL, NULL, NULL, 1, NULL, NULL, 1, 0, 0, 1, '', 131, '2022-11-13 09:44:45', NULL, NULL),
	(66, 32, 'NO 40', NULL, 'JALAN ARIFFIN 1, JOHOR BAHRU, JOHOR', NULL, NULL, NULL, NULL, NULL, NULL, 1, NULL, NULL, 1, 0, 0, 1, '', 131, '2022-11-13 09:44:46', NULL, NULL),
	(67, 32, 'NO 41', NULL, 'JALAN ARIFFIN 1, JOHOR BAHRU, JOHOR', NULL, NULL, NULL, NULL, NULL, NULL, 1, NULL, NULL, 1, 0, 0, 1, '', 131, '2022-11-13 09:44:47', NULL, NULL),
	(68, 32, 'NO 42', NULL, 'JALAN ARIFFIN 1, JOHOR BAHRU, JOHOR', NULL, NULL, NULL, NULL, NULL, NULL, 1, NULL, NULL, 1, 0, 0, 1, '', 131, '2022-11-13 09:44:48', NULL, NULL),
	(69, 32, 'NO 44', NULL, 'JALAN ARIFFIN 1, JOHOR BAHRU, JOHOR', NULL, NULL, NULL, NULL, NULL, NULL, 1, NULL, NULL, 1, 0, 0, 1, '', 131, '2022-11-13 09:44:48', NULL, NULL),
	(70, 32, 'NO 46', NULL, 'JALAN ARIFFIN 1, JOHOR BAHRU, JOHOR', NULL, NULL, NULL, NULL, NULL, NULL, 1, NULL, NULL, 1, 0, 0, 1, '', 131, '2022-11-13 09:44:49', NULL, NULL),
	(71, 32, 'NO 48', NULL, 'JALAN ARIFFIN 1, JOHOR BAHRU, JOHOR', NULL, NULL, NULL, NULL, NULL, NULL, 1, NULL, NULL, 1, 0, 0, 1, '', 131, '2022-11-13 09:44:50', NULL, NULL),
	(72, 32, 'NO 50', NULL, 'JALAN ARIFFIN 1, JOHOR BAHRU, JOHOR', NULL, NULL, NULL, NULL, NULL, NULL, 1, NULL, NULL, 1, 0, 0, 1, '', 131, '2022-11-13 09:44:51', NULL, NULL),
	(73, 32, 'NO 52', NULL, 'JALAN ARIFFIN 1, JOHOR BAHRU, JOHOR', NULL, NULL, NULL, NULL, NULL, NULL, 1, NULL, NULL, 1, 0, 0, 1, '', 131, '2022-11-13 09:44:52', NULL, NULL),
	(74, 32, 'NO 54', NULL, 'JALAN ARIFFIN 1, JOHOR BAHRU, JOHOR', NULL, NULL, NULL, NULL, NULL, NULL, 1, NULL, NULL, 1, 0, 0, 1, '', 131, '2022-11-13 09:44:53', NULL, NULL),
	(75, 32, 'NO 56', NULL, 'JALAN ARIFFIN 1, JOHOR BAHRU, JOHOR', NULL, NULL, NULL, NULL, NULL, NULL, 1, NULL, NULL, 1, 0, 0, 1, '', 131, '2022-11-13 09:44:54', NULL, NULL),
	(76, 32, 'NO 58', NULL, 'JALAN ARIFFIN 1, JOHOR BAHRU, JOHOR', NULL, NULL, NULL, NULL, NULL, NULL, 1, NULL, NULL, 1, 0, 0, 1, '', 131, '2022-11-13 09:44:54', NULL, NULL),
	(77, 32, 'NO 60', NULL, 'JALAN ARIFFIN 1, JOHOR BAHRU, JOHOR', NULL, NULL, NULL, NULL, NULL, NULL, 1, NULL, NULL, 1, 0, 0, 1, '', 131, '2022-11-13 09:44:56', NULL, NULL),
	(78, 32, 'NO 1', NULL, 'JALAN ARIFFIN 2, JOHOR BAHRU, JOHOR', NULL, NULL, NULL, NULL, NULL, NULL, 1, NULL, NULL, 1, 0, 0, 1, '', 10, '2022-11-30 11:36:55', NULL, NULL),
	(79, 32, 'NO 3', NULL, 'JALAN ARIFFIN 2, JOHOR BAHRU, JOHOR', NULL, NULL, NULL, NULL, NULL, NULL, 1, NULL, NULL, 1, 0, 0, 1, '', 10, '2022-11-14 11:19:58', NULL, NULL),
	(80, 32, 'NO 5', NULL, 'JALAN ARIFFIN 2, JOHOR BAHRU, JOHOR', NULL, NULL, NULL, NULL, NULL, NULL, 1, NULL, NULL, 1, 0, 0, 1, '', 131, '2022-11-13 09:44:50', NULL, NULL),
	(81, 32, 'NO 7', NULL, 'JALAN ARIFFIN 2, JOHOR BAHRU, JOHOR', NULL, NULL, NULL, NULL, NULL, NULL, 1, NULL, NULL, 1, 0, 0, 1, '', 131, '2022-11-13 09:44:56', NULL, NULL),
	(82, 32, 'NO 09', NULL, 'JALAN ARIFFIN 2, JOHOR BAHRU, JOHOR', NULL, NULL, NULL, NULL, NULL, NULL, NULL, NULL, NULL, 1, 0, 0, 1, '', 10, '2022-11-30 11:36:55', NULL, NULL),
	(83, 32, 'NO 11', NULL, 'JALAN ARIFFIN 2, JOHOR BAHRU, JOHOR', NULL, NULL, NULL, NULL, NULL, NULL, 1, NULL, NULL, 1, 0, 0, 1, '', 10, '2022-11-29 22:45:23', NULL, NULL),
	(84, 32, 'NO 13', NULL, 'JALAN ARIFFIN 2, JOHOR BAHRU, JOHOR', NULL, NULL, NULL, NULL, NULL, NULL, 1, NULL, NULL, 1, 0, 0, 1, '', 10, '2022-11-29 22:45:23', NULL, NULL),
	(85, 32, 'NO 15', NULL, 'JALAN ARIFFIN 2, JOHOR BAHRU, JOHOR', NULL, NULL, NULL, NULL, NULL, NULL, 1, NULL, NULL, 1, 0, 0, 1, '', 131, '2022-11-13 09:44:24', NULL, NULL),
	(86, 32, 'NO 17', NULL, 'JALAN ARIFFIN 2, JOHOR BAHRU, JOHOR', NULL, NULL, NULL, NULL, NULL, NULL, 1, NULL, NULL, 1, 0, 0, 1, '', 131, '2022-11-13 09:44:25', NULL, NULL),
	(87, 32, 'NO 19', NULL, 'JALAN ARIFFIN 2, JOHOR BAHRU, JOHOR', NULL, NULL, NULL, NULL, NULL, NULL, 1, NULL, NULL, 1, 0, 0, 1, '', 131, '2022-11-13 09:44:29', NULL, NULL),
	(88, 32, 'NO 21', NULL, 'JALAN ARIFFIN 2, JOHOR BAHRU, JOHOR', NULL, NULL, NULL, NULL, NULL, NULL, 1, NULL, NULL, 1, 0, 0, 1, '', 131, '2022-11-13 09:44:31', NULL, NULL),
	(89, 33, 'NO 2', NULL, 'JALAN NUSARIA 10/1, TAMAN NUSANTARA.', NULL, NULL, NULL, NULL, NULL, NULL, 1, 8.00, NULL, 1, 0, 0, 1, NULL, 118, '2022-10-11 07:20:13', NULL, NULL),
	(90, 33, 'NO 4', NULL, 'JALAN NUSARIA 10/1, TAMAN NUSANTARA.', NULL, NULL, NULL, NULL, NULL, NULL, 1, 8.00, NULL, 1, 0, 0, 1, NULL, 118, '2022-10-11 07:20:13', NULL, NULL),
	(91, 33, 'NO 6', NULL, 'JALAN NUSARIA 10/1, TAMAN NUSANTARA.', NULL, NULL, NULL, NULL, NULL, NULL, 1, 8.00, NULL, 1, 0, 0, 1, NULL, 118, '2022-10-11 07:20:13', NULL, NULL),
	(92, 33, 'NO 8', NULL, 'JALAN NUSARIA 10/1, TAMAN NUSANTARA.', NULL, NULL, NULL, NULL, NULL, NULL, 1, 8.00, NULL, 1, 0, 0, 1, NULL, 118, '2022-10-11 07:20:13', NULL, NULL),
	(93, 33, 'NO 10', NULL, 'JALAN NUSARIA 10/1, TAMAN NUSANTARA.', NULL, NULL, NULL, NULL, NULL, NULL, 1, 8.00, NULL, 1, 0, 0, 1, '', 10, '2022-11-29 22:49:23', NULL, NULL),
	(94, 33, 'NO 12', NULL, 'JALAN NUSARIA 10/1, TAMAN NUSANTARA.', NULL, NULL, NULL, NULL, NULL, NULL, 1, 8.00, NULL, 1, 0, 0, 1, NULL, 118, '2022-10-11 07:20:13', NULL, NULL),
	(95, 33, 'NO 14', NULL, 'JALAN NUSARIA 10/1, TAMAN NUSANTARA.', NULL, NULL, NULL, NULL, NULL, NULL, 1, 8.00, NULL, 1, 0, 0, 1, '', 141, '2022-11-09 10:44:56', NULL, NULL),
	(96, 33, 'NO 16', NULL, 'JALAN NUSARIA 10/1, TAMAN NUSANTARA.', NULL, NULL, NULL, NULL, NULL, NULL, 1, 8.00, NULL, 1, 0, 0, 1, NULL, 118, '2022-10-11 07:20:13', NULL, NULL),
	(97, 33, 'NO 18', NULL, 'JALAN NUSARIA 10/1, TAMAN NUSANTARA.', NULL, NULL, NULL, NULL, NULL, NULL, 1, 8.00, NULL, 1, 0, 0, 1, NULL, 118, '2022-10-11 07:20:13', NULL, NULL),
	(98, 33, 'NO 20', NULL, 'JALAN NUSARIA 10/1, TAMAN NUSANTARA.', NULL, NULL, NULL, NULL, NULL, NULL, 1, 8.00, NULL, 1, 0, 0, 1, NULL, 118, '2022-10-11 07:20:13', NULL, NULL),
	(99, 33, 'NO 22', NULL, 'JALAN NUSARIA 10/1, TAMAN NUSANTARA.', NULL, NULL, NULL, NULL, NULL, NULL, 1, 8.00, NULL, 1, 0, 0, 1, NULL, 118, '2022-10-11 07:20:13', NULL, NULL),
	(100, 33, 'NO 24', NULL, 'JALAN NUSARIA 10/1, TAMAN NUSANTARA.', NULL, NULL, NULL, NULL, NULL, NULL, 1, 8.00, NULL, 1, 0, 0, 1, NULL, 118, '2022-10-11 07:20:13', NULL, NULL),
	(101, 33, 'NO 26', NULL, 'JALAN NUSARIA 10/1, TAMAN NUSANTARA.', NULL, NULL, NULL, NULL, NULL, NULL, 1, 8.00, NULL, 1, 0, 0, 1, NULL, 118, '2022-10-11 07:20:13', NULL, NULL),
	(102, 33, NULL, NULL, 'JALAN NUSARIA 10/1, TAMAN NUSANTARA.', NULL, NULL, NULL, NULL, NULL, NULL, 1, 8.00, NULL, 1, 0, 0, 0, NULL, 118, '2022-10-11 07:19:20', 118, '2022-10-11 07:21:11'),
	(103, 33, NULL, NULL, 'JALAN NUSARIA 10/1, TAMAN NUSANTARA.', NULL, NULL, NULL, NULL, NULL, NULL, 1, 8.00, NULL, 1, 0, 0, 0, NULL, 118, '2022-10-11 07:19:20', 118, '2022-10-11 07:21:24'),
	(104, 33, NULL, NULL, 'JALAN NUSARIA 10/1, TAMAN NUSANTARA.', NULL, NULL, NULL, NULL, NULL, NULL, 1, 8.00, NULL, 1, 0, 0, 0, NULL, 118, '2022-10-11 07:19:20', 118, '2022-10-11 07:21:31'),
	(105, 33, NULL, NULL, 'JALAN NUSARIA 10/1, TAMAN NUSANTARA.', NULL, NULL, NULL, NULL, NULL, NULL, 1, 8.00, NULL, 1, 0, 0, 0, NULL, 118, '2022-10-11 07:19:20', 118, '2022-10-11 07:21:41'),
	(106, 33, NULL, NULL, 'JALAN NUSARIA 10/1, TAMAN NUSANTARA.', NULL, NULL, NULL, NULL, NULL, NULL, 1, 8.00, NULL, 1, 0, 0, 0, NULL, 118, '2022-10-11 07:19:20', 118, '2022-10-11 07:21:55'),
	(107, 33, NULL, NULL, 'JALAN NUSARIA 10/1, TAMAN NUSANTARA.', NULL, NULL, NULL, NULL, NULL, NULL, 1, 8.00, NULL, 1, 0, 0, 0, NULL, 118, '2022-10-11 07:19:20', 118, '2022-10-11 07:22:01'),
	(108, 33, NULL, NULL, 'JALAN NUSARIA 10/1, TAMAN NUSANTARA.', NULL, NULL, NULL, NULL, NULL, NULL, 1, 8.00, NULL, 1, 0, 0, 0, NULL, 118, '2022-10-11 07:19:20', 118, '2022-10-11 07:22:09'),
	(109, 33, NULL, NULL, 'JALAN NUSARIA 10/1, TAMAN NUSANTARA.', NULL, NULL, NULL, NULL, NULL, NULL, 1, 8.00, NULL, 1, 0, 0, 0, NULL, 118, '2022-10-11 07:19:20', 118, '2022-10-11 07:22:17'),
	(110, 33, NULL, NULL, 'JALAN NUSARIA 10/1, TAMAN NUSANTARA.', NULL, NULL, NULL, NULL, NULL, NULL, 1, 8.00, NULL, 1, 0, 0, 0, NULL, 118, '2022-10-11 07:19:20', 118, '2022-10-11 07:21:03'),
	(111, 33, 'NO 1', NULL, 'JALAN NUSARIA 10/2, TAMAN NUSANTARA.', NULL, NULL, NULL, NULL, NULL, NULL, 1, 8.00, NULL, 1, 0, 0, 1, '', 10, '2022-11-29 22:49:23', NULL, NULL),
	(112, 33, 'NO 2', NULL, 'JALAN NUSARIA 10/2, TAMAN NUSANTARA.', NULL, NULL, NULL, NULL, NULL, NULL, 1, 8.00, NULL, 1, 0, 0, 1, NULL, 118, '2022-10-11 07:29:17', NULL, NULL),
	(113, 33, 'NO 3', NULL, 'JALAN NUSARIA 10/2, TAMAN NUSANTARA.', NULL, NULL, NULL, NULL, NULL, NULL, 1, 8.00, NULL, 1, 0, 0, 1, NULL, 118, '2022-10-11 07:29:17', NULL, NULL),
	(114, 33, 'NO 4', NULL, 'JALAN NUSARIA 10/2, TAMAN NUSANTARA.', NULL, NULL, NULL, NULL, NULL, NULL, 1, 8.00, NULL, 1, 0, 0, 1, NULL, 118, '2022-10-11 07:29:17', NULL, NULL),
	(115, 33, 'NO 5', NULL, 'JALAN NUSARIA 10/2, TAMAN NUSANTARA.', NULL, NULL, NULL, NULL, NULL, NULL, 1, 8.00, NULL, 1, 0, 0, 1, NULL, 118, '2022-10-11 07:29:17', NULL, NULL),
	(116, 33, 'NO 6', NULL, 'JALAN NUSARIA 10/2, TAMAN NUSANTARA.', NULL, NULL, NULL, NULL, NULL, NULL, 1, 8.00, NULL, 1, 0, 0, 1, NULL, 118, '2022-10-11 07:29:17', NULL, NULL),
	(117, 33, 'NO 7', NULL, 'JALAN NUSARIA 10/2, TAMAN NUSANTARA.', NULL, NULL, NULL, NULL, NULL, NULL, 1, 8.00, NULL, 1, 0, 0, 1, NULL, 118, '2022-10-11 07:29:17', NULL, NULL),
	(118, 33, 'NO 8', NULL, 'JALAN NUSARIA 10/2, TAMAN NUSANTARA.', NULL, NULL, NULL, NULL, NULL, NULL, 1, 8.00, NULL, 1, 0, 0, 1, NULL, 118, '2022-10-11 07:29:17', NULL, NULL),
	(119, 33, 'NO 9', NULL, 'JALAN NUSARIA 10/2, TAMAN NUSANTARA.', NULL, NULL, NULL, NULL, NULL, NULL, 1, 8.00, NULL, 1, 0, 0, 1, NULL, 118, '2022-10-11 07:29:17', NULL, NULL),
	(120, 33, 'NO 10', NULL, 'JALAN NUSARIA 10/2, TAMAN NUSANTARA.', NULL, NULL, NULL, NULL, NULL, NULL, 1, 8.00, NULL, 1, 0, 0, 1, '', 10, '2022-11-29 22:49:23', NULL, NULL),
	(121, 33, 'NO 11', NULL, 'JALAN NUSARIA 10/2, TAMAN NUSANTARA.', NULL, NULL, NULL, NULL, NULL, NULL, 1, 8.00, NULL, 1, 0, 0, 1, NULL, 118, '2022-10-11 07:29:17', NULL, NULL),
	(122, 33, 'NO 12', NULL, 'JALAN NUSARIA 10/2, TAMAN NUSANTARA.', NULL, NULL, NULL, NULL, NULL, NULL, 1, 8.00, NULL, 1, 0, 0, 1, NULL, 118, '2022-10-11 07:29:17', NULL, NULL),
	(123, 33, 'NO 13', NULL, 'JALAN NUSARIA 10/2, TAMAN NUSANTARA.', NULL, NULL, NULL, NULL, NULL, NULL, 1, 8.00, 12.00, 1, 0, 0, 1, '', 141, '2022-11-09 14:41:56', NULL, NULL),
	(124, 33, 'NO 14', NULL, 'JALAN NUSARIA 10/2, TAMAN NUSANTARA.', NULL, NULL, NULL, NULL, NULL, NULL, 1, 8.00, NULL, 1, 0, 0, 1, '', 141, '2022-11-09 10:44:56', NULL, NULL),
	(125, 33, 'NO 15', NULL, 'JALAN NUSARIA 10/2, TAMAN NUSANTARA.', NULL, NULL, NULL, NULL, NULL, NULL, 1, 8.00, NULL, 1, 0, 0, 1, '', 141, '2022-11-09 10:44:56', NULL, NULL),
	(126, 33, 'NO 16', NULL, 'JALAN NUSARIA 10/2, TAMAN NUSANTARA.', NULL, NULL, NULL, NULL, NULL, NULL, 1, 8.00, NULL, 1, 0, 0, 1, NULL, 118, '2022-10-11 07:29:17', NULL, NULL),
	(127, 33, 'NO 17', NULL, 'JALAN NUSARIA 10/2, TAMAN NUSANTARA.', NULL, NULL, NULL, NULL, NULL, NULL, 1, 8.00, NULL, 1, 0, 0, 1, NULL, 118, '2022-10-11 07:29:17', NULL, NULL),
	(128, 33, 'NO 18', NULL, 'JALAN NUSARIA 10/2, TAMAN NUSANTARA.', NULL, NULL, NULL, NULL, NULL, NULL, 1, 8.00, NULL, 1, 0, 0, 1, NULL, 118, '2022-10-11 07:29:17', NULL, NULL),
	(129, 33, 'NO 19', NULL, 'JALAN NUSARIA 10/2, TAMAN NUSANTARA.', NULL, NULL, NULL, NULL, NULL, NULL, 1, 8.00, NULL, 1, 0, 0, 1, NULL, 118, '2022-10-11 07:29:17', NULL, NULL),
	(130, 33, 'NO 20', NULL, 'JALAN NUSARIA 10/2, TAMAN NUSANTARA.', NULL, NULL, NULL, NULL, NULL, NULL, 1, 8.00, NULL, 1, 0, 0, 1, NULL, 118, '2022-10-11 07:29:17', NULL, NULL),
	(131, 33, 'NO 21', NULL, 'JALAN NUSARIA 10/2, TAMAN NUSANTARA.', NULL, NULL, NULL, NULL, NULL, NULL, 1, 8.00, NULL, 1, 0, 0, 1, NULL, 118, '2022-10-11 07:29:17', NULL, NULL),
	(132, 33, 'NO 22', NULL, 'JALAN NUSARIA 10/2, TAMAN NUSANTARA.', NULL, NULL, NULL, NULL, NULL, NULL, 1, 8.00, NULL, 1, 0, 0, 1, NULL, 118, '2022-10-11 07:29:17', NULL, NULL),
	(133, 33, 'NO 23', NULL, 'JALAN NUSARIA 10/2, TAMAN NUSANTARA.', NULL, NULL, NULL, NULL, NULL, NULL, 1, 8.00, NULL, 1, 0, 0, 1, NULL, 118, '2022-10-11 07:29:17', NULL, NULL),
	(134, 33, 'NO 24', NULL, 'JALAN NUSARIA 10/2, TAMAN NUSANTARA.', NULL, NULL, NULL, NULL, NULL, NULL, 1, 8.00, NULL, 1, 0, 0, 1, NULL, 118, '2022-10-11 07:29:17', NULL, NULL),
	(135, 33, 'NO 25', NULL, 'JALAN NUSARIA 10/2, TAMAN NUSANTARA.', NULL, NULL, NULL, NULL, NULL, NULL, 1, 8.00, NULL, 1, 0, 0, 1, NULL, 118, '2022-10-11 07:29:17', NULL, NULL),
	(136, 33, 'NO 26', NULL, 'JALAN NUSARIA 10/2, TAMAN NUSANTARA.', NULL, NULL, NULL, NULL, NULL, NULL, 1, 8.00, NULL, 1, 0, 0, 1, NULL, 118, '2022-10-11 07:29:17', NULL, NULL),
	(137, 33, 'NO 27', NULL, 'JALAN NUSARIA 10/2, TAMAN NUSANTARA.', NULL, NULL, NULL, NULL, NULL, NULL, 1, 8.00, NULL, 1, 0, 0, 1, NULL, 118, '2022-10-11 07:29:17', NULL, NULL),
	(138, 33, 'NO 28', NULL, 'JALAN NUSARIA 10/2, TAMAN NUSANTARA.', NULL, NULL, NULL, NULL, NULL, NULL, 1, 8.00, NULL, 1, 0, 0, 1, NULL, 118, '2022-10-11 07:29:17', NULL, NULL),
	(139, 33, 'NO 29', NULL, 'JALAN NUSARIA 10/2, TAMAN NUSANTARA.', NULL, NULL, NULL, NULL, NULL, NULL, 1, 8.00, NULL, 1, 0, 0, 1, NULL, 118, '2022-10-11 07:29:17', NULL, NULL),
	(140, 33, 'NO 30', NULL, 'JALAN NUSARIA 10/2, TAMAN NUSANTARA.', NULL, NULL, NULL, NULL, NULL, NULL, 1, 8.00, NULL, 1, 0, 0, 1, NULL, 118, '2022-10-11 07:29:17', NULL, NULL),
	(141, 33, 'NO 32', NULL, 'JALAN NUSARIA 10/2, TAMAN NUSANTARA.', NULL, NULL, NULL, NULL, NULL, NULL, 1, 8.00, NULL, 1, 0, 0, 1, NULL, 118, '2022-10-11 07:29:17', NULL, NULL),
	(142, 33, 'NO 1', NULL, 'JALAN NUSARIA 10/3, TAMAN NUSANTARA.', NULL, NULL, NULL, NULL, NULL, NULL, 1, 8.00, NULL, 1, 0, 0, 1, '', 10, '2022-11-29 22:49:23', NULL, NULL),
	(143, 33, 'NO 2', NULL, 'JALAN NUSARIA 10/3, TAMAN NUSANTARA.', NULL, NULL, NULL, NULL, NULL, NULL, 1, 8.00, NULL, 1, 0, 0, 1, NULL, 118, '2022-10-11 07:32:06', NULL, NULL),
	(144, 33, 'NO 3', NULL, 'JALAN NUSARIA 10/3, TAMAN NUSANTARA.', NULL, NULL, NULL, NULL, NULL, NULL, 1, 8.00, NULL, 1, 0, 0, 1, NULL, 118, '2022-10-11 07:32:06', NULL, NULL),
	(145, 33, 'NO 4', NULL, 'JALAN NUSARIA 10/3, TAMAN NUSANTARA.', NULL, NULL, NULL, NULL, NULL, NULL, 1, 8.00, NULL, 1, 0, 0, 1, NULL, 118, '2022-10-11 07:32:06', NULL, NULL),
	(146, 33, 'NO 5', NULL, 'JALAN NUSARIA 10/3, TAMAN NUSANTARA.', NULL, NULL, NULL, NULL, NULL, NULL, 1, 8.00, NULL, 1, 0, 0, 1, NULL, 118, '2022-10-11 07:32:06', NULL, NULL),
	(147, 33, 'NO 6', NULL, 'JALAN NUSARIA 10/3, TAMAN NUSANTARA.', NULL, NULL, NULL, NULL, NULL, NULL, 1, 8.00, NULL, 1, 0, 0, 1, NULL, 118, '2022-10-11 07:32:06', NULL, NULL),
	(148, 33, 'NO 7', NULL, 'JALAN NUSARIA 10/3, TAMAN NUSANTARA.', NULL, NULL, NULL, NULL, NULL, NULL, 1, 8.00, NULL, 1, 0, 0, 1, NULL, 118, '2022-10-11 07:32:06', NULL, NULL),
	(149, 33, 'NO 8', NULL, 'JALAN NUSARIA 10/3, TAMAN NUSANTARA.', NULL, NULL, NULL, NULL, NULL, NULL, 1, 8.00, NULL, 1, 0, 0, 1, NULL, 118, '2022-10-11 07:32:06', NULL, NULL),
	(150, 33, 'NO 9', NULL, 'JALAN NUSARIA 10/3, TAMAN NUSANTARA.', NULL, NULL, NULL, NULL, NULL, NULL, 1, 8.00, NULL, 1, 0, 0, 1, NULL, 118, '2022-10-11 07:32:06', NULL, NULL),
	(151, 33, 'NO 10', NULL, 'JALAN NUSARIA 10/3, TAMAN NUSANTARA.', NULL, NULL, NULL, NULL, NULL, NULL, 1, 8.00, NULL, 1, 0, 0, 1, '', 10, '2022-11-29 22:49:23', NULL, NULL),
	(152, 33, 'NO 11', NULL, 'JALAN NUSARIA 10/3, TAMAN NUSANTARA.', NULL, NULL, NULL, NULL, NULL, NULL, 1, 8.00, NULL, 1, 0, 0, 1, NULL, 118, '2022-10-11 07:32:06', NULL, NULL),
	(153, 33, 'NO 12', NULL, 'JALAN NUSARIA 10/3, TAMAN NUSANTARA.', NULL, NULL, NULL, NULL, NULL, NULL, 1, 8.00, NULL, 1, 0, 0, 1, NULL, 118, '2022-10-11 07:32:06', NULL, NULL),
	(154, 33, 'NO 13', NULL, 'JALAN NUSARIA 10/3, TAMAN NUSANTARA.', NULL, NULL, NULL, NULL, NULL, NULL, 1, 8.00, NULL, 1, 0, 0, 1, '', 141, '2022-11-09 10:44:56', NULL, NULL),
	(155, 33, 'NO 14', NULL, 'JALAN NUSARIA 10/3, TAMAN NUSANTARA.', NULL, NULL, NULL, NULL, NULL, NULL, 1, 8.00, NULL, 1, 0, 0, 1, '', 141, '2022-11-09 10:44:56', NULL, NULL),
	(156, 33, 'NO 15', NULL, 'JALAN NUSARIA 10/3, TAMAN NUSANTARA.', NULL, NULL, NULL, NULL, NULL, NULL, 1, 8.00, NULL, 1, 0, 0, 1, NULL, 118, '2022-10-11 07:32:06', NULL, NULL),
	(157, 33, 'NO 16', NULL, 'JALAN NUSARIA 10/3, TAMAN NUSANTARA.', NULL, NULL, NULL, NULL, NULL, NULL, 1, 8.00, NULL, 1, 0, 0, 1, NULL, 118, '2022-10-11 07:32:06', NULL, NULL),
	(158, 33, 'NO 17', NULL, 'JALAN NUSARIA 10/3, TAMAN NUSANTARA.', NULL, NULL, NULL, NULL, NULL, NULL, 1, 8.00, NULL, 1, 0, 0, 1, NULL, 118, '2022-10-11 07:32:06', NULL, NULL),
	(159, 33, 'NO 18', NULL, 'JALAN NUSARIA 10/3, TAMAN NUSANTARA.', NULL, NULL, NULL, NULL, NULL, NULL, 1, 8.00, NULL, 1, 0, 0, 1, NULL, 118, '2022-10-11 07:32:06', NULL, NULL),
	(160, 33, 'NO 19', NULL, 'JALAN NUSARIA 10/3, TAMAN NUSANTARA.', NULL, NULL, NULL, NULL, NULL, NULL, 1, 8.00, NULL, 1, 0, 0, 1, NULL, 118, '2022-10-11 07:32:06', NULL, NULL),
	(161, 33, 'NO 20', NULL, 'JALAN NUSARIA 10/3, TAMAN NUSANTARA.', NULL, NULL, NULL, NULL, NULL, NULL, 1, 8.00, NULL, 1, 0, 0, 1, NULL, 118, '2022-10-11 07:32:06', NULL, NULL),
	(162, 33, 'NO 21', NULL, 'JALAN NUSARIA 10/3, TAMAN NUSANTARA.', NULL, NULL, NULL, NULL, NULL, NULL, 1, 8.00, NULL, 1, 0, 0, 1, NULL, 118, '2022-10-11 07:32:06', NULL, NULL),
	(163, 33, 'NO 22', NULL, 'JALAN NUSARIA 10/3, TAMAN NUSANTARA.', NULL, NULL, NULL, NULL, NULL, NULL, 1, 8.00, NULL, 1, 0, 0, 1, NULL, 118, '2022-10-11 07:32:06', NULL, NULL),
	(164, 33, 'NO 23', NULL, 'JALAN NUSARIA 10/3, TAMAN NUSANTARA.', NULL, NULL, NULL, NULL, NULL, NULL, 1, 8.00, NULL, 1, 0, 0, 1, NULL, 118, '2022-10-11 07:32:06', NULL, NULL),
	(165, 33, 'NO 24', NULL, 'JALAN NUSARIA 10/3, TAMAN NUSANTARA.', NULL, NULL, NULL, NULL, NULL, NULL, 1, 8.00, NULL, 1, 0, 0, 1, NULL, 118, '2022-10-11 07:32:06', NULL, NULL),
	(166, 33, 'NO 25', NULL, 'JALAN NUSARIA 10/3, TAMAN NUSANTARA.', NULL, NULL, NULL, NULL, NULL, NULL, 1, 8.00, NULL, 1, 0, 0, 1, NULL, 118, '2022-10-11 07:32:06', NULL, NULL),
	(167, 33, 'NO 26', NULL, 'JALAN NUSARIA 10/3, TAMAN NUSANTARA.', NULL, NULL, NULL, NULL, NULL, NULL, 1, 8.00, NULL, 1, 0, 0, 1, NULL, 118, '2022-10-11 07:32:06', NULL, NULL),
	(168, 33, 'NO 27', NULL, 'JALAN NUSARIA 10/3, TAMAN NUSANTARA.', NULL, NULL, NULL, NULL, NULL, NULL, 1, 8.00, NULL, 1, 0, 0, 1, NULL, 118, '2022-10-11 07:32:06', NULL, NULL),
	(169, 33, 'NO 28', NULL, 'JALAN NUSARIA 10/3, TAMAN NUSANTARA.', NULL, NULL, NULL, NULL, NULL, NULL, 1, 8.00, NULL, 1, 0, 0, 1, NULL, 118, '2022-10-11 07:32:06', NULL, NULL),
	(170, 33, 'NO 29', NULL, 'JALAN NUSARIA 10/3, TAMAN NUSANTARA.', NULL, NULL, NULL, NULL, NULL, NULL, 1, 8.00, NULL, 1, 0, 0, 1, NULL, 118, '2022-10-11 07:32:06', NULL, NULL),
	(171, 33, 'NO 30', NULL, 'JALAN NUSARIA 10/3, TAMAN NUSANTARA.', NULL, NULL, NULL, NULL, NULL, NULL, 1, 8.00, NULL, 1, 0, 0, 1, NULL, 118, '2022-10-11 07:32:06', NULL, NULL),
	(172, 33, 'NO 31', NULL, 'JALAN NUSARIA 10/3, TAMAN NUSANTARA.', NULL, NULL, NULL, NULL, NULL, NULL, 1, 8.00, NULL, 1, 0, 0, 1, NULL, 118, '2022-10-11 07:32:06', NULL, NULL),
	(173, 33, 'NO 32', NULL, 'JALAN NUSARIA 10/3, TAMAN NUSANTARA.', NULL, NULL, NULL, NULL, NULL, NULL, 1, 8.00, NULL, 1, 0, 0, 1, NULL, 118, '2022-10-11 07:32:06', NULL, NULL),
	(174, 33, 'NO 33', NULL, 'JALAN NUSARIA 10/3, TAMAN NUSANTARA.', NULL, NULL, NULL, NULL, NULL, NULL, 1, 8.00, NULL, 1, 0, 0, 1, NULL, 118, '2022-10-11 07:32:06', NULL, NULL),
	(175, 33, 'NO 1', NULL, 'JALAN NUSARIA 10/4, TAMAN NUSANTARA.', NULL, NULL, NULL, NULL, NULL, NULL, 1, 8.00, NULL, 1, 0, 0, 1, '', 10, '2022-11-29 22:49:23', NULL, NULL),
	(176, 33, 'NO 2', NULL, 'JALAN NUSARIA 10/4, TAMAN NUSANTARA.', NULL, NULL, NULL, NULL, NULL, NULL, 1, 8.00, NULL, 1, 0, 0, 1, NULL, 118, '2022-10-11 07:36:10', NULL, NULL),
	(177, 33, 'NO 3', NULL, 'JALAN NUSARIA 10/4, TAMAN NUSANTARA.', NULL, NULL, NULL, NULL, NULL, NULL, 1, 8.00, NULL, 1, 0, 0, 1, NULL, 118, '2022-10-11 07:36:10', NULL, NULL),
	(178, 33, 'NO 4', NULL, 'JALAN NUSARIA 10/4, TAMAN NUSANTARA.', NULL, NULL, NULL, NULL, NULL, NULL, 1, 8.00, NULL, 1, 0, 0, 1, NULL, 118, '2022-10-11 07:36:10', NULL, NULL),
	(179, 33, 'NO 5', NULL, 'JALAN NUSARIA 10/4, TAMAN NUSANTARA.', NULL, NULL, NULL, NULL, NULL, NULL, 1, 8.00, NULL, 1, 0, 0, 1, NULL, 118, '2022-10-11 07:36:10', NULL, NULL),
	(180, 33, 'NO 6', NULL, 'JALAN NUSARIA 10/4, TAMAN NUSANTARA.', NULL, NULL, NULL, NULL, NULL, NULL, 1, 8.00, NULL, 1, 0, 0, 1, NULL, 118, '2022-10-11 07:36:10', NULL, NULL),
	(181, 33, 'NO 7', NULL, 'JALAN NUSARIA 10/4, TAMAN NUSANTARA.', NULL, NULL, NULL, NULL, NULL, NULL, 1, 8.00, NULL, 1, 0, 0, 1, NULL, 118, '2022-10-11 07:36:10', NULL, NULL),
	(182, 33, 'NO 8', NULL, 'JALAN NUSARIA 10/4, TAMAN NUSANTARA.', NULL, NULL, NULL, NULL, NULL, NULL, 1, 8.00, NULL, 1, 0, 0, 1, NULL, 118, '2022-10-11 07:36:10', NULL, NULL),
	(183, 33, 'NO 9', NULL, 'JALAN NUSARIA 10/4, TAMAN NUSANTARA.', NULL, NULL, NULL, NULL, NULL, NULL, 1, 8.00, NULL, 1, 0, 0, 1, NULL, 118, '2022-10-11 07:36:10', NULL, NULL),
	(184, 33, 'NO 10', NULL, 'JALAN NUSARIA 10/4, TAMAN NUSANTARA.', NULL, NULL, NULL, NULL, NULL, NULL, 1, 8.00, NULL, 1, 0, 0, 1, '', 10, '2022-11-29 22:49:23', NULL, NULL),
	(185, 33, 'NO 11', NULL, 'JALAN NUSARIA 10/4, TAMAN NUSANTARA.', NULL, NULL, NULL, NULL, NULL, NULL, 1, 8.00, NULL, 1, 0, 0, 1, NULL, 118, '2022-10-11 07:36:10', NULL, NULL),
	(186, 33, 'NO 12', NULL, 'JALAN NUSARIA 10/4, TAMAN NUSANTARA.', NULL, NULL, NULL, NULL, NULL, NULL, 1, 8.00, NULL, 1, 0, 0, 1, NULL, 118, '2022-10-11 07:36:10', NULL, NULL),
	(187, 33, 'NO 13', NULL, 'JALAN NUSARIA 10/4, TAMAN NUSANTARA.', NULL, NULL, NULL, NULL, NULL, NULL, 1, 8.00, NULL, 1, 0, 0, 1, '', 141, '2022-11-09 10:44:56', NULL, NULL),
	(188, 33, 'NO 14', NULL, 'JALAN NUSARIA 10/4, TAMAN NUSANTARA.', NULL, NULL, NULL, NULL, NULL, NULL, 1, 8.00, NULL, 1, 0, 0, 1, '', 141, '2022-11-09 10:44:56', NULL, NULL),
	(189, 33, 'NO 15', NULL, 'JALAN NUSARIA 10/4, TAMAN NUSANTARA.', NULL, NULL, NULL, NULL, NULL, NULL, 1, 8.00, NULL, 1, 0, 0, 1, NULL, 118, '2022-10-11 07:36:10', NULL, NULL),
	(190, 33, 'NO 16', NULL, 'JALAN NUSARIA 10/4, TAMAN NUSANTARA.', NULL, NULL, NULL, NULL, NULL, NULL, 1, 8.00, NULL, 1, 0, 0, 1, NULL, 118, '2022-10-11 07:36:10', NULL, NULL),
	(191, 33, 'NO 17', NULL, 'JALAN NUSARIA 10/4, TAMAN NUSANTARA.', NULL, NULL, NULL, NULL, NULL, NULL, 1, 8.00, NULL, 1, 0, 0, 1, NULL, 118, '2022-10-11 07:36:10', NULL, NULL),
	(192, 33, 'NO 18', NULL, 'JALAN NUSARIA 10/4, TAMAN NUSANTARA.', NULL, NULL, NULL, NULL, NULL, NULL, 1, 8.00, NULL, 1, 0, 0, 1, NULL, 118, '2022-10-11 07:36:10', NULL, NULL),
	(193, 33, 'NO 19', NULL, 'JALAN NUSARIA 10/4, TAMAN NUSANTARA.', NULL, NULL, NULL, NULL, NULL, NULL, 1, 8.00, NULL, 1, 0, 0, 1, NULL, 118, '2022-10-11 07:36:10', NULL, NULL),
	(194, 33, 'NO 20', NULL, 'JALAN NUSARIA 10/4, TAMAN NUSANTARA.', NULL, NULL, NULL, NULL, NULL, NULL, 1, 8.00, NULL, 1, 0, 0, 1, NULL, 118, '2022-10-11 07:36:10', NULL, NULL),
	(195, 33, 'NO 21', NULL, 'JALAN NUSARIA 10/4, TAMAN NUSANTARA.', NULL, NULL, NULL, NULL, NULL, NULL, 1, 8.00, NULL, 1, 0, 0, 1, NULL, 118, '2022-10-11 07:36:10', NULL, NULL),
	(196, 33, 'NO 22', NULL, 'JALAN NUSARIA 10/4, TAMAN NUSANTARA.', NULL, NULL, NULL, NULL, NULL, NULL, 1, 8.00, NULL, 1, 0, 0, 1, NULL, 118, '2022-10-11 07:36:10', NULL, NULL),
	(197, 33, 'NO 23', NULL, 'JALAN NUSARIA 10/4, TAMAN NUSANTARA.', NULL, NULL, NULL, NULL, NULL, NULL, 1, 8.00, NULL, 1, 0, 0, 1, NULL, 118, '2022-10-11 07:36:10', NULL, NULL),
	(198, 33, 'NO 24', NULL, 'JALAN NUSARIA 10/4, TAMAN NUSANTARA.', NULL, NULL, NULL, NULL, NULL, NULL, 1, 8.00, NULL, 1, 0, 0, 1, NULL, 118, '2022-10-11 07:36:10', NULL, NULL),
	(199, 33, 'NO 25', NULL, 'JALAN NUSARIA 10/4, TAMAN NUSANTARA.', NULL, NULL, NULL, NULL, NULL, NULL, 1, 8.00, NULL, 1, 0, 0, 1, NULL, 118, '2022-10-11 07:36:10', NULL, NULL),
	(200, 33, 'NO 26', NULL, 'JALAN NUSARIA 10/4, TAMAN NUSANTARA.', NULL, NULL, NULL, NULL, NULL, NULL, 1, 8.00, NULL, 1, 0, 0, 1, NULL, 118, '2022-10-11 07:36:10', NULL, NULL),
	(201, 33, 'NO 27', NULL, 'JALAN NUSARIA 10/4, TAMAN NUSANTARA.', NULL, NULL, NULL, NULL, NULL, NULL, 1, 8.00, NULL, 1, 0, 0, 1, NULL, 118, '2022-10-11 07:36:10', NULL, NULL),
	(202, 33, 'NO 28', NULL, 'JALAN NUSARIA 10/4, TAMAN NUSANTARA.', NULL, NULL, NULL, NULL, NULL, NULL, 1, 8.00, NULL, 1, 0, 0, 1, NULL, 118, '2022-10-11 07:36:10', NULL, NULL),
	(203, 33, 'NO 29', NULL, 'JALAN NUSARIA 10/4, TAMAN NUSANTARA.', NULL, NULL, NULL, NULL, NULL, NULL, 1, 8.00, NULL, 1, 0, 0, 1, NULL, 118, '2022-10-11 07:36:10', NULL, NULL),
	(204, 33, 'NO 30', NULL, 'JALAN NUSARIA 10/4, TAMAN NUSANTARA.', NULL, NULL, NULL, NULL, NULL, NULL, 1, 8.00, NULL, 1, 0, 0, 1, NULL, 118, '2022-10-11 07:36:10', NULL, NULL),
	(205, 33, 'NO 31', NULL, 'JALAN NUSARIA 10/4, TAMAN NUSANTARA.', NULL, NULL, NULL, NULL, NULL, NULL, 1, 8.00, NULL, 1, 0, 0, 1, NULL, 118, '2022-10-11 07:36:10', NULL, NULL),
	(206, 33, 'NO 32', NULL, 'JALAN NUSARIA 10/4, TAMAN NUSANTARA.', NULL, NULL, NULL, NULL, NULL, NULL, 1, 8.00, NULL, 1, 0, 0, 1, NULL, 118, '2022-10-11 07:36:10', NULL, NULL),
	(207, 33, 'NO 33', NULL, 'JALAN NUSARIA 10/4, TAMAN NUSANTARA.', NULL, NULL, NULL, NULL, NULL, NULL, 1, 8.00, NULL, 1, 0, 0, 1, NULL, 118, '2022-10-11 07:36:10', NULL, NULL),
	(208, 33, 'NO 34', NULL, 'JALAN NUSARIA 10/4, TAMAN NUSANTARA.', NULL, NULL, NULL, NULL, NULL, NULL, 1, 8.00, NULL, 1, 0, 0, 1, NULL, 118, '2022-10-11 07:36:10', NULL, NULL),
	(209, 33, 'NO  35', NULL, 'JALAN NUSARIA 10/4, TAMAN NUSANTARA.', NULL, NULL, NULL, NULL, NULL, NULL, 1, 8.00, NULL, 1, 0, 0, 1, '', 10, '2022-11-29 22:49:23', NULL, NULL),
	(210, 33, 'NO 36', NULL, 'JALAN NUSARIA 10/4, TAMAN NUSANTARA.', NULL, NULL, NULL, NULL, NULL, NULL, 1, 8.00, NULL, 1, 0, 0, 1, NULL, 118, '2022-10-11 07:36:10', NULL, NULL),
	(211, 33, 'NO 38', NULL, 'JALAN NUSARIA 10/4, TAMAN NUSANTARA.', NULL, NULL, NULL, NULL, NULL, NULL, 1, 8.00, NULL, 1, 0, 0, 1, NULL, 118, '2022-10-11 07:36:10', NULL, NULL),
	(212, 33, 'NO 1', NULL, 'JALAN NUSARIA 10/5, TAMAN NUSANTARA.', NULL, NULL, NULL, NULL, NULL, NULL, 1, 8.00, NULL, 1, 0, 0, 1, '', 10, '2022-11-29 22:49:23', NULL, NULL),
	(213, 33, 'NO 2', NULL, 'JALAN NUSARIA 10/5, TAMAN NUSANTARA.', NULL, NULL, NULL, NULL, NULL, NULL, 1, 8.00, NULL, 1, 0, 0, 1, NULL, 118, '2022-10-11 07:39:27', NULL, NULL),
	(214, 33, 'NO 3', NULL, 'JALAN NUSARIA 10/5, TAMAN NUSANTARA.', NULL, NULL, NULL, NULL, NULL, NULL, 1, 8.00, NULL, 1, 0, 0, 1, NULL, 118, '2022-10-11 07:39:27', NULL, NULL),
	(215, 33, 'NO 4', NULL, 'JALAN NUSARIA 10/5, TAMAN NUSANTARA.', NULL, NULL, NULL, NULL, NULL, NULL, 1, 8.00, NULL, 1, 0, 0, 1, NULL, 118, '2022-10-11 07:39:27', NULL, NULL),
	(216, 33, 'NO 5', NULL, 'JALAN NUSARIA 10/5, TAMAN NUSANTARA.', NULL, NULL, NULL, NULL, NULL, NULL, 1, 8.00, NULL, 1, 0, 0, 1, NULL, 118, '2022-10-11 07:39:27', NULL, NULL),
	(217, 33, 'NO 6', NULL, 'JALAN NUSARIA 10/5, TAMAN NUSANTARA.', NULL, NULL, NULL, NULL, NULL, NULL, 1, 8.00, NULL, 1, 0, 0, 1, NULL, 118, '2022-10-11 07:39:27', NULL, NULL),
	(218, 33, 'NO 7', NULL, 'JALAN NUSARIA 10/5, TAMAN NUSANTARA.', NULL, NULL, NULL, NULL, NULL, NULL, 1, 8.00, NULL, 1, 0, 0, 1, NULL, 118, '2022-10-11 07:39:27', NULL, NULL),
	(219, 33, 'NO 8', NULL, 'JALAN NUSARIA 10/5, TAMAN NUSANTARA.', NULL, NULL, NULL, NULL, NULL, NULL, 1, 8.00, NULL, 1, 0, 0, 1, NULL, 118, '2022-10-11 07:39:27', NULL, NULL),
	(220, 33, 'NO 9', NULL, 'JALAN NUSARIA 10/5, TAMAN NUSANTARA.', NULL, NULL, NULL, NULL, NULL, NULL, 1, 8.00, NULL, 1, 0, 0, 1, NULL, 118, '2022-10-11 07:39:27', NULL, NULL),
	(221, 33, 'NO 10', NULL, 'JALAN NUSARIA 10/5, TAMAN NUSANTARA.', NULL, NULL, NULL, NULL, NULL, NULL, 1, 8.00, NULL, 1, 0, 0, 1, NULL, 118, '2022-10-11 07:39:27', NULL, NULL),
	(222, 33, 'NO 11', NULL, 'JALAN NUSARIA 10/5, TAMAN NUSANTARA.', NULL, NULL, NULL, NULL, NULL, NULL, 1, 8.00, NULL, 1, 0, 0, 1, NULL, 118, '2022-10-11 07:39:27', NULL, NULL),
	(223, 33, 'NO 12', NULL, 'JALAN NUSARIA 10/5, TAMAN NUSANTARA.', NULL, NULL, NULL, NULL, NULL, NULL, 1, 8.00, NULL, 1, 0, 0, 1, NULL, 118, '2022-10-11 07:39:27', NULL, NULL),
	(224, 33, 'NO 13', NULL, 'JALAN NUSARIA 10/5, TAMAN NUSANTARA.', NULL, NULL, NULL, NULL, NULL, NULL, 1, 8.00, NULL, 1, 0, 0, 1, '', 141, '2022-11-09 10:44:56', NULL, NULL),
	(225, 33, 'NO 14', NULL, 'JALAN NUSARIA 10/5, TAMAN NUSANTARA.', NULL, NULL, NULL, NULL, NULL, NULL, 1, 8.00, NULL, 1, 0, 0, 1, '', 141, '2022-11-09 10:44:56', NULL, NULL),
	(226, 33, 'NO 15', NULL, 'JALAN NUSARIA 10/5, TAMAN NUSANTARA.', NULL, NULL, NULL, NULL, NULL, NULL, 1, 8.00, NULL, 1, 0, 0, 1, NULL, 118, '2022-10-11 07:39:27', NULL, NULL),
	(227, 33, 'NO 16', NULL, 'JALAN NUSARIA 10/5, TAMAN NUSANTARA.', NULL, NULL, NULL, NULL, NULL, NULL, 1, 8.00, NULL, 1, 0, 0, 1, NULL, 118, '2022-10-11 07:39:27', NULL, NULL),
	(228, 33, 'NO 17', NULL, 'JALAN NUSARIA 10/5, TAMAN NUSANTARA.', NULL, NULL, NULL, NULL, NULL, NULL, 1, 8.00, NULL, 1, 0, 0, 1, NULL, 118, '2022-10-11 07:39:27', NULL, NULL),
	(229, 33, 'NO 18', NULL, 'JALAN NUSARIA 10/5, TAMAN NUSANTARA.', NULL, NULL, NULL, NULL, NULL, NULL, 1, 8.00, NULL, 1, 0, 0, 1, NULL, 118, '2022-10-11 07:39:27', NULL, NULL),
	(230, 33, 'NO 19', NULL, 'JALAN NUSARIA 10/5, TAMAN NUSANTARA.', NULL, NULL, NULL, NULL, NULL, NULL, 1, 8.00, NULL, 1, 0, 0, 1, NULL, 118, '2022-10-11 07:39:27', NULL, NULL),
	(231, 33, 'NO 20', NULL, 'JALAN NUSARIA 10/5, TAMAN NUSANTARA.', NULL, NULL, NULL, NULL, NULL, NULL, 1, 8.00, NULL, 1, 0, 0, 1, NULL, 118, '2022-10-11 07:39:27', NULL, NULL),
	(232, 33, 'NO 21', NULL, 'JALAN NUSARIA 10/5, TAMAN NUSANTARA.', NULL, NULL, NULL, NULL, NULL, NULL, 1, 8.00, NULL, 1, 0, 0, 1, NULL, 118, '2022-10-11 07:39:27', NULL, NULL),
	(233, 33, 'NO 22', NULL, 'JALAN NUSARIA 10/5, TAMAN NUSANTARA.', NULL, NULL, NULL, NULL, NULL, NULL, 1, 8.00, NULL, 1, 0, 0, 1, NULL, 118, '2022-10-11 07:39:27', NULL, NULL),
	(234, 33, 'NO 23', NULL, 'JALAN NUSARIA 10/5, TAMAN NUSANTARA.', NULL, NULL, NULL, NULL, NULL, NULL, 1, 8.00, NULL, 1, 0, 0, 1, NULL, 118, '2022-10-11 07:39:27', NULL, NULL),
	(235, 33, 'NO 24', NULL, 'JALAN NUSARIA 10/5, TAMAN NUSANTARA.', NULL, NULL, NULL, NULL, NULL, NULL, 1, 8.00, NULL, 1, 0, 0, 1, NULL, 118, '2022-10-11 07:39:27', NULL, NULL),
	(236, 33, 'NO 25', NULL, 'JALAN NUSARIA 10/5, TAMAN NUSANTARA.', NULL, NULL, NULL, NULL, NULL, NULL, 1, 8.00, NULL, 1, 0, 0, 1, NULL, 118, '2022-10-11 07:39:27', NULL, NULL),
	(237, 33, 'NO 26', NULL, 'JALAN NUSARIA 10/5, TAMAN NUSANTARA.', NULL, NULL, NULL, NULL, NULL, NULL, 1, 8.00, NULL, 1, 0, 0, 1, NULL, 118, '2022-10-11 07:39:27', NULL, NULL),
	(238, 33, 'NO 27', NULL, 'JALAN NUSARIA 10/5, TAMAN NUSANTARA.', NULL, NULL, NULL, NULL, NULL, NULL, 1, 8.00, NULL, 1, 0, 0, 1, NULL, 118, '2022-10-11 07:39:27', NULL, NULL),
	(239, 33, 'NO 28', NULL, 'JALAN NUSARIA 10/5, TAMAN NUSANTARA.', NULL, NULL, NULL, NULL, NULL, NULL, 1, 8.00, NULL, 1, 0, 0, 1, NULL, 118, '2022-10-11 07:39:27', NULL, NULL),
	(240, 33, 'NO 29', NULL, 'JALAN NUSARIA 10/5, TAMAN NUSANTARA.', NULL, NULL, NULL, NULL, NULL, NULL, 1, 8.00, NULL, 1, 0, 0, 1, NULL, 118, '2022-10-11 07:39:27', NULL, NULL),
	(241, 33, 'NO 30', NULL, 'JALAN NUSARIA 10/5, TAMAN NUSANTARA.', NULL, NULL, NULL, NULL, NULL, NULL, 1, 8.00, NULL, 1, 0, 0, 1, NULL, 118, '2022-10-11 07:39:27', NULL, NULL),
	(242, 33, 'NO 31', NULL, 'JALAN NUSARIA 10/5, TAMAN NUSANTARA.', NULL, NULL, NULL, NULL, NULL, NULL, 1, 8.00, NULL, 1, 0, 0, 1, NULL, 118, '2022-10-11 07:39:27', NULL, NULL),
	(243, 33, 'NO 32', NULL, 'JALAN NUSARIA 10/5, TAMAN NUSANTARA.', NULL, NULL, NULL, NULL, NULL, NULL, 1, 8.00, NULL, 1, 0, 0, 1, NULL, 118, '2022-10-11 07:39:27', NULL, NULL),
	(244, 33, 'NO 33', NULL, 'JALAN NUSARIA 10/5, TAMAN NUSANTARA.', NULL, NULL, NULL, NULL, NULL, NULL, 1, 8.00, NULL, 1, 0, 0, 1, NULL, 118, '2022-10-11 07:39:27', NULL, NULL),
	(245, 33, 'NO 34', NULL, 'JALAN NUSARIA 10/5, TAMAN NUSANTARA.', NULL, NULL, NULL, NULL, NULL, NULL, 1, 8.00, NULL, 1, 0, 0, 1, NULL, 118, '2022-10-11 07:39:27', NULL, NULL),
	(246, 33, 'NO 35', NULL, 'JALAN NUSARIA 10/5, TAMAN NUSANTARA.', NULL, NULL, NULL, NULL, NULL, NULL, 1, 8.00, NULL, 1, 0, 0, 1, NULL, 118, '2022-10-11 07:39:27', NULL, NULL),
	(247, 33, 'NO 36', NULL, 'JALAN NUSARIA 10/5, TAMAN NUSANTARA.', NULL, NULL, NULL, NULL, NULL, NULL, 1, 8.00, NULL, 1, 0, 0, 1, NULL, 118, '2022-10-11 07:39:27', NULL, NULL),
	(248, 33, 'NO 37', NULL, 'JALAN NUSARIA 10/5, TAMAN NUSANTARA.', NULL, NULL, NULL, NULL, NULL, NULL, 1, 8.00, NULL, 1, 0, 0, 1, NULL, 118, '2022-10-11 07:39:27', NULL, NULL),
	(249, 33, 'NO 38', NULL, 'JALAN NUSARIA 10/5, TAMAN NUSANTARA.', NULL, NULL, NULL, NULL, NULL, NULL, 1, 8.00, NULL, 1, 0, 0, 1, NULL, 118, '2022-10-11 07:39:27', NULL, NULL),
	(250, 33, 'NO 39', NULL, 'JALAN NUSARIA 10/5, TAMAN NUSANTARA.', NULL, NULL, NULL, NULL, NULL, NULL, 1, 8.00, NULL, 1, 0, 0, 1, NULL, 118, '2022-10-11 07:39:27', NULL, NULL),
	(251, 33, 'NO 40', NULL, 'JALAN NUSARIA 10/5, TAMAN NUSANTARA.', NULL, NULL, NULL, NULL, NULL, NULL, 1, 8.00, NULL, 1, 0, 0, 1, NULL, 118, '2022-10-11 07:39:27', NULL, NULL),
	(252, 33, 'NO 41', NULL, 'JALAN NUSARIA 10/5, TAMAN NUSANTARA.', NULL, NULL, NULL, NULL, NULL, NULL, 1, 8.00, NULL, 1, 0, 0, 1, NULL, 118, '2022-10-11 07:39:27', NULL, NULL),
	(253, 33, 'NO 42', NULL, 'JALAN NUSARIA 10/5, TAMAN NUSANTARA.', NULL, NULL, NULL, NULL, NULL, NULL, 1, 8.00, NULL, 1, 0, 0, 1, NULL, 118, '2022-10-11 07:39:27', NULL, NULL),
	(254, 33, 'NO 44', NULL, 'JALAN NUSARIA 10/5, TAMAN NUSANTARA.', NULL, NULL, NULL, NULL, NULL, NULL, 1, 8.00, NULL, 1, 0, 0, 1, NULL, 118, '2022-10-11 07:39:27', NULL, NULL),
	(255, 33, 'NO 46', NULL, 'JALAN NUSARIA 10/5, TAMAN NUSANTARA.', NULL, NULL, NULL, NULL, NULL, NULL, 1, 8.00, NULL, 1, 0, 0, 1, NULL, 118, '2022-10-11 07:39:27', NULL, NULL),
	(256, 33, 'NO 1', NULL, 'JALAN NUSARIA 10/6, TAMAN NUSANTARA.', NULL, NULL, NULL, NULL, NULL, NULL, 1, 8.00, NULL, 1, 0, 0, 1, '', 10, '2022-11-29 22:49:23', NULL, NULL),
	(257, 33, 'NO 2', NULL, 'JALAN NUSARIA 10/6, TAMAN NUSANTARA.', NULL, NULL, NULL, NULL, NULL, NULL, 1, 8.00, NULL, 1, 0, 0, 1, NULL, 118, '2022-10-11 07:40:13', NULL, NULL),
	(258, 33, 'NO 3', NULL, 'JALAN NUSARIA 10/6, TAMAN NUSANTARA.', NULL, NULL, NULL, NULL, NULL, NULL, 1, 8.00, NULL, 1, 0, 0, 1, NULL, 118, '2022-10-11 07:40:13', NULL, NULL),
	(259, 6, 'NO 30', NULL, 'VILLA ROS', NULL, NULL, NULL, NULL, NULL, NULL, NULL, NULL, NULL, 1, 0, 0, 1, '', 10, '2022-11-29 22:48:35', NULL, NULL),
	(260, 6, 'NO 32', NULL, 'VILLA ROS', NULL, NULL, NULL, NULL, NULL, NULL, NULL, NULL, NULL, 1, 0, 0, 1, '', 10, '2022-11-29 22:48:35', NULL, NULL),
	(261, 6, 'NO 119', NULL, 'VILLA ROS', NULL, NULL, NULL, NULL, NULL, NULL, NULL, NULL, NULL, 1, 0, 0, 1, '', 10, '2022-11-29 22:48:35', NULL, NULL),
	(262, 6, 'NO 121', NULL, 'VILLA ROS, JALAN TAMPOI', NULL, NULL, NULL, NULL, NULL, NULL, NULL, NULL, NULL, 1, 2, 2, 1, '', 10, '2022-11-29 22:48:35', NULL, NULL),
	(263, 6, 'NO 123', NULL, 'VILLA ROS', NULL, NULL, NULL, NULL, NULL, NULL, NULL, NULL, NULL, 1, 0, 0, 1, '', 10, '2022-11-29 22:48:35', NULL, NULL),
	(264, 6, 'NO. 125', NULL, 'VILLA ROS', NULL, NULL, NULL, NULL, NULL, NULL, NULL, NULL, NULL, 1, 0, 0, 1, '', 10, '2022-11-29 22:48:35', NULL, NULL),
	(265, 1, 'NO 12 - 15', NULL, 'RUMAH PANGSA SERANTAU BARU,   JOHOR BAHRU, JOHOR', NULL, NULL, NULL, NULL, NULL, NULL, NULL, NULL, 50.00, 1, 0, 0, 1, '', 222, '2022-11-15 14:15:10', NULL, NULL),
	(266, 1, 'NO 12 - 16', NULL, 'RUMAH PANGSA SERANTAU BARU,   JOHOR BAHRU, JOHOR', NULL, NULL, NULL, NULL, NULL, NULL, NULL, NULL, 50.00, 1, 0, 0, 1, '', 222, '2022-11-15 14:15:10', NULL, NULL),
	(267, 1, 'NO 12 - 17', NULL, 'RUMAH PANGSA SERANTAU BARU,   JOHOR BAHRU, JOHOR', NULL, NULL, NULL, NULL, NULL, NULL, NULL, NULL, 50.00, 1, 0, 0, 1, '', 222, '2022-11-15 14:15:10', NULL, NULL),
	(268, 1, 'NO 12 - 18', NULL, 'RUMAH PANGSA SERANTAU BARU,   JOHOR BAHRU, JOHOR', NULL, NULL, NULL, NULL, NULL, NULL, NULL, NULL, 50.00, 1, 0, 0, 1, '', 222, '2022-11-15 14:15:10', NULL, NULL),
	(269, 1, 'NO 12 - 19', NULL, 'RUMAH PANGSA SERANTAU BARU,   JOHOR BAHRU, JOHOR', NULL, NULL, NULL, NULL, NULL, NULL, NULL, NULL, 50.00, 1, 0, 0, 1, '', 222, '2022-11-15 14:15:10', NULL, NULL),
	(270, 1, 'NO 12 - 20', NULL, 'RUMAH PANGSA SERANTAU BARU,   JOHOR BAHRU, JOHOR', NULL, NULL, NULL, NULL, NULL, NULL, NULL, NULL, 50.00, 1, 0, 0, 1, '', 222, '2022-11-15 14:15:10', NULL, NULL),
	(271, 1, 'NO 12 - 11', NULL, 'RUMAH PANGSA SERANTAU BARU,   JOHOR BAHRU, JOHOR', NULL, NULL, NULL, NULL, NULL, NULL, NULL, NULL, 50.00, 1, 0, 0, 1, '', 222, '2022-11-15 14:15:10', NULL, NULL),
	(272, 1, 'NO 12 - 12', NULL, 'RUMAH PANGSA SERANTAU BARU,   JOHOR BAHRU, JOHOR', NULL, NULL, NULL, NULL, NULL, NULL, NULL, NULL, 50.00, 1, 0, 0, 1, '', 222, '2022-11-15 14:15:10', NULL, NULL),
	(273, 1, 'NO 12 - 13', NULL, 'RUMAH PANGSA SERANTAU BARU,   JOHOR BAHRU, JOHOR', NULL, NULL, NULL, NULL, NULL, NULL, NULL, NULL, 50.00, 1, 0, 0, 1, '', 222, '2022-11-15 14:15:10', NULL, NULL),
	(274, 1, 'NO 12 - 14', NULL, 'RUMAH PANGSA SERANTAU BARU,   JOHOR BAHRU, JOHOR', NULL, NULL, NULL, NULL, NULL, NULL, NULL, NULL, 50.00, 1, 0, 0, 1, '', 222, '2022-11-15 14:15:10', NULL, NULL),
	(275, 1, 'NO 15-01', NULL, 'RUMAH PANGSA SERANTAU BARU,   JOHOR BAHRU, JOHOR', NULL, NULL, NULL, NULL, NULL, NULL, NULL, NULL, 50.00, 1, 0, 0, 1, NULL, 138, '2022-11-12 12:48:46', NULL, NULL),
	(276, 1, 'NO 15-02', NULL, 'RUMAH PANGSA SERANTAU BARU,   JOHOR BAHRU, JOHOR', NULL, NULL, NULL, NULL, NULL, NULL, NULL, NULL, 50.00, 1, 0, 0, 1, NULL, 118, '2022-10-11 08:07:01', NULL, NULL),
	(277, 1, 'NO 15-03', NULL, 'RUMAH PANGSA SERANTAU BARU,   JOHOR BAHRU, JOHOR', NULL, NULL, NULL, NULL, NULL, NULL, NULL, NULL, 50.00, 1, 0, 0, 1, NULL, 118, '2022-10-11 08:07:01', NULL, NULL),
	(278, 1, 'NO 15-04', NULL, 'RUMAH PANGSA SERANTAU BARU,   JOHOR BAHRU, JOHOR', NULL, NULL, NULL, NULL, NULL, NULL, NULL, NULL, 50.00, 1, 0, 0, 1, NULL, 118, '2022-10-11 08:07:01', NULL, NULL),
	(279, 1, 'NO 15-05', NULL, 'RUMAH PANGSA SERANTAU BARU,   JOHOR BAHRU, JOHOR', NULL, NULL, NULL, NULL, NULL, NULL, NULL, NULL, 50.00, 1, 0, 0, 1, NULL, 118, '2022-10-11 08:07:01', NULL, NULL),
	(280, 1, 'NO 15-06', NULL, 'RUMAH PANGSA SERANTAU BARU,   JOHOR BAHRU, JOHOR', NULL, NULL, NULL, NULL, NULL, NULL, NULL, NULL, 50.00, 1, 0, 0, 1, NULL, 118, '2022-10-11 08:07:01', NULL, NULL),
	(281, 1, 'NO 15-07', NULL, 'RUMAH PANGSA SERANTAU BARU,   JOHOR BAHRU, JOHOR', NULL, NULL, NULL, NULL, NULL, NULL, NULL, NULL, 50.00, 1, 0, 0, 1, NULL, 118, '2022-10-11 08:07:01', NULL, NULL),
	(282, 1, 'NO 15-01', NULL, 'RUMAH PANGSA SERANTAU BARU,   JOHOR BAHRU, JOHOR', NULL, NULL, NULL, NULL, NULL, NULL, NULL, NULL, 50.00, 1, 0, 0, 1, NULL, 138, '2022-11-12 12:47:51', NULL, NULL),
	(283, 1, 'NO 15-02', NULL, 'RUMAH PANGSA SERANTAU BARU,   JOHOR BAHRU, JOHOR', NULL, NULL, NULL, NULL, NULL, NULL, NULL, NULL, 50.00, 1, 0, 0, 1, NULL, 118, '2022-10-11 08:07:01', NULL, NULL),
	(284, 1, 'NO 15-03', NULL, 'RUMAH PANGSA SERANTAU BARU,   JOHOR BAHRU, JOHOR', NULL, NULL, NULL, NULL, NULL, NULL, NULL, NULL, 50.00, 1, 0, 0, 1, NULL, 118, '2022-10-11 08:07:01', NULL, NULL),
	(285, 1, 'NO 15-04', NULL, 'RUMAH PANGSA SERANTAU BARU,   JOHOR BAHRU, JOHOR', NULL, NULL, NULL, NULL, NULL, NULL, NULL, NULL, 50.00, 1, 0, 0, 1, NULL, 118, '2022-10-11 08:12:40', NULL, NULL),
	(286, 1, 'NO 15-05', NULL, 'RUMAH PANGSA SERANTAU BARU,   JOHOR BAHRU, JOHOR', NULL, NULL, NULL, NULL, NULL, NULL, NULL, NULL, 50.00, 1, 0, 0, 1, NULL, 118, '2022-10-11 08:12:40', NULL, NULL),
	(287, 1, 'NO 15-06', NULL, 'RUMAH PANGSA SERANTAU BARU,   JOHOR BAHRU, JOHOR', NULL, NULL, NULL, NULL, NULL, NULL, NULL, NULL, 50.00, 1, 0, 0, 1, NULL, 118, '2022-10-11 08:12:40', NULL, NULL),
	(288, 1, 'NO 15-07', NULL, 'RUMAH PANGSA SERANTAU BARU,   JOHOR BAHRU, JOHOR', NULL, NULL, NULL, NULL, NULL, NULL, NULL, NULL, 50.00, 1, 0, 0, 1, NULL, 118, '2022-10-11 08:12:40', NULL, NULL),
	(289, 1, 'NO 15-08', NULL, 'RUMAH PANGSA SERANTAU BARU,   JOHOR BAHRU, JOHOR', NULL, NULL, NULL, NULL, NULL, NULL, NULL, NULL, 50.00, 1, 0, 0, 1, NULL, 118, '2022-10-11 08:12:40', NULL, NULL),
	(290, 1, 'NO 15-09', NULL, 'RUMAH PANGSA SERANTAU BARU,   JOHOR BAHRU, JOHOR', NULL, NULL, NULL, NULL, NULL, NULL, NULL, NULL, 50.00, 1, 0, 0, 1, NULL, 118, '2022-10-11 08:12:40', NULL, NULL),
	(291, 1, 'NO 15-10', NULL, 'RUMAH PANGSA SERANTAU BARU,   JOHOR BAHRU, JOHOR', NULL, NULL, NULL, NULL, NULL, NULL, NULL, NULL, 50.00, 1, 0, 0, 1, NULL, 118, '2022-10-11 08:12:40', NULL, NULL),
	(292, 1, 'NO 15-11', NULL, 'RUMAH PANGSA SERANTAU BARU,   JOHOR BAHRU, JOHOR', NULL, NULL, NULL, NULL, NULL, NULL, NULL, NULL, 50.00, 1, 0, 0, 1, NULL, 118, '2022-10-11 08:12:40', NULL, NULL),
	(293, 1, 'NO 15-12', NULL, 'RUMAH PANGSA SERANTAU BARU,   JOHOR BAHRU, JOHOR', NULL, NULL, NULL, NULL, NULL, NULL, NULL, NULL, 50.00, 1, 0, 0, 1, NULL, 118, '2022-10-11 08:12:40', NULL, NULL),
	(294, 1, 'NO 15-13', NULL, 'RUMAH PANGSA SERANTAU BARU,   JOHOR BAHRU, JOHOR', NULL, NULL, NULL, NULL, NULL, NULL, NULL, NULL, 50.00, 1, 0, 0, 1, NULL, 118, '2022-10-11 08:12:40', NULL, NULL),
	(295, 1, 'NO 15-14', NULL, 'RUMAH PANGSA SERANTAU BARU,   JOHOR BAHRU, JOHOR', NULL, NULL, NULL, NULL, NULL, NULL, NULL, NULL, 50.00, 1, 0, 0, 1, NULL, 118, '2022-10-11 08:12:40', NULL, NULL),
	(296, 1, 'NO 15-15', NULL, 'RUMAH PANGSA SERANTAU BARU,   JOHOR BAHRU, JOHOR', NULL, NULL, NULL, NULL, NULL, NULL, NULL, NULL, 50.00, 1, 0, 0, 1, NULL, 118, '2022-10-11 08:12:40', NULL, NULL),
	(297, 1, 'NO 15-16', NULL, 'RUMAH PANGSA SERANTAU BARU,   JOHOR BAHRU, JOHOR', NULL, NULL, NULL, NULL, NULL, NULL, NULL, NULL, 50.00, 1, 0, 0, 1, NULL, 118, '2022-10-11 08:12:40', NULL, NULL),
	(298, 1, 'NO 15-17', NULL, 'RUMAH PANGSA SERANTAU BARU,   JOHOR BAHRU, JOHOR', NULL, NULL, NULL, NULL, NULL, NULL, NULL, NULL, 50.00, 1, 0, 0, 1, NULL, 118, '2022-10-11 08:12:40', NULL, NULL),
	(299, 1, 'NO 15-18', NULL, 'RUMAH PANGSA SERANTAU BARU,   JOHOR BAHRU, JOHOR', NULL, NULL, NULL, NULL, NULL, NULL, NULL, NULL, 50.00, 1, 0, 0, 1, NULL, 118, '2022-10-11 08:12:40', NULL, NULL),
	(300, 1, 'NO 15-19', NULL, 'RUMAH PANGSA SERANTAU BARU,   JOHOR BAHRU, JOHOR', NULL, NULL, NULL, NULL, NULL, NULL, NULL, NULL, 50.00, 1, 0, 0, 1, NULL, 118, '2022-10-11 08:12:40', NULL, NULL),
	(301, 1, 'NO 15-20', NULL, 'RUMAH PANGSA SERANTAU BARU,   JOHOR BAHRU, JOHOR', NULL, NULL, NULL, NULL, NULL, NULL, NULL, NULL, 50.00, 1, 0, 0, 1, NULL, 118, '2022-10-11 08:12:40', NULL, NULL),
	(302, 1, 'NO 16-01', NULL, 'RUMAH PANGSA SERANTAU BARU,   JOHOR BAHRU, JOHOR', NULL, NULL, NULL, NULL, NULL, NULL, NULL, NULL, 50.00, 1, 0, 0, 1, NULL, 118, '2022-10-11 08:12:40', NULL, NULL),
	(303, 1, 'NO 16-02', NULL, 'RUMAH PANGSA SERANTAU BARU,   JOHOR BAHRU, JOHOR', NULL, NULL, NULL, NULL, NULL, NULL, NULL, NULL, 50.00, 1, 0, 0, 1, NULL, 118, '2022-10-11 08:12:40', NULL, NULL),
	(304, 1, 'NO 16-03', NULL, 'RUMAH PANGSA SERANTAU BARU,   JOHOR BAHRU, JOHOR', NULL, NULL, NULL, NULL, NULL, NULL, NULL, NULL, 50.00, 1, 0, 0, 1, NULL, 118, '2022-10-11 08:12:40', NULL, NULL),
	(305, 1, 'NO 16-04', NULL, 'RUMAH PANGSA SERANTAU BARU,   JOHOR BAHRU, JOHOR', NULL, NULL, NULL, NULL, NULL, NULL, NULL, NULL, 50.00, 1, 0, 0, 1, NULL, 118, '2022-10-11 08:15:10', NULL, NULL),
	(306, 1, 'NO 16-05', NULL, 'RUMAH PANGSA SERANTAU BARU,   JOHOR BAHRU, JOHOR', NULL, NULL, NULL, NULL, NULL, NULL, NULL, NULL, 50.00, 1, 0, 0, 1, NULL, 118, '2022-10-11 08:15:10', NULL, NULL),
	(307, 1, 'NO 16-06', NULL, 'RUMAH PANGSA SERANTAU BARU,   JOHOR BAHRU, JOHOR', NULL, NULL, NULL, NULL, NULL, NULL, NULL, NULL, 50.00, 1, 0, 0, 1, NULL, 118, '2022-10-11 08:15:10', NULL, NULL),
	(308, 1, 'NO 16-07', NULL, 'RUMAH PANGSA SERANTAU BARU,   JOHOR BAHRU, JOHOR', NULL, NULL, NULL, NULL, NULL, NULL, NULL, NULL, 50.00, 1, 0, 0, 1, NULL, 118, '2022-10-11 08:15:10', NULL, NULL),
	(309, 1, 'NO 16-08', NULL, 'RUMAH PANGSA SERANTAU BARU,   JOHOR BAHRU, JOHOR', NULL, NULL, NULL, NULL, NULL, NULL, NULL, NULL, 50.00, 1, 0, 0, 1, NULL, 118, '2022-10-11 08:15:10', NULL, NULL),
	(310, 1, 'NO 16-09', NULL, 'RUMAH PANGSA SERANTAU BARU,   JOHOR BAHRU, JOHOR', NULL, NULL, NULL, NULL, NULL, NULL, NULL, NULL, 50.00, 1, 0, 0, 1, NULL, 118, '2022-10-11 08:15:10', NULL, NULL),
	(311, 1, 'NO 16-10', NULL, 'RUMAH PANGSA SERANTAU BARU,   JOHOR BAHRU, JOHOR', NULL, NULL, NULL, NULL, NULL, NULL, NULL, NULL, 50.00, 1, 0, 0, 1, NULL, 118, '2022-10-11 08:15:10', NULL, NULL),
	(312, 1, 'NO 16-11', NULL, 'RUMAH PANGSA SERANTAU BARU,   JOHOR BAHRU, JOHOR', NULL, NULL, NULL, NULL, NULL, NULL, NULL, NULL, 50.00, 1, 0, 0, 1, NULL, 118, '2022-10-11 08:15:10', NULL, NULL),
	(313, 1, 'NO 16-12', NULL, 'RUMAH PANGSA SERANTAU BARU,   JOHOR BAHRU, JOHOR', NULL, NULL, NULL, NULL, NULL, NULL, NULL, NULL, 50.00, 1, 0, 0, 1, NULL, 118, '2022-10-11 08:15:10', NULL, NULL),
	(314, 1, 'NO 16-13', NULL, 'RUMAH PANGSA SERANTAU BARU,   JOHOR BAHRU, JOHOR', NULL, NULL, NULL, NULL, NULL, NULL, NULL, NULL, 50.00, 1, 0, 0, 1, NULL, 118, '2022-10-11 08:15:10', NULL, NULL),
	(315, 1, 'NO 16-14', NULL, 'RUMAH PANGSA SERANTAU BARU,   JOHOR BAHRU, JOHOR', NULL, NULL, NULL, NULL, NULL, NULL, NULL, NULL, 50.00, 1, 0, 0, 1, NULL, 118, '2022-10-11 08:15:10', NULL, NULL),
	(316, 1, 'NO 16-15', NULL, 'RUMAH PANGSA SERANTAU BARU,   JOHOR BAHRU, JOHOR', NULL, NULL, NULL, NULL, NULL, NULL, NULL, NULL, 50.00, 1, 0, 0, 1, NULL, 118, '2022-10-11 08:15:10', NULL, NULL),
	(317, 1, 'NO 16-16', NULL, 'RUMAH PANGSA SERANTAU BARU,   JOHOR BAHRU, JOHOR', NULL, NULL, NULL, NULL, NULL, NULL, NULL, NULL, 50.00, 1, 0, 0, 1, NULL, 118, '2022-10-11 08:15:10', NULL, NULL),
	(318, 1, 'NO 16-17', NULL, 'RUMAH PANGSA SERANTAU BARU,   JOHOR BAHRU, JOHOR', NULL, NULL, NULL, NULL, NULL, NULL, NULL, NULL, 50.00, 1, 0, 0, 1, NULL, 118, '2022-10-11 08:15:10', NULL, NULL),
	(319, 1, 'NO 16-18', NULL, 'RUMAH PANGSA SERANTAU BARU,   JOHOR BAHRU, JOHOR', NULL, NULL, NULL, NULL, NULL, NULL, NULL, NULL, 50.00, 1, 0, 0, 1, NULL, 118, '2022-10-11 08:15:10', NULL, NULL),
	(320, 1, 'NO 16-19', NULL, 'RUMAH PANGSA SERANTAU BARU,   JOHOR BAHRU, JOHOR', NULL, NULL, NULL, NULL, NULL, NULL, NULL, NULL, 50.00, 1, 0, 0, 1, NULL, 118, '2022-10-11 08:15:10', NULL, NULL),
	(321, 1, 'NO 16-20', NULL, 'RUMAH PANGSA SERANTAU BARU,   JOHOR BAHRU, JOHOR', NULL, NULL, NULL, NULL, NULL, NULL, NULL, NULL, 50.00, 1, 0, 0, 1, NULL, 118, '2022-10-11 08:15:10', NULL, NULL),
	(322, 1, 'NO 17-01', NULL, 'RUMAH PANGSA SERANTAU BARU,   JOHOR BAHRU, JOHOR', NULL, NULL, NULL, NULL, NULL, NULL, NULL, NULL, 50.00, 1, 0, 0, 1, NULL, 118, '2022-10-11 08:15:10', NULL, NULL),
	(323, 1, 'NO 17-02', NULL, 'RUMAH PANGSA SERANTAU BARU,   JOHOR BAHRU, JOHOR', NULL, NULL, NULL, NULL, NULL, NULL, NULL, NULL, 50.00, 1, 0, 0, 1, NULL, 118, '2022-10-11 08:15:10', NULL, NULL),
	(324, 1, 'NO 17-03', NULL, 'RUMAH PANGSA SERANTAU BARU,   JOHOR BAHRU, JOHOR', NULL, NULL, NULL, NULL, NULL, NULL, NULL, NULL, 50.00, 1, 0, 0, 1, NULL, 118, '2022-10-11 08:15:10', NULL, NULL),
	(325, 1, 'NO 17-04', NULL, 'RUMAH PANGSA SERANTAU BARU,   JOHOR BAHRU, JOHOR', NULL, NULL, NULL, NULL, NULL, NULL, NULL, NULL, 50.00, 1, 0, 0, 1, NULL, 118, '2022-10-11 08:15:10', NULL, NULL),
	(326, 1, 'NO 17-05', NULL, 'RUMAH PANGSA SERANTAU BARU,   JOHOR BAHRU, JOHOR', NULL, NULL, NULL, NULL, NULL, NULL, NULL, NULL, 50.00, 1, 0, 0, 1, NULL, 118, '2022-10-11 08:15:10', NULL, NULL),
	(327, 1, 'NO 17-06', NULL, 'RUMAH PANGSA SERANTAU BARU,   JOHOR BAHRU, JOHOR', NULL, NULL, NULL, NULL, NULL, NULL, NULL, NULL, 50.00, 1, 0, 0, 1, NULL, 118, '2022-10-11 08:15:10', NULL, NULL),
	(328, 1, 'NO 17-07', NULL, 'RUMAH PANGSA SERANTAU BARU,   JOHOR BAHRU, JOHOR', NULL, NULL, NULL, NULL, NULL, NULL, NULL, NULL, 50.00, 1, 0, 0, 1, NULL, 118, '2022-10-11 08:15:10', NULL, NULL),
	(329, 1, 'NO 17-08', NULL, 'RUMAH PANGSA SERANTAU BARU,   JOHOR BAHRU, JOHOR', NULL, NULL, NULL, NULL, NULL, NULL, NULL, NULL, 50.00, 1, 0, 0, 1, NULL, 118, '2022-10-11 08:15:10', NULL, NULL),
	(330, 1, 'NO 17-09', NULL, 'RUMAH PANGSA SERANTAU BARU,   JOHOR BAHRU, JOHOR', NULL, NULL, NULL, NULL, NULL, NULL, NULL, NULL, 50.00, 1, 0, 0, 0, NULL, 118, '2022-10-11 08:13:30', 118, '2022-10-11 08:15:40'),
	(331, 34, '#01-23A', NULL, 'JALAN MAWAR 4, TAMAN TAMPOI INDAH II,    JOHOR BAHRU, JOHOR', NULL, NULL, NULL, NULL, NULL, NULL, NULL, NULL, 50.00, 1, 0, 0, 1, NULL, 118, '2022-10-11 08:30:49', NULL, NULL),
	(332, 34, '#01-23B', NULL, 'JALAN MAWAR 4, TAMAN TAMPOI INDAH II,    JOHOR BAHRU, JOHOR', NULL, NULL, NULL, NULL, NULL, NULL, NULL, NULL, 50.00, 1, 0, 0, 1, NULL, 118, '2022-10-11 08:30:49', NULL, NULL),
	(333, 34, '#01-21A', NULL, 'JALAN MAWAR 4, TAMAN TAMPOI INDAH II,    JOHOR BAHRU, JOHOR', NULL, NULL, NULL, NULL, NULL, NULL, NULL, NULL, 50.00, 1, 0, 0, 1, NULL, 118, '2022-10-11 08:30:49', NULL, NULL),
	(334, 34, '#01-21B', NULL, 'JALAN MAWAR 4, TAMAN TAMPOI INDAH II,    JOHOR BAHRU, JOHOR', NULL, NULL, NULL, NULL, NULL, NULL, NULL, NULL, 50.00, 1, 0, 0, 1, NULL, 118, '2022-10-11 08:30:49', NULL, NULL),
	(335, 34, '#01-19A', NULL, 'JALAN MAWAR 4, TAMAN TAMPOI INDAH II,    JOHOR BAHRU, JOHOR', NULL, NULL, NULL, NULL, NULL, NULL, NULL, NULL, 50.00, 1, 0, 0, 1, NULL, 118, '2022-10-11 08:30:49', NULL, NULL),
	(336, 34, '#01-19B', NULL, 'JALAN MAWAR 4, TAMAN TAMPOI INDAH II,    JOHOR BAHRU, JOHOR', NULL, NULL, NULL, NULL, NULL, NULL, NULL, NULL, 50.00, 1, 0, 0, 1, NULL, 118, '2022-10-11 08:30:49', NULL, NULL),
	(337, 34, '#01-17A', NULL, 'JALAN MAWAR 4, TAMAN TAMPOI INDAH II,    JOHOR BAHRU, JOHOR', NULL, NULL, NULL, NULL, NULL, NULL, NULL, NULL, 50.00, 1, 0, 0, 1, NULL, 118, '2022-10-11 08:30:49', NULL, NULL),
	(338, 34, '#01-17B', NULL, 'JALAN MAWAR 4, TAMAN TAMPOI INDAH II,    JOHOR BAHRU, JOHOR', NULL, NULL, NULL, NULL, NULL, NULL, NULL, NULL, 50.00, 1, 0, 0, 1, NULL, 118, '2022-10-11 08:30:49', NULL, NULL),
	(339, 34, '#01-15A', NULL, 'JALAN MAWAR 4, TAMAN TAMPOI INDAH II,    JOHOR BAHRU, JOHOR', NULL, NULL, NULL, NULL, NULL, NULL, NULL, NULL, 50.00, 1, 0, 0, 1, NULL, 118, '2022-10-11 08:30:49', NULL, NULL),
	(340, 34, '#01-15B', NULL, 'JALAN MAWAR 4, TAMAN TAMPOI INDAH II,    JOHOR BAHRU, JOHOR', NULL, NULL, NULL, NULL, NULL, NULL, NULL, NULL, 50.00, 1, 0, 0, 1, NULL, 118, '2022-10-11 08:30:49', NULL, NULL),
	(341, 34, '#01-11A', NULL, 'JALAN MAWAR 4, TAMAN TAMPOI INDAH II,    JOHOR BAHRU, JOHOR', NULL, NULL, NULL, NULL, NULL, NULL, NULL, NULL, 50.00, 1, 0, 0, 1, NULL, 118, '2022-10-11 08:30:49', NULL, NULL),
	(342, 34, '#01-11B', NULL, 'JALAN MAWAR 4, TAMAN TAMPOI INDAH II,    JOHOR BAHRU, JOHOR', NULL, NULL, NULL, NULL, NULL, NULL, NULL, NULL, 50.00, 1, 0, 0, 1, NULL, 118, '2022-10-11 08:30:49', NULL, NULL),
	(343, 34, '#01-09A', NULL, 'JALAN MAWAR 4, TAMAN TAMPOI INDAH II,    JOHOR BAHRU, JOHOR', NULL, NULL, NULL, NULL, NULL, NULL, NULL, NULL, 50.00, 1, 0, 0, 1, NULL, 118, '2022-10-11 08:30:49', NULL, NULL),
	(344, 34, '#01-09B', NULL, 'JALAN MAWAR 4, TAMAN TAMPOI INDAH II,    JOHOR BAHRU, JOHOR', NULL, NULL, NULL, NULL, NULL, NULL, NULL, NULL, 50.00, 1, 0, 0, 1, NULL, 118, '2022-10-11 08:30:49', NULL, NULL),
	(345, 34, '#01-07A', NULL, 'JALAN MAWAR 4, TAMAN TAMPOI INDAH II,    JOHOR BAHRU, JOHOR', NULL, NULL, NULL, NULL, NULL, NULL, NULL, NULL, 50.00, 1, 0, 0, 1, NULL, 118, '2022-10-11 08:30:49', NULL, NULL),
	(346, 34, '#01-05A', NULL, 'JALAN MAWAR 4, TAMAN TAMPOI INDAH II,    JOHOR BAHRU, JOHOR', NULL, NULL, NULL, NULL, NULL, NULL, NULL, NULL, 50.00, 1, 0, 0, 1, NULL, 118, '2022-10-11 08:30:49', NULL, NULL),
	(347, 34, '#01-05B', NULL, 'JALAN MAWAR 4, TAMAN TAMPOI INDAH II,    JOHOR BAHRU, JOHOR', NULL, NULL, NULL, NULL, NULL, NULL, NULL, NULL, 50.00, 1, 0, 0, 1, NULL, 118, '2022-10-11 08:30:49', NULL, NULL),
	(348, 34, '#01-03A', NULL, 'JALAN MAWAR 4, TAMAN TAMPOI INDAH II,    JOHOR BAHRU, JOHOR', NULL, NULL, NULL, NULL, NULL, NULL, NULL, NULL, 50.00, 1, 0, 0, 1, NULL, 118, '2022-10-11 08:30:49', NULL, NULL),
	(349, 34, '#01-03B', NULL, 'JALAN MAWAR 4, TAMAN TAMPOI INDAH II,    JOHOR BAHRU, JOHOR', NULL, NULL, NULL, NULL, NULL, NULL, NULL, NULL, 50.00, 1, 0, 0, 1, NULL, 118, '2022-10-11 08:30:49', NULL, NULL),
	(350, 34, '#01-01A', NULL, 'JALAN MAWAR 4, TAMAN TAMPOI INDAH II,    JOHOR BAHRU, JOHOR', NULL, NULL, NULL, NULL, NULL, NULL, NULL, NULL, 50.00, 1, 0, 0, 1, NULL, 118, '2022-10-11 08:30:49', NULL, NULL),
	(352, 20, 'JKR 296', NULL, 'JALAN PETRI', '80100', 'JOHOR BAHRU', NULL, NULL, NULL, NULL, NULL, NULL, NULL, 1, 0, 0, 1, '', 10, '2022-11-29 22:47:12', NULL, NULL),
	(353, 20, 'JKR 296A', NULL, 'JALAN PETRI', '80100', 'JOHOR BAHRU', NULL, NULL, NULL, NULL, NULL, NULL, NULL, 1, 0, 0, 1, '', 10, '2022-11-29 22:47:13', NULL, NULL),
	(354, 20, 'JKR 678', NULL, 'JALAN PETRI', '80100', 'JOHOR BAHRU', NULL, NULL, NULL, NULL, NULL, NULL, NULL, 1, 0, 0, 1, '', 10, '2022-11-29 22:47:13', NULL, NULL),
	(355, 20, 'JKR 679', NULL, 'JALAN PETRI', '80100', 'JOHOR BAHRU', NULL, NULL, NULL, NULL, NULL, NULL, NULL, 1, 0, 0, 1, '', 10, '2022-11-29 22:47:13', NULL, NULL),
	(356, 20, 'JKR 676', NULL, 'JALAN PETRI', '80100', 'JOHOR BAHRU', NULL, NULL, NULL, NULL, NULL, NULL, NULL, NULL, 0, 0, 1, '', 10, '2022-11-29 22:47:13', NULL, NULL),
	(357, 21, 'JKR 485', NULL, 'JALAN HASSAN AL-ATTAS', '80100', 'JOHOR BAHRU', NULL, NULL, NULL, NULL, NULL, NULL, NULL, 1, 0, 0, 1, NULL, 110, '2022-10-11 08:57:57', NULL, NULL),
	(358, 21, 'JKR 488', NULL, 'JALAN HASSAN AL-ATTAS', '80100', 'JOHOR BAHRU', NULL, NULL, NULL, NULL, NULL, NULL, NULL, 1, 0, 0, 1, NULL, 110, '2022-10-11 08:58:20', NULL, NULL),
	(359, 14, '12', NULL, 'NO.2, JALAN ABDUL RAHMAN ANDAK', 'BANDAR JOHOR BAHRU', '80100 JOHOR BAHRU, JOHOR', NULL, NULL, NULL, NULL, 1, 100.00, 150.00, 1, 0, 0, 1, '', 140, '2022-11-30 11:37:39', NULL, NULL),
	(360, 14, '3', '23', 'NO.3, JALAN ABDUL RAHMAN ANDAK', 'BANDAR JOHOR BAHRU', '80100 JOHOR BAHRU, JOHOR', NULL, NULL, NULL, NULL, 1, 100.00, 150.00, 1, 2, 1, 1, '', 222, '2022-11-14 12:40:49', NULL, NULL),
	(361, 6, 'NO. 259', NULL, 'NO. 2, JALAN WARISAN SETIA 5/10', 'BANDAR JOHOR BAHRU', '80100 JOHOR BAHRU, JOHOR', NULL, NULL, NULL, NULL, 1, 500.00, 150.00, 1, 0, 0, 1, '', 10, '2022-11-29 22:48:35', NULL, NULL),
	(362, 6, '260', NULL, 'NO. 2, JALAN WARISAN SETIA 5/10', 'BANDAR JOHOR BAHRU', '80100 JOHOR BAHRU, JOHOR', NULL, NULL, NULL, NULL, 1, 500.00, 150.00, 1, 0, 0, 1, '', 10, '2022-11-29 22:48:35', NULL, NULL),
	(363, 35, '01-01', NULL, 'JALAN PAHLAWAN, TAMAN YAHYA AWAL', '80100, JOHOR BAHRU', 'JOHOR', NULL, NULL, NULL, NULL, 1, 8.00, 250.00, 1, 1, 0, 2, 'NO.1', 10, '2022-11-09 12:34:49', NULL, NULL),
	(364, 35, '02-01', NULL, 'JALAN PAHLAWAN, TAMAN YAHYA AWAL', '80100, JOHOR BAHRU', 'JOHOR', NULL, NULL, NULL, NULL, 1, 8.00, 250.00, 1, 0, 0, 2, 'NO.2', 10, '2022-11-09 12:34:49', NULL, NULL),
	(365, 35, '03-01', '123', 'JALAN PAHLAWAN, TAMAN YAHYA AWAL', '80100, JOHOR BAHRU', 'JOHOR', NULL, NULL, NULL, NULL, 1, 8.00, 250.00, 1, 2, 1, 1, '', 10, '2022-11-09 12:34:49', NULL, NULL),
	(367, 27, '2', NULL, 'JALAN YAHYA AWAL 5', '80100, JOHOR BAHRU', 'JOHOR BAHRU, JOHOR', NULL, NULL, NULL, NULL, NULL, NULL, NULL, 1, 0, 0, 1, NULL, 10, '2022-11-11 16:55:43', NULL, NULL),
	(368, 27, '4', NULL, 'JALAN YAHYA AWAL 5', '80100, JOHOR BAHRU', 'JOHOR BAHRU, JOHOR', NULL, NULL, NULL, NULL, NULL, NULL, NULL, 1, 0, 0, 1, NULL, 68, '2022-10-20 02:52:32', NULL, NULL),
	(369, 27, '6', NULL, 'JALAN YAHYA AWAL 5', '80100, JOHOR BAHRU', 'JOHOR BAHRU, JOHOR', NULL, NULL, NULL, NULL, NULL, NULL, NULL, 1, 0, 0, 1, NULL, 68, '2022-10-20 02:52:32', NULL, NULL),
	(370, 36, '01-01', NULL, 'JALAN PAHWALAN 4,', 'TAMAN UNGKU TUN AMINAH', '81300, SKUDAI, JOHOR', NULL, NULL, NULL, NULL, NULL, NULL, 150.00, 1, 5, 2, 1, NULL, 136, '2022-11-16 11:55:27', NULL, NULL),
	(371, 38, '01-01', NULL, 'JALAN PANGLIMA 4', 'TAMAN UNGKU TUN AMINAH', '81300, SKUDAI, JOHOR', NULL, NULL, NULL, NULL, NULL, NULL, 150.00, 3, 0, 0, 1, NULL, 68, '2022-10-20 02:56:48', NULL, NULL),
	(372, 31, '01-01', NULL, 'JALAN PERSIARAN TANJUNG 4', 'TAMAN BUKIT ALIF', '81200, JOHOR BAHRU, JOHOR', NULL, NULL, NULL, NULL, NULL, NULL, 200.00, 2, 0, 0, 1, NULL, 68, '2022-10-20 02:59:13', NULL, NULL),
	(373, 27, '2', '98', 'ALAMAT 1', NULL, NULL, NULL, NULL, 12.00, 123.00, NULL, NULL, NULL, 2, 3, 3, 0, NULL, 107, '2022-10-27 04:24:52', 107, '2022-10-27 04:25:18'),
	(374, 27, '22', '98', 'ALAMAT 1', NULL, NULL, NULL, NULL, 12.00, 123.00, NULL, NULL, NULL, 2, 3, 3, 0, NULL, 107, '2022-10-27 04:24:52', 107, '2022-10-27 04:25:27'),
	(379, 27, '1', '45667', 'NO 123 JALAN SIONG', NULL, NULL, NULL, NULL, 123.70, 123.00, 1, 20.50, 10.50, 1, 3, 2, 0, NULL, 110, '2022-10-27 04:35:08', 110, '2022-10-27 04:43:34'),
	(380, 27, '2', '45667', 'NO 123 JALAN SIONGW1', NULL, NULL, NULL, NULL, 123.70, 123.00, 1, 20.50, 10.50, 1, 3, 2, 0, NULL, 110, '2022-10-27 04:35:08', 110, '2022-10-27 04:43:28'),
	(381, 27, '3', '45667', 'NO 123 JALAN SIONGW1', NULL, NULL, NULL, NULL, 123.70, 123.00, 1, 20.50, 10.50, 1, 3, 2, 0, NULL, 110, '2022-10-27 04:35:08', 110, '2022-10-27 04:43:19'),
	(382, 27, '21', '1221', 'JALAN YAHYA AWAL 5/6', NULL, NULL, NULL, NULL, 123.70, 123.00, NULL, NULL, NULL, 1, 3, 2, 1, NULL, 110, '2022-10-27 04:44:36', NULL, NULL),
	(383, 27, '23', '1221', 'JALAN YAHYA AWAL 5/6', NULL, NULL, NULL, NULL, 123.70, 123.00, NULL, NULL, NULL, 1, 3, 2, 1, NULL, 110, '2022-10-27 04:44:36', NULL, NULL),
	(384, 12, '1', '1221', 'NO 123 JALAN SIONGW1', NULL, NULL, NULL, NULL, 123.70, 123.00, 1, 20.50, 10.50, 2, 2, 1, 1, NULL, 110, '2022-10-27 06:52:48', NULL, NULL),
	(387, 41, '1', NULL, 'JALAN TEST 2, TAMAN CUBA TRY TEST, JOHOR BAHRU', NULL, NULL, NULL, NULL, NULL, NULL, NULL, NULL, NULL, 1, 2, 3, 2, '', 105, '2022-11-09 11:28:45', NULL, NULL),
	(388, 41, '2', NULL, 'JALAN TEST 2, TAMAN CUBA TRY TEST, JOHOR BAHRU', NULL, NULL, NULL, NULL, NULL, NULL, NULL, NULL, NULL, 1, 2, 3, 2, '', 105, '2022-11-09 11:28:45', NULL, NULL),
	(389, 41, '3', NULL, 'JALAN TEST 2, TAMAN CUBA TRY TEST, JOHOR BAHRU', NULL, NULL, NULL, NULL, NULL, NULL, NULL, NULL, NULL, 1, 2, 3, 2, '', 105, '2022-11-09 11:28:45', NULL, NULL),
	(390, 24, '9', '56', 'JALAN BAHAGIA 1', 'TAMAN CENDERAWASIH', 'JOHOR DARUL TAKZIM', NULL, NULL, 200.00, 200.00, NULL, NULL, NULL, 1, 2, 1, 0, NULL, 10, '2022-10-31 02:36:24', 10, '2022-10-31 02:37:53'),
	(391, 24, '1', '32', 'JALAN BAHAGIA 1', 'TAMAN CENDERAWASIH', 'JOHOR DARUL TAKZIM', NULL, NULL, 200.00, 100.00, NULL, NULL, 100.00, 1, 1, 2, 0, NULL, 10, '2022-10-31 03:44:49', 10, '2022-10-31 04:17:43'),
	(392, 24, '1', '32', 'JALAN BAHAGIA 1', 'TAMAN CENDERAWASIH', 'JOHOR DARUL TAKZIM', NULL, NULL, 200.00, 200.00, NULL, NULL, 100.00, 1, 2, 1, 0, NULL, 10, '2022-10-31 04:22:25', 10, '2022-10-31 04:45:48'),
	(393, 24, '1', '56', 'JALAN BAHAGIA 1', 'TAMAN CENDERAWASIH', 'JOHOR DARUL TAKZIM', NULL, NULL, 200.00, 100.00, NULL, NULL, 100.00, 1, 2, 1, 0, NULL, 10, '2022-10-31 04:28:39', 10, '2022-10-31 04:34:20'),
	(394, 24, '1', '56', 'JALAN BAHAGIA 1', 'TAMAN CENDERAWASIH', 'JOHOR DARUL TAKZIM', NULL, NULL, 200.00, 100.00, 1, 456.00, 100.00, 1, 2, 2, 0, NULL, 10, '2022-10-31 04:46:44', 10, '2022-10-31 04:50:41'),
	(395, 24, '1', '56', 'JALAN PERKASA AMAN', NULL, NULL, NULL, NULL, NULL, NULL, NULL, NULL, 100.00, 2, 2, 2, 0, NULL, 10, '2022-10-31 04:56:16', 10, '2022-10-31 06:07:43'),
	(396, 24, '1', '56', 'JALAN BAHAGIA 1', NULL, NULL, NULL, NULL, 200.00, 3000.00, 1, 200.00, 210.00, 1, 2, 2, 0, '', 222, '2022-11-14 12:09:05', 222, '2022-11-14 12:09:21'),
	(397, 24, '1', '56', 'JALAN BAHAGIA 1', NULL, NULL, NULL, NULL, 200.00, 3000.00, NULL, NULL, 100.00, 1, 2, 2, 0, NULL, 10, '2022-11-01 01:00:30', 10, '2022-11-01 01:09:47'),
	(398, 24, '3', '56', 'JALAN BAHAGIA 1', NULL, NULL, NULL, NULL, 200.00, 3000.00, NULL, NULL, 100.00, 1, 2, 2, 0, NULL, 10, '2022-11-01 01:00:30', 10, '2022-11-01 01:09:41'),
	(399, 24, '5', '32', 'JALAN BAHAGIA 1', NULL, NULL, NULL, NULL, 200.00, 3000.00, NULL, NULL, NULL, 1, 2, 2, 0, NULL, 10, '2022-11-01 01:06:14', 10, '2022-11-01 01:09:32'),
	(401, 24, '1', '56', 'JALAN BAHAGIA 1', NULL, NULL, NULL, NULL, NULL, NULL, NULL, NULL, NULL, NULL, 1, 1, 0, NULL, 10, '2022-11-01 04:02:35', 10, '2022-11-01 04:02:55'),
	(402, 41, '1', NULL, 'JALAN NUSARIA 4,', NULL, NULL, NULL, NULL, NULL, NULL, NULL, NULL, NULL, 1, NULL, NULL, 2, '', 105, '2022-11-09 11:28:45', NULL, NULL),
	(403, 41, NULL, NULL, 'JALAN NUSARIA 4,', NULL, NULL, NULL, NULL, NULL, NULL, NULL, NULL, NULL, 1, NULL, NULL, 2, 'BANJIR', 105, '2022-11-09 11:28:45', NULL, NULL),
	(404, 41, NULL, '23', 'JALAN AWANG', NULL, NULL, NULL, NULL, 21.00, 34.00, NULL, NULL, 45454.00, 1, 2, 1, 2, 'BANJIR', 105, '2022-11-09 11:28:45', NULL, NULL),
	(405, 6, '12', '23', 'JALAN HANG TUAH 5', NULL, NULL, NULL, NULL, NULL, NULL, NULL, NULL, NULL, 1, 2, 1, 1, '', 10, '2022-11-29 22:48:35', NULL, NULL),
	(406, 14, '1', '23', 'JALAN HANG TUAH', NULL, NULL, NULL, NULL, NULL, NULL, NULL, NULL, NULL, 1, 4, 3, 0, NULL, 10, '2022-11-04 03:13:47', 10, '2022-11-04 03:14:34'),
	(407, 14, 'NO. 101', '707', 'NO. 2, JALAN WARISAN SETIA 5/10', 'JALAN ABDUL RAHMAN ANDAK', '81900 JOHOR BAHRU', NULL, NULL, NULL, NULL, NULL, NULL, NULL, 1, 4, 3, 0, NULL, 10, '2022-11-04 04:40:48', 10, '2022-11-08 14:57:32'),
	(408, 14, 'NO. 102', '707', 'NO. 2, JALAN WARISAN SETIA 5/10', 'JALAN ABDUL RAHMAN ANDAK', '81900 JOHOR BAHRU', NULL, NULL, NULL, NULL, NULL, NULL, NULL, 1, 4, 3, 0, NULL, 10, '2022-11-04 04:41:46', 10, '2022-11-08 14:57:44'),
	(409, 14, 'NO. 103', '707', 'NO. 2, JALAN WARISAN SETIA 5/10', 'JALAN ABDUL RAHMAN ANDAK', '81900 JOHOR BAHRU', NULL, NULL, NULL, NULL, NULL, NULL, NULL, 1, 4, 3, 0, NULL, 10, '2022-11-04 04:40:22', 10, '2022-11-08 14:57:52'),
	(410, 14, 'NO. 104', '707', 'NO. 2, JALAN WARISAN SETIA 5/10', 'JALAN ABDUL RAHMAN ANDAK', '81900 JOHOR BAHRU', NULL, NULL, NULL, NULL, NULL, NULL, NULL, 1, 4, 3, 0, NULL, 10, '2022-11-04 03:20:09', 10, '2022-11-04 03:20:49'),
	(411, 14, 'NO. 105', '707', 'NO. 2, JALAN WARISAN SETIA 5/10', 'JALAN ABDUL RAHMAN ANDAK', '81900 JOHOR BAHRU', NULL, NULL, NULL, NULL, NULL, NULL, NULL, 1, 4, 3, 0, NULL, 10, '2022-11-04 03:20:23', 10, '2022-11-04 03:20:37'),
	(412, 14, 'NO. 12', '123', '123', NULL, NULL, NULL, NULL, NULL, NULL, NULL, NULL, NULL, NULL, NULL, NULL, 0, NULL, 10, '2022-11-04 03:25:11', 10, '2022-11-04 03:37:23'),
	(413, 14, 'NO. 13', '123', '123', NULL, NULL, NULL, NULL, NULL, NULL, NULL, NULL, NULL, NULL, NULL, NULL, 0, NULL, 10, '2022-11-04 03:25:11', 10, '2022-11-04 03:37:31'),
	(415, 14, 'NO. 97', '5', 'NO. 5, JALAN SS1/29', 'KAMPUNG TUNKU, JOHOR BAHRU', NULL, NULL, NULL, NULL, NULL, NULL, NULL, NULL, NULL, 4, 3, 0, NULL, 10, '2022-11-04 03:35:44', 10, '2022-11-04 04:13:36'),
	(416, 14, 'NO. 98', '5', 'NO. 5, JALAN SS1/29', 'KAMPUNG TUNKU, JOHOR BAHRU', NULL, NULL, NULL, NULL, NULL, NULL, NULL, NULL, NULL, 4, 3, 0, NULL, 10, '2022-11-04 03:35:44', 10, '2022-11-04 04:13:29'),
	(419, 14, '1', '23', 'JALAN AWANG', NULL, NULL, NULL, NULL, NULL, NULL, NULL, NULL, NULL, 1, NULL, NULL, 0, NULL, 10, '2022-11-04 03:42:01', 10, '2022-11-04 03:42:16'),
	(429, 14, '1', '23', 'JALAN HANG TUAH', NULL, NULL, NULL, NULL, NULL, NULL, NULL, NULL, NULL, 1, NULL, NULL, 1, '', 140, '2022-11-30 11:37:39', NULL, NULL),
	(430, 14, '2323', '123', 'NO. 2, JALAN WARISAN SETIA 5/10', NULL, NULL, NULL, NULL, NULL, NULL, NULL, NULL, NULL, 1, 4, 3, 0, NULL, 10, '2022-11-04 04:42:53', 10, '2022-11-04 04:45:58'),
	(431, 14, '3344', '222', 'NO. 2, JALAN WARISAN SETIA 5/10', NULL, NULL, NULL, NULL, NULL, NULL, NULL, NULL, NULL, NULL, 4, 3, 0, NULL, 10, '2022-11-04 07:32:33', 10, '2022-11-06 16:27:56'),
	(432, 14, '2', NULL, 'JALAN AWANG', NULL, NULL, NULL, NULL, NULL, NULL, NULL, NULL, NULL, 1, 2, 1, 1, '', 140, '2022-11-30 11:37:39', NULL, NULL),
	(442, 14, '1', '23', 'JALAN AWANG', NULL, NULL, NULL, NULL, NULL, NULL, NULL, NULL, NULL, 1, 2, 3, 1, '', 140, '2022-11-30 11:37:39', NULL, NULL),
	(443, 14, '1', '23', 'TEST', NULL, NULL, NULL, NULL, NULL, NULL, NULL, NULL, NULL, 1, NULL, NULL, 0, NULL, 10, '2022-11-08 01:13:53', 10, '2022-11-08 01:14:30'),
	(444, 14, NULL, '707', 'NO.34', 'SS1/29, JALAN ABDUL RAHMAN ANDAK', '43900,  JOHOR BAHRU, JOHOR', NULL, NULL, NULL, NULL, NULL, NULL, NULL, 1, 5, 4, 0, NULL, 10, '2022-11-08 12:13:53', 10, '2022-11-08 14:54:24'),
	(445, 14, NULL, '707', 'NO.34', 'SS1/29, JALAN ABDUL RAHMAN ANDAK', '43900,  PETALING JAYA, SELANGOR', NULL, NULL, NULL, NULL, NULL, NULL, NULL, 1, 5, 4, 0, NULL, 10, '2022-11-08 14:45:25', 10, '2022-11-08 14:54:32'),
	(446, 14, 'B-001', '7707', 'NO.10, JALAN ABDUL RAHMAN ANDAK', '80100 JOHOR BAHRU, JOHOR', NULL, NULL, NULL, NULL, NULL, NULL, NULL, NULL, 1, 5, 4, 1, '', 222, '2022-11-14 12:40:49', NULL, NULL),
	(447, 14, 'B-002', '7707', 'NO.10, JALAN ABDUL RAHMAN ANDAK', '80100 JOHOR BAHRU, JOHOR', NULL, NULL, NULL, NULL, NULL, NULL, NULL, NULL, 1, 5, 4, 1, '', 222, '2022-11-14 12:40:49', NULL, NULL),
	(448, 14, 'B-003', NULL, 'NO.10, JALAN ABDUL RAHMAN ANDAK 80100 JOHOR BAHRU, JOHOR', NULL, NULL, NULL, NULL, NULL, NULL, NULL, NULL, NULL, 1, NULL, NULL, 1, '', 222, '2022-11-14 12:40:49', NULL, NULL),
	(453, 32, 'B-1131', NULL, 'JALAN ARIFFIN', NULL, NULL, NULL, NULL, NULL, NULL, NULL, NULL, NULL, NULL, 3, 2, 0, '', 131, '2022-11-13 09:44:18', 10, '2022-11-13 12:06:28'),
	(454, 32, 'B-1132', NULL, 'JALAN ARIFFIN', NULL, NULL, NULL, NULL, NULL, NULL, NULL, NULL, NULL, NULL, 3, 2, 0, '', 131, '2022-11-13 09:44:19', 10, '2022-11-13 12:06:37'),
	(455, 32, NULL, NULL, 'JALAN ARIFFIN', NULL, NULL, NULL, NULL, NULL, NULL, NULL, NULL, NULL, NULL, 3, 2, 0, '', 131, '2022-11-13 09:44:14', 10, '2022-11-13 12:05:31'),
	(456, 14, 'B-004', NULL, 'JALAN 13', 'JALAN ABD RAHMAN ANDAK', NULL, NULL, NULL, NULL, NULL, NULL, NULL, NULL, 1, NULL, NULL, 0, '', 105, '2022-11-12 10:37:27', 106, '2022-11-12 23:57:17'),
	(457, 14, 'B-005', NULL, 'JALAN 13', 'JALAN ABD RAHMAN ANDAK', NULL, NULL, NULL, NULL, NULL, NULL, NULL, NULL, 1, NULL, NULL, 1, '', 222, '2022-11-14 12:40:49', NULL, NULL),
	(458, 14, 'B-006', NULL, 'JALAN 13', 'JALAN ABD RAHMAN ANDAK', NULL, NULL, NULL, NULL, NULL, NULL, NULL, NULL, 1, NULL, NULL, 1, '', 69, '2022-11-13 12:03:50', NULL, NULL),
	(459, 14, NULL, '1212', 'NO 9', 'JALAN ABC 3', 'TAMAN ABC', NULL, NULL, 350.00, 250.00, 1, 50.00, NULL, 1, 3, 2, 0, 'OK', 141, '2022-11-11 17:05:31', 10, '2022-11-12 13:41:21'),
	(460, 14, 'NO 23', '1212', 'NO 9', 'JALAN ABC 3', 'TAMAN ABC', NULL, NULL, 350.00, 250.00, 1, 50.00, NULL, 1, 3, 2, 1, '', 69, '2022-11-13 12:03:15', NULL, NULL),
	(461, 14, NULL, '1212', 'NO 9', 'JALAN ABC 3', 'TAMAN ABC', NULL, NULL, 350.00, 250.00, 1, 50.00, NULL, 1, 3, 2, 0, 'OK', 10, '2022-11-12 14:01:01', 10, '2022-11-12 14:01:46'),
	(462, 14, '50', '1212', 'NO 9', 'JALAN ABC 3', 'TAMAN ABC', NULL, NULL, 350.00, 250.00, 1, 50.00, NULL, 1, 3, 2, 1, '', 146, '2022-11-17 12:08:49', NULL, NULL),
	(463, 32, NULL, '1000', 'NO 78', 'JALAN ARIFFIN 3', 'TAMAN ARIFFIN', NULL, NULL, 550.00, 250.00, 1, 50.00, NULL, 1, 2, 2, 0, '', 131, '2022-11-13 09:44:15', 10, '2022-11-13 12:06:11'),
	(464, 32, NULL, '1000', 'NO 78', 'JALAN ARIFFIN 3', 'TAMAN ARIFFIN', NULL, NULL, 550.00, 250.00, 1, 50.00, NULL, 1, 2, 2, 0, '', 131, '2022-11-13 09:44:17', 10, '2022-11-13 12:06:18'),
	(466, 15, '3381', '151', 'NO 812', 'JALAN DATO HASSAN', 'JOHOR BAHRU', NULL, NULL, 250.00, 200.00, 1, 50.00, NULL, 1, 2, 2, 0, NULL, 10, '2022-11-11 01:38:59', 10, '2022-11-11 01:48:29'),
	(467, 15, '3389', '151', 'NO 81', 'JALAN DATO HASSAN', 'JOHOR BAHRU', NULL, NULL, 250.00, 200.00, 1, 50.00, NULL, 1, 2, 2, 1, '', 10, '2022-12-02 13:43:34', NULL, NULL),
	(468, 6, '1A', NULL, 'NO 20', 'TAMAN', 'TAMPOI', NULL, NULL, NULL, NULL, NULL, NULL, NULL, 1, 4, 2, 1, '', 10, '2022-11-29 22:48:35', NULL, NULL),
	(469, 6, '1B', NULL, 'NO 20', 'TAMAN', 'TAMPOI', NULL, NULL, NULL, NULL, NULL, NULL, NULL, 1, NULL, NULL, 1, '', 10, '2022-11-29 22:48:35', NULL, NULL),
	(470, 6, '1C', NULL, 'NO 20', 'TAMAN', 'TAMPOI', NULL, NULL, NULL, NULL, NULL, NULL, NULL, 1, NULL, NULL, 1, '', 10, '2022-11-29 22:48:35', NULL, NULL),
	(471, 32, NULL, '999', 'JALAN ARIFFIN', NULL, NULL, NULL, NULL, 550.00, 500.00, 1, 150.00, NULL, 1, 2, 2, 0, 'TESTING', 131, '2022-11-13 09:44:14', 10, '2022-11-13 12:05:45'),
	(472, 6, '2', '1212', 'WDADAD', 'ASFA', 'FASFAFA', NULL, NULL, 231.00, 131.00, 1, 112.00, 212.00, 1, 2, 2, 0, NULL, 141, '2022-11-11 17:01:38', 141, '2022-11-11 17:01:51'),
	(473, 6, '3', '1212', 'WDADAD', 'ASFA', 'FASFAFA', NULL, NULL, 231.00, 131.00, 1, 112.00, 212.00, 1, 2, 2, 1, '', 10, '2022-11-29 22:48:35', NULL, NULL),
	(474, 32, '72', NULL, 'JALAN ARIFFIN 9', 'TAMAN YAHYA AWAL', NULL, NULL, NULL, 100.00, 100.00, NULL, NULL, 50.00, 1, 3, 2, 0, NULL, 131, '2022-11-11 20:54:13', 131, '2022-11-11 20:56:26'),
	(475, 32, '1', 'PT 123', 'JALAN ARIFFIN 9', NULL, NULL, NULL, NULL, 100.00, 100.00, NULL, NULL, 50.00, 1, 3, 2, 0, NULL, 131, '2022-11-11 21:00:10', 131, '2022-11-11 21:01:52'),
	(476, 32, '72', 'PT 123', 'JALAN ARIFFIN 9', 'TAMAN YAHYA AWAL', NULL, NULL, NULL, 100.00, 100.00, NULL, NULL, 50.00, 1, 3, 2, 0, NULL, 131, '2022-11-11 21:06:06', 131, '2022-11-11 21:09:49'),
	(477, 32, '72', 'PT 123', 'JALAN ARIFFIN 9', 'TAMAN YAHYA AWAL', NULL, NULL, NULL, 100.00, 100.00, NULL, NULL, 50.00, 1, 3, 2, 0, NULL, 131, '2022-11-11 21:13:26', 131, '2022-11-11 21:14:06'),
	(478, 32, '72', 'PT 123', 'JALAN ARIFFIN 9', 'TAMAN YAHYA AWAL', NULL, NULL, NULL, 100.00, 100.00, NULL, NULL, 50.00, 1, 2, 2, 0, NULL, 131, '2022-11-11 21:20:17', 131, '2022-11-11 21:22:06'),
	(479, 32, '72', 'PT 123', 'JALAN ARIFFIN 9', 'TAMAN YAHYA AWAL', NULL, NULL, NULL, 100.00, 100.00, NULL, NULL, 50.00, 1, 3, 2, 0, '', 131, '2022-11-13 09:44:17', 10, '2022-11-13 12:06:01'),
	(480, 6, 'A001', '0335', 'NO. 2, JALAN WARISAN SETIA 5/10', 'VILLA ROS TAMPOI', '81900 JOHOR BAHRU', NULL, NULL, NULL, NULL, 1, 500.00, 250.00, 1, 4, 3, 1, '', 10, '2022-11-29 22:48:35', NULL, NULL),
	(481, 6, 'A002', '0335', 'NO. 2, JALAN WARISAN SETIA 5/10', 'VILLA ROS TAMPOI', '81900 JOHOR BAHRU', NULL, NULL, NULL, NULL, 1, 500.00, 250.00, 1, 4, 3, 1, '', 10, '2022-11-29 22:48:35', NULL, NULL),
	(482, 6, 'A003', '0335', 'NO. 2, JALAN WARISAN SETIA 5/10', 'VILLA ROS TAMPOI', '81900 JOHOR BAHRU', NULL, NULL, NULL, NULL, 1, 500.00, 250.00, 1, 4, 3, 1, '', 10, '2022-11-29 22:48:35', NULL, NULL),
	(483, 6, 'A004', '0335', 'NO. 2, JALAN WARISAN SETIA 5/10', 'VILLA ROS TAMPOI', '81900 JOHOR BAHRU', NULL, NULL, NULL, NULL, 1, 500.00, 250.00, 1, 4, 3, 1, '', 10, '2022-11-29 22:48:35', NULL, NULL),
	(484, 6, 'A005', '0335', 'NO. 2, JALAN WARISAN SETIA 5/10', 'VILLA ROS TAMPOI', '81900 JOHOR BAHRU', NULL, NULL, NULL, NULL, 1, 500.00, 250.00, 1, 4, 3, 1, '', 10, '2022-11-29 22:48:35', NULL, NULL),
	(485, 6, 'A006', '0335', 'NO. 2, JALAN WARISAN SETIA 5/10', 'VILLA ROS TAMPOI', '81900 JOHOR BAHRU', NULL, NULL, NULL, NULL, 1, 500.00, 250.00, 1, 4, 3, 1, '', 10, '2022-11-29 22:48:35', NULL, NULL),
	(486, 15, '3001', NULL, 'NO 1, JALAN DATO HASSAN', NULL, NULL, NULL, NULL, NULL, NULL, NULL, NULL, NULL, NULL, NULL, NULL, 0, '', 10, '2022-11-12 07:41:43', 10, '2022-11-12 07:46:45'),
	(487, 32, NULL, NULL, 'NO. 2,   JALAN ARIFFIN1, JOHOR BAHRU, JOHOR', NULL, NULL, NULL, NULL, NULL, NULL, NULL, NULL, NULL, 1, NULL, NULL, 0, NULL, 146, '2022-11-13 09:55:39', 10, '2022-11-13 12:07:00'),
	(488, 32, NULL, NULL, 'NO. 2,   JALAN ARIFFIN1, JOHOR BAHRU, JOHOR', NULL, NULL, NULL, NULL, NULL, NULL, NULL, NULL, NULL, 1, NULL, NULL, 0, NULL, 146, '2022-11-13 09:55:39', 10, '2022-11-13 12:07:08'),
	(489, 32, NULL, NULL, 'NO. 2,   JALAN ARIFFIN1, JOHOR BAHRU, JOHOR', NULL, NULL, NULL, NULL, NULL, NULL, NULL, NULL, NULL, 1, NULL, NULL, 0, NULL, 146, '2022-11-13 09:55:39', 10, '2022-11-13 12:07:17'),
	(490, 32, NULL, NULL, 'NO. 2,   JALAN ARIFFIN1, JOHOR BAHRU, JOHOR', NULL, NULL, NULL, NULL, NULL, NULL, NULL, NULL, NULL, 1, NULL, NULL, 0, NULL, 146, '2022-11-13 09:55:39', 10, '2022-11-13 12:07:24'),
	(491, 24, 'AO1', '12321', 'FG', 'RGRE', 'RGRE', NULL, NULL, 213.00, 312.00, 1, 13.00, 21.00, 1, 2, 1, 1, '', 138, '2022-11-13 12:19:28', NULL, NULL),
	(492, 24, 'AO2', '12321', 'FG', 'RGRE', 'RGRE', NULL, NULL, 213.00, 312.00, 1, 13.00, 21.00, 1, 2, 1, 1, '', 10, '2022-11-17 10:34:44', NULL, NULL),
	(493, 24, 'AO3', '12321', 'FG', 'RGRE', 'RGRE', NULL, NULL, 213.00, 312.00, 1, 13.00, 21.00, 1, 2, 1, 1, '', 138, '2022-11-13 12:19:28', NULL, NULL),
	(494, 24, 'AO5', '12321', 'FG', 'RGRE', 'RGRE', NULL, NULL, 213.00, 312.00, 1, 13.00, 21.00, 1, 2, 1, 1, '', 138, '2022-11-13 12:19:28', NULL, NULL),
	(495, 24, 'AO6', '12321', 'FG', 'RGRE', 'RGRE', NULL, NULL, 213.00, 312.00, 1, 13.00, 21.00, 1, 2, 1, 1, '', 138, '2022-11-13 12:19:28', NULL, NULL),
	(496, 15, 'A-001', '2233', 'NO. 2, JALAN DATO\' HASSAN', 'BANDAR JOHOR BAHRU', '80000 JOHOR BAHRU, JOHOR', NULL, NULL, NULL, NULL, NULL, NULL, NULL, 1, 5, 4, 0, '', 10, '2022-11-25 16:15:48', 10, '2022-11-25 16:39:20'),
	(497, 15, 'A-002', '2233', 'NO. 2, JALAN DATO\' HASSAN', 'BANDAR JOHOR BAHRU', '80000 JOHOR BAHRU, JOHOR', NULL, NULL, NULL, NULL, NULL, NULL, NULL, 1, 5, 4, 0, '', 10, '2022-11-25 16:15:48', 10, '2022-11-25 16:39:32'),
	(498, 15, 'A-003', '2233', 'NO. 2, JALAN DATO\' HASSAN', 'BANDAR JOHOR BAHRU', '80000 JOHOR BAHRU, JOHOR', NULL, NULL, NULL, NULL, NULL, NULL, NULL, 1, 5, 4, 0, '', 10, '2022-11-25 16:15:48', 10, '2022-11-25 16:39:39'),
	(499, 15, 'A-004', '2233', 'NO. 2, JALAN DATO\' HASSAN', 'BANDAR JOHOR BAHRU', '80000 JOHOR BAHRU, JOHOR', NULL, NULL, NULL, NULL, NULL, NULL, NULL, 1, 5, 4, 0, 'OK', 106, '2022-11-13 16:10:11', 106, '2022-11-13 16:17:49'),
	(501, 58, 'A1', 'AA001', 'GGG', 'GTG', 'GTR', NULL, NULL, NULL, NULL, 1, 10.00, 25.00, 1, 3, 2, 1, '', 140, '2022-11-13 16:32:36', NULL, NULL),
	(502, 58, 'A2', 'AA001', 'GGG', 'GTG', 'GTR', NULL, NULL, NULL, NULL, 1, 10.00, 25.00, 1, 3, 2, 1, NULL, 140, '2022-11-13 16:32:09', NULL, NULL),
	(503, 58, 'A3', 'AA001', 'GGG', 'GTG', 'GTR', NULL, NULL, NULL, NULL, 1, 10.00, 25.00, 1, 3, 2, 1, NULL, 140, '2022-11-13 16:32:09', NULL, NULL),
	(504, 58, 'A4', 'AA001', 'GGG', 'GTG', 'GTR', NULL, NULL, NULL, NULL, 1, 10.00, 25.00, 1, 3, 2, 1, NULL, 140, '2022-11-13 16:32:09', NULL, NULL),
	(505, 58, 'A5', 'AA001', 'GGG', 'GTG', 'GTR', NULL, NULL, NULL, NULL, 1, 10.00, 25.00, 1, 3, 2, 1, NULL, 140, '2022-11-13 16:32:09', NULL, NULL),
	(506, 58, 'A6', 'AA001', 'GGG', 'GTG', 'GTR', NULL, NULL, NULL, NULL, 1, 10.00, 25.00, 1, 3, 2, 1, NULL, 140, '2022-11-13 16:32:09', NULL, NULL),
	(507, 58, 'A7', 'AA001', 'GGG', 'GTG', 'GTR', NULL, NULL, NULL, NULL, 1, 10.00, 25.00, 1, 3, 2, 1, NULL, 140, '2022-11-13 16:32:09', NULL, NULL),
	(508, 58, 'A8', 'AA001', 'GGG', 'GTG', 'GTR', NULL, NULL, NULL, NULL, 1, 10.00, 25.00, 1, 3, 2, 1, NULL, 140, '2022-11-13 16:32:09', NULL, NULL),
	(509, 58, 'A9', 'AA001', 'GGG', 'GTG', 'GTR', NULL, NULL, NULL, NULL, 1, 10.00, 25.00, 1, 3, 2, 1, NULL, 140, '2022-11-13 16:32:09', NULL, NULL),
	(510, 58, 'A10', 'AA001', 'GGG', 'GTG', 'GTR', NULL, NULL, NULL, NULL, 1, 10.00, 25.00, 1, 3, 2, 1, '', 140, '2022-11-13 16:32:36', NULL, NULL),
	(511, 58, 'A11', 'AA001', 'GGG', 'GTG', 'GTR', NULL, NULL, NULL, NULL, 1, 10.00, 25.00, 1, 3, 2, 1, '', 140, '2022-11-13 16:32:36', NULL, NULL),
	(512, 58, 'A12', 'AA001', 'GGG', 'GTG', 'GTR', NULL, NULL, NULL, NULL, 1, 10.00, 25.00, 1, 3, 2, 1, '', 140, '2022-11-13 16:32:36', NULL, NULL),
	(513, 58, 'A13', 'AA001', 'GGG', 'GTG', 'GTR', NULL, NULL, NULL, NULL, 1, 10.00, 25.00, 1, 3, 2, 1, '', 140, '2022-11-13 16:32:36', NULL, NULL),
	(514, 58, 'A14', 'AA001', 'GGG', 'GTG', 'GTR', NULL, NULL, NULL, NULL, 1, 10.00, 25.00, 1, 3, 2, 1, '', 140, '2022-11-13 16:32:36', NULL, NULL),
	(515, 58, 'A15', 'AA001', 'GGG', 'GTG', 'GTR', NULL, NULL, NULL, NULL, 1, 10.00, 25.00, 1, 3, 2, 1, '', 140, '2022-11-13 16:32:36', NULL, NULL),
	(516, 58, 'A16', 'AA001', 'GGG', 'GTG', 'GTR', NULL, NULL, NULL, NULL, 1, 10.00, 25.00, 1, 3, 2, 1, '', 140, '2022-11-13 16:32:36', NULL, NULL),
	(517, 58, 'A17', 'AA001', 'GGG', 'GTG', 'GTR', NULL, NULL, NULL, NULL, 1, 10.00, 25.00, 1, 3, 2, 1, '', 140, '2022-11-13 16:32:36', NULL, NULL),
	(518, 58, 'A18', 'AA001', 'GGG', 'GTG', 'GTR', NULL, NULL, NULL, NULL, 1, 10.00, 25.00, 1, 3, 2, 1, NULL, 140, '2022-11-13 16:32:09', NULL, NULL),
	(519, 58, 'A19', 'AA001', 'GGG', 'GTG', 'GTR', NULL, NULL, NULL, NULL, 1, 10.00, 25.00, 1, 3, 2, 1, NULL, 140, '2022-11-13 16:32:09', NULL, NULL),
	(520, 58, 'A20', 'AA001', 'GGG', 'GTG', 'GTR', NULL, NULL, NULL, NULL, 1, 10.00, 25.00, 1, 3, 2, 1, NULL, 140, '2022-11-13 16:32:09', NULL, NULL),
	(521, 58, 'A21', 'AA001', 'GGG', 'GTG', 'GTR', NULL, NULL, NULL, NULL, 1, 10.00, 25.00, 1, 3, 2, 1, NULL, 140, '2022-11-13 16:32:09', NULL, NULL),
	(522, 58, 'A22', 'AA001', 'GGG', 'GTG', 'GTR', NULL, NULL, NULL, NULL, 1, 10.00, 25.00, 1, 3, 2, 1, NULL, 140, '2022-11-13 16:32:09', NULL, NULL),
	(523, 58, 'A23', 'AA001', 'GGG', 'GTG', 'GTR', NULL, NULL, NULL, NULL, 1, 10.00, 25.00, 1, 3, 2, 1, NULL, 140, '2022-11-13 16:32:09', NULL, NULL),
	(524, 58, 'A24', 'AA001', 'GGG', 'GTG', 'GTR', NULL, NULL, NULL, NULL, 1, 10.00, 25.00, 1, 3, 2, 1, NULL, 140, '2022-11-13 16:32:09', NULL, NULL),
	(525, 58, 'A25', 'AA001', 'GGG', 'GTG', 'GTR', NULL, NULL, NULL, NULL, 1, 10.00, 25.00, 1, 3, 2, 1, NULL, 140, '2022-11-13 16:32:09', NULL, NULL),
	(526, 58, 'A26', 'AA001', 'GGG', 'GTG', 'GTR', NULL, NULL, NULL, NULL, 1, 10.00, 25.00, 1, 3, 2, 1, NULL, 140, '2022-11-13 16:32:09', NULL, NULL),
	(527, 58, 'A27', 'AA001', 'GGG', 'GTG', 'GTR', NULL, NULL, NULL, NULL, 1, 10.00, 25.00, 1, 3, 2, 1, NULL, 140, '2022-11-13 16:32:09', NULL, NULL),
	(528, 58, 'A28', 'AA001', 'GGG', 'GTG', 'GTR', NULL, NULL, NULL, NULL, 1, 10.00, 25.00, 1, 3, 2, 1, NULL, 140, '2022-11-13 16:32:09', NULL, NULL),
	(529, 58, 'A29', 'AA001', 'GGG', 'GTG', 'GTR', NULL, NULL, NULL, NULL, 1, 10.00, 25.00, 1, 3, 2, 1, NULL, 140, '2022-11-13 16:32:09', NULL, NULL),
	(530, 58, 'A30', 'AA001', 'GGG', 'GTG', 'GTR', NULL, NULL, NULL, NULL, 1, 10.00, 25.00, 1, 3, 2, 1, NULL, 140, '2022-11-13 16:32:09', NULL, NULL),
	(531, 58, 'A31', 'AA001', 'GGG', 'GTG', 'GTR', NULL, NULL, NULL, NULL, 1, 10.00, 25.00, 1, 3, 2, 1, NULL, 140, '2022-11-13 16:32:09', NULL, NULL),
	(532, 58, 'A32', 'AA001', 'GGG', 'GTG', 'GTR', NULL, NULL, NULL, NULL, 1, 10.00, 25.00, 1, 3, 2, 1, NULL, 140, '2022-11-13 16:32:09', NULL, NULL),
	(533, 58, 'A33', 'AA001', 'GGG', 'GTG', 'GTR', NULL, NULL, NULL, NULL, 1, 10.00, 25.00, 1, 3, 2, 1, NULL, 140, '2022-11-13 16:32:09', NULL, NULL),
	(534, 58, 'A34', 'AA001', 'GGG', 'GTG', 'GTR', NULL, NULL, NULL, NULL, 1, 10.00, 25.00, 1, 3, 2, 1, NULL, 140, '2022-11-13 16:32:09', NULL, NULL),
	(535, 58, 'A35', 'AA001', 'GGG', 'GTG', 'GTR', NULL, NULL, NULL, NULL, 1, 10.00, 25.00, 1, 3, 2, 1, NULL, 140, '2022-11-13 16:32:09', NULL, NULL),
	(536, 58, 'A36', 'AA001', 'GGG', 'GTG', 'GTR', NULL, NULL, NULL, NULL, 1, 10.00, 25.00, 1, 3, 2, 1, NULL, 140, '2022-11-13 16:32:09', NULL, NULL),
	(537, 58, 'A37', 'AA001', 'GGG', 'GTG', 'GTR', NULL, NULL, NULL, NULL, 1, 10.00, 25.00, 1, 3, 2, 1, NULL, 140, '2022-11-13 16:32:09', NULL, NULL),
	(538, 58, 'A38', 'AA001', 'GGG', 'GTG', 'GTR', NULL, NULL, NULL, NULL, 1, 10.00, 25.00, 1, 3, 2, 1, NULL, 140, '2022-11-13 16:32:09', NULL, NULL),
	(539, 58, 'A39', 'AA001', 'GGG', 'GTG', 'GTR', NULL, NULL, NULL, NULL, 1, 10.00, 25.00, 1, 3, 2, 1, NULL, 140, '2022-11-13 16:32:09', NULL, NULL),
	(540, 58, 'A40', 'AA001', 'GGG', 'GTG', 'GTR', NULL, NULL, NULL, NULL, 1, 10.00, 25.00, 1, 3, 2, 1, NULL, 140, '2022-11-13 16:32:09', NULL, NULL),
	(541, 58, 'A41', 'AA001', 'GGG', 'GTG', 'GTR', NULL, NULL, NULL, NULL, 1, 10.00, 25.00, 1, 3, 2, 1, NULL, 140, '2022-11-13 16:32:09', NULL, NULL),
	(542, 58, 'A42', 'AA001', 'GGG', 'GTG', 'GTR', NULL, NULL, NULL, NULL, 1, 10.00, 25.00, 1, 3, 2, 1, NULL, 140, '2022-11-13 16:32:09', NULL, NULL),
	(543, 58, 'A43', 'AA001', 'GGG', 'GTG', 'GTR', NULL, NULL, NULL, NULL, 1, 10.00, 25.00, 1, 3, 2, 1, NULL, 140, '2022-11-13 16:32:09', NULL, NULL),
	(544, 58, 'A44', 'AA001', 'GGG', 'GTG', 'GTR', NULL, NULL, NULL, NULL, 1, 10.00, 25.00, 1, 3, 2, 1, NULL, 140, '2022-11-13 16:32:09', NULL, NULL),
	(545, 58, 'A45', 'AA001', 'GGG', 'GTG', 'GTR', NULL, NULL, NULL, NULL, 1, 10.00, 25.00, 1, 3, 2, 1, NULL, 140, '2022-11-13 16:32:09', NULL, NULL),
	(546, 58, 'A46', 'AA001', 'GGG', 'GTG', 'GTR', NULL, NULL, NULL, NULL, 1, 10.00, 25.00, 1, 3, 2, 1, NULL, 140, '2022-11-13 16:32:09', NULL, NULL),
	(547, 58, 'A47', 'AA001', 'GGG', 'GTG', 'GTR', NULL, NULL, NULL, NULL, 1, 10.00, 25.00, 1, 3, 2, 1, NULL, 140, '2022-11-13 16:32:09', NULL, NULL),
	(548, 58, 'A48', 'AA001', 'GGG', 'GTG', 'GTR', NULL, NULL, NULL, NULL, 1, 10.00, 25.00, 1, 3, 2, 1, NULL, 140, '2022-11-13 16:32:09', NULL, NULL),
	(549, 58, 'A49', 'AA001', 'GGG', 'GTG', 'GTR', NULL, NULL, NULL, NULL, 1, 10.00, 25.00, 1, 3, 2, 1, NULL, 140, '2022-11-13 16:32:09', NULL, NULL),
	(550, 58, 'A50', 'AA001', 'GGG', 'GTG', 'GTR', NULL, NULL, NULL, NULL, 1, 10.00, 25.00, 1, 3, 2, 1, NULL, 140, '2022-11-13 16:32:09', NULL, NULL),
	(551, 58, 'A51', 'AA001', 'GGG', 'GTG', 'GTR', NULL, NULL, NULL, NULL, 1, 10.00, 25.00, 1, 3, 2, 1, NULL, 140, '2022-11-13 16:32:09', NULL, NULL),
	(552, 58, 'A52', 'AA001', 'GGG', 'GTG', 'GTR', NULL, NULL, NULL, NULL, 1, 10.00, 25.00, 1, 3, 2, 1, NULL, 140, '2022-11-13 16:32:09', NULL, NULL),
	(553, 58, 'A53', 'AA001', 'GGG', 'GTG', 'GTR', NULL, NULL, NULL, NULL, 1, 10.00, 25.00, 1, 3, 2, 1, NULL, 140, '2022-11-13 16:32:09', NULL, NULL),
	(554, 58, 'A54', 'AA001', 'GGG', 'GTG', 'GTR', NULL, NULL, NULL, NULL, 1, 10.00, 25.00, 1, 3, 2, 1, NULL, 140, '2022-11-13 16:32:09', NULL, NULL),
	(555, 58, 'A55', 'AA001', 'GGG', 'GTG', 'GTR', NULL, NULL, NULL, NULL, 1, 10.00, 25.00, 1, 3, 2, 1, NULL, 140, '2022-11-13 16:32:09', NULL, NULL),
	(556, 58, 'A56', 'AA001', 'GGG', 'GTG', 'GTR', NULL, NULL, NULL, NULL, 1, 10.00, 25.00, 1, 3, 2, 1, NULL, 140, '2022-11-13 16:32:09', NULL, NULL),
	(557, 58, 'A57', 'AA001', 'GGG', 'GTG', 'GTR', NULL, NULL, NULL, NULL, 1, 10.00, 25.00, 1, 3, 2, 1, NULL, 140, '2022-11-13 16:32:09', NULL, NULL),
	(558, 58, 'A58', 'AA001', 'GGG', 'GTG', 'GTR', NULL, NULL, NULL, NULL, 1, 10.00, 25.00, 1, 3, 2, 1, NULL, 140, '2022-11-13 16:32:09', NULL, NULL),
	(559, 58, 'A59', 'AA001', 'GGG', 'GTG', 'GTR', NULL, NULL, NULL, NULL, 1, 10.00, 25.00, 1, 3, 2, 1, NULL, 140, '2022-11-13 16:32:09', NULL, NULL),
	(560, 58, 'A60', 'AA001', 'GGG', 'GTG', 'GTR', NULL, NULL, NULL, NULL, 1, 10.00, 25.00, 1, 3, 2, 1, NULL, 140, '2022-11-13 16:32:09', NULL, NULL),
	(561, 58, 'A61', 'AA001', 'GGG', 'GTG', 'GTR', NULL, NULL, NULL, NULL, 1, 10.00, 25.00, 1, 3, 2, 1, NULL, 140, '2022-11-13 16:32:09', NULL, NULL),
	(562, 58, 'A62', 'AA001', 'GGG', 'GTG', 'GTR', NULL, NULL, NULL, NULL, 1, 10.00, 25.00, 1, 3, 2, 1, NULL, 140, '2022-11-13 16:32:09', NULL, NULL),
	(563, 58, 'A63', 'AA001', 'GGG', 'GTG', 'GTR', NULL, NULL, NULL, NULL, 1, 10.00, 25.00, 1, 3, 2, 1, NULL, 140, '2022-11-13 16:32:09', NULL, NULL),
	(564, 58, 'A64', 'AA001', 'GGG', 'GTG', 'GTR', NULL, NULL, NULL, NULL, 1, 10.00, 25.00, 1, 3, 2, 1, NULL, 140, '2022-11-13 16:32:09', NULL, NULL),
	(565, 58, 'A65', 'AA001', 'GGG', 'GTG', 'GTR', NULL, NULL, NULL, NULL, 1, 10.00, 25.00, 1, 3, 2, 1, NULL, 140, '2022-11-13 16:32:09', NULL, NULL),
	(566, 58, 'A66', 'AA001', 'GGG', 'GTG', 'GTR', NULL, NULL, NULL, NULL, 1, 10.00, 25.00, 1, 3, 2, 1, NULL, 140, '2022-11-13 16:32:09', NULL, NULL),
	(567, 58, 'A67', 'AA001', 'GGG', 'GTG', 'GTR', NULL, NULL, NULL, NULL, 1, 10.00, 25.00, 1, 3, 2, 1, NULL, 140, '2022-11-13 16:32:09', NULL, NULL),
	(568, 58, 'A68', 'AA001', 'GGG', 'GTG', 'GTR', NULL, NULL, NULL, NULL, 1, 10.00, 25.00, 1, 3, 2, 1, NULL, 140, '2022-11-13 16:32:09', NULL, NULL),
	(569, 58, 'A69', 'AA001', 'GGG', 'GTG', 'GTR', NULL, NULL, NULL, NULL, 1, 10.00, 25.00, 1, 3, 2, 1, NULL, 140, '2022-11-13 16:32:09', NULL, NULL),
	(570, 58, 'A70', 'AA001', 'GGG', 'GTG', 'GTR', NULL, NULL, NULL, NULL, 1, 10.00, 25.00, 1, 3, 2, 1, NULL, 140, '2022-11-13 16:32:09', NULL, NULL),
	(571, 58, 'A71', 'AA001', 'GGG', 'GTG', 'GTR', NULL, NULL, NULL, NULL, 1, 10.00, 25.00, 1, 3, 2, 1, NULL, 140, '2022-11-13 16:32:09', NULL, NULL),
	(572, 58, 'A72', 'AA001', 'GGG', 'GTG', 'GTR', NULL, NULL, NULL, NULL, 1, 10.00, 25.00, 1, 3, 2, 1, NULL, 140, '2022-11-13 16:32:09', NULL, NULL),
	(573, 58, 'A73', 'AA001', 'GGG', 'GTG', 'GTR', NULL, NULL, NULL, NULL, 1, 10.00, 25.00, 1, 3, 2, 1, NULL, 140, '2022-11-13 16:32:09', NULL, NULL),
	(574, 58, 'A74', 'AA001', 'GGG', 'GTG', 'GTR', NULL, NULL, NULL, NULL, 1, 10.00, 25.00, 1, 3, 2, 1, NULL, 140, '2022-11-13 16:32:09', NULL, NULL),
	(575, 58, 'A75', 'AA001', 'GGG', 'GTG', 'GTR', NULL, NULL, NULL, NULL, 1, 10.00, 25.00, 1, 3, 2, 1, NULL, 140, '2022-11-13 16:32:09', NULL, NULL),
	(576, 58, 'A76', 'AA001', 'GGG', 'GTG', 'GTR', NULL, NULL, NULL, NULL, 1, 10.00, 25.00, 1, 3, 2, 1, NULL, 140, '2022-11-13 16:32:09', NULL, NULL),
	(577, 58, 'A77', 'AA001', 'GGG', 'GTG', 'GTR', NULL, NULL, NULL, NULL, 1, 10.00, 25.00, 1, 3, 2, 1, NULL, 140, '2022-11-13 16:32:09', NULL, NULL),
	(578, 58, 'A78', 'AA001', 'GGG', 'GTG', 'GTR', NULL, NULL, NULL, NULL, 1, 10.00, 25.00, 1, 3, 2, 1, NULL, 140, '2022-11-13 16:32:09', NULL, NULL),
	(579, 58, 'A79', 'AA001', 'GGG', 'GTG', 'GTR', NULL, NULL, NULL, NULL, 1, 10.00, 25.00, 1, 3, 2, 1, NULL, 140, '2022-11-13 16:32:09', NULL, NULL),
	(580, 58, 'A80', 'AA001', 'GGG', 'GTG', 'GTR', NULL, NULL, NULL, NULL, 1, 10.00, 25.00, 1, 3, 2, 1, NULL, 140, '2022-11-13 16:32:09', NULL, NULL),
	(581, 58, 'A81', 'AA001', 'GGG', 'GTG', 'GTR', NULL, NULL, NULL, NULL, 1, 10.00, 25.00, 1, 3, 2, 1, NULL, 140, '2022-11-13 16:32:09', NULL, NULL),
	(582, 58, 'A82', 'AA001', 'GGG', 'GTG', 'GTR', NULL, NULL, NULL, NULL, 1, 10.00, 25.00, 1, 3, 2, 1, NULL, 140, '2022-11-13 16:32:09', NULL, NULL),
	(583, 58, 'A83', 'AA001', 'GGG', 'GTG', 'GTR', NULL, NULL, NULL, NULL, 1, 10.00, 25.00, 1, 3, 2, 1, NULL, 140, '2022-11-13 16:32:09', NULL, NULL),
	(584, 58, 'A84', 'AA001', 'GGG', 'GTG', 'GTR', NULL, NULL, NULL, NULL, 1, 10.00, 25.00, 1, 3, 2, 1, NULL, 140, '2022-11-13 16:32:09', NULL, NULL),
	(585, 58, 'A85', 'AA001', 'GGG', 'GTG', 'GTR', NULL, NULL, NULL, NULL, 1, 10.00, 25.00, 1, 3, 2, 1, NULL, 140, '2022-11-13 16:32:09', NULL, NULL),
	(586, 58, 'A86', 'AA001', 'GGG', 'GTG', 'GTR', NULL, NULL, NULL, NULL, 1, 10.00, 25.00, 1, 3, 2, 1, NULL, 140, '2022-11-13 16:32:09', NULL, NULL),
	(587, 58, 'A87', 'AA001', 'GGG', 'GTG', 'GTR', NULL, NULL, NULL, NULL, 1, 10.00, 25.00, 1, 3, 2, 1, NULL, 140, '2022-11-13 16:32:09', NULL, NULL),
	(588, 58, 'A88', 'AA001', 'GGG', 'GTG', 'GTR', NULL, NULL, NULL, NULL, 1, 10.00, 25.00, 1, 3, 2, 1, NULL, 140, '2022-11-13 16:32:09', NULL, NULL),
	(589, 58, 'A89', 'AA001', 'GGG', 'GTG', 'GTR', NULL, NULL, NULL, NULL, 1, 10.00, 25.00, 1, 3, 2, 1, NULL, 140, '2022-11-13 16:32:09', NULL, NULL),
	(590, 58, 'A90', 'AA001', 'GGG', 'GTG', 'GTR', NULL, NULL, NULL, NULL, 1, 10.00, 25.00, 1, 3, 2, 1, NULL, 140, '2022-11-13 16:32:09', NULL, NULL),
	(591, 58, 'A91', 'AA001', 'GGG', 'GTG', 'GTR', NULL, NULL, NULL, NULL, 1, 10.00, 25.00, 1, 3, 2, 1, NULL, 140, '2022-11-13 16:32:09', NULL, NULL),
	(592, 58, 'A92', 'AA001', 'GGG', 'GTG', 'GTR', NULL, NULL, NULL, NULL, 1, 10.00, 25.00, 1, 3, 2, 1, NULL, 140, '2022-11-13 16:32:09', NULL, NULL),
	(593, 58, 'A93', 'AA001', 'GGG', 'GTG', 'GTR', NULL, NULL, NULL, NULL, 1, 10.00, 25.00, 1, 3, 2, 1, NULL, 140, '2022-11-13 16:32:09', NULL, NULL),
	(594, 58, 'A94', 'AA001', 'GGG', 'GTG', 'GTR', NULL, NULL, NULL, NULL, 1, 10.00, 25.00, 1, 3, 2, 1, NULL, 140, '2022-11-13 16:32:09', NULL, NULL),
	(595, 58, 'A95', 'AA001', 'GGG', 'GTG', 'GTR', NULL, NULL, NULL, NULL, 1, 10.00, 25.00, 1, 3, 2, 1, NULL, 140, '2022-11-13 16:32:09', NULL, NULL),
	(596, 58, 'A96', 'AA001', 'GGG', 'GTG', 'GTR', NULL, NULL, NULL, NULL, 1, 10.00, 25.00, 1, 3, 2, 1, NULL, 140, '2022-11-13 16:32:09', NULL, NULL),
	(597, 58, 'A97', 'AA001', 'GGG', 'GTG', 'GTR', NULL, NULL, NULL, NULL, 1, 10.00, 25.00, 1, 3, 2, 1, NULL, 140, '2022-11-13 16:32:09', NULL, NULL),
	(598, 58, 'A98', 'AA001', 'GGG', 'GTG', 'GTR', NULL, NULL, NULL, NULL, 1, 10.00, 25.00, 1, 3, 2, 1, NULL, 140, '2022-11-13 16:32:09', NULL, NULL),
	(599, 58, 'A99', 'AA001', 'GGG', 'GTG', 'GTR', NULL, NULL, NULL, NULL, 1, 10.00, 25.00, 1, 3, 2, 1, NULL, 140, '2022-11-13 16:32:09', NULL, NULL),
	(600, 58, 'A100', 'AA001', 'GGG', 'GTG', 'GTR', NULL, NULL, NULL, NULL, 1, 10.00, 25.00, 1, 3, 2, 1, '', 140, '2022-11-13 16:32:36', NULL, NULL),
	(601, 59, 'B1', 'B001', 'RG', 'GTR', 'RTG', NULL, NULL, 10.00, 1.00, 1, 10.00, 25.00, 1, 2, 1, 1, '', 140, '2022-11-13 16:42:55', NULL, NULL),
	(602, 59, 'B2', 'B001', 'RG', 'GTR', 'RTG', NULL, NULL, 11.00, 1.00, 1, 10.00, 25.00, 1, 2, 1, 1, '', 140, '2022-11-13 16:42:55', NULL, NULL),
	(603, 6, '121', '555', 'VILLA ROS TAMPOI', NULL, NULL, NULL, NULL, 550.00, 500.00, 1, 150.00, 150.00, 1, 2, 1, 0, '', 10, '2022-11-15 15:30:16', 10, '2022-11-15 15:30:33'),
	(606, 15, 'BB-001', '123 - 2022', 'NO. 2, JALAN  WARISAN SETIA 5/10', 'BANDAR JOHOR BAHRU', '80100 JOHOR BAHRU, JOHOR', NULL, NULL, 3000.00, 10000.00, 1, 1500.00, 500.00, 1, 4, 3, 1, '', 10, '2022-12-02 13:43:34', NULL, NULL),
	(607, 15, 'BB-002', 'PN-123', 'NO. 2, JALAN WARISAN SETIA 5/10', 'BANDAR JOHOR BAHRU', '80100 JOHOR BAHRU, JOHOR', NULL, NULL, NULL, NULL, 1, 1500.00, 500.00, 1, 4, 3, 1, '', 10, '2022-12-02 13:43:34', NULL, NULL),
	(608, 15, 'BB-003', 'PN-123', 'NO. 2, JALAN WARISAN SETIA 5/10', 'KOTA WARISAN', '43900 SEPANG SELANGOR', NULL, NULL, NULL, NULL, 1, 1500.00, 500.00, 1, 4, 3, 0, '', 10, '2022-11-25 17:04:38', 10, '2022-11-25 17:12:04'),
	(609, 15, 'BB-004', 'PN-123', 'NO. 2, JALAN WARISAN SETIA 5/10', 'KOTA WARISAN', '43900 SEPANG SELANGOR', NULL, NULL, NULL, NULL, 1, 1500.00, 500.00, 1, 4, 3, 0, '', 10, '2022-11-20 20:35:39', 10, '2022-11-20 20:38:22'),
	(610, 15, 'UNIT A - 101', '11-2022', 'NO. 18, SEKSYEN 22', 'JALAN DATO HASSAN', '80100 JOHOR BAHRU, JOHOR', NULL, NULL, NULL, NULL, 1, 500.00, 150.00, 1, 4, 3, 1, '', 10, '2022-12-02 13:43:34', NULL, NULL),
	(611, 15, 'UNIT A - 102', '11-2022', 'NO. 18, SEKSYEN 22', 'JALAN DATO HASSAN', '80100 JOHOR BAHRU, JOHOR', NULL, NULL, NULL, NULL, 1, 500.00, 150.00, 1, 4, 3, 1, '', 10, '2022-12-02 13:43:34', NULL, NULL),
	(612, 57, '1', NULL, 'JALAN KELABU 3, TAMAN BUKIT PASIR, 83000, BATU PAHAT, JOHOR', NULL, NULL, NULL, NULL, NULL, NULL, NULL, NULL, NULL, 2, 3, 1, 1, '', 68, '2022-11-29 22:04:51', NULL, NULL),
	(613, 57, '2', NULL, 'JALAN KELABU 3, TAMAN BUKIT PASIR, 83000, BATU PAHAT, JOHOR', NULL, NULL, NULL, NULL, NULL, NULL, NULL, NULL, NULL, 1, 3, 1, 1, '', 68, '2022-11-29 22:04:51', NULL, NULL),
	(614, 57, '3', NULL, 'JALAN KELABU 3, TAMAN BUKIT PASIR, 83000, BATU PAHAT, JOHOR', NULL, NULL, NULL, NULL, NULL, NULL, NULL, NULL, NULL, 3, 3, 1, 1, '', 68, '2022-11-29 22:04:51', NULL, NULL),
	(615, 14, '1', 'NO PTD 1', 'ALAMAT 1', NULL, NULL, NULL, NULL, 111.00, 111.00, 1, 60.00, NULL, 1, NULL, NULL, 1, '', 140, '2022-11-30 11:37:39', NULL, NULL),
	(616, 14, '2', 'NO PTD 1', 'ALAMAT 1', NULL, NULL, NULL, NULL, 111.00, 111.00, 1, 60.00, NULL, 1, NULL, NULL, 1, '', 140, '2022-11-30 11:37:39', NULL, NULL),
	(617, 14, '3', NULL, 'NO 33 JALAN PULAI INDAH', 'LORONG PULAI', '81000 JOHOR BAHRU', NULL, NULL, NULL, NULL, 1, 8.00, 50.00, 1, 3, 2, 1, NULL, 234, '2022-11-30 11:32:56', NULL, NULL),
	(618, 14, '22', NULL, 'NO 33 JALAN PULAI INDAH', 'LORONG PULAI', '81000 JOHOR BAHRU', NULL, NULL, NULL, NULL, 1, 8.00, 50.00, 1, 3, 2, 1, '', 140, '2022-11-30 11:37:39', NULL, NULL),
	(619, 14, '23', NULL, 'NO 33 JALAN PULAI INDAH', 'LORONG PULAI', '81000 JOHOR BAHRU', NULL, NULL, NULL, NULL, 1, 8.00, 50.00, 1, 3, 2, 1, '', 140, '2022-11-30 11:37:39', NULL, NULL),
	(620, 14, '24', NULL, 'NO 33 JALAN PULAI INDAH', 'LORONG PULAI', '81000 JOHOR BAHRU', NULL, NULL, NULL, NULL, 1, 8.00, 50.00, 1, 3, 2, 1, '', 140, '2022-11-30 11:37:39', NULL, NULL),
	(621, 14, '25', NULL, 'NO 33 JALAN PULAI INDAH', 'LORONG PULAI', '81000 JOHOR BAHRU', NULL, NULL, NULL, NULL, 1, 8.00, 50.00, 1, 3, 2, 1, '', 140, '2022-11-30 11:37:39', NULL, NULL),
	(622, 67, '1', NULL, 'JALAN UMNO', NULL, NULL, NULL, NULL, NULL, NULL, NULL, NULL, NULL, 3, 2, 2, 2, 'TIDAK SESUAI DIDUDUKI', 279, '2022-11-30 11:30:34', NULL, NULL),
	(623, 67, '2', NULL, 'JALAN UMNO', NULL, NULL, NULL, NULL, NULL, NULL, NULL, NULL, 300.00, 1, 2, 2, 1, '', 279, '2022-11-30 16:32:00', NULL, NULL),
	(624, 67, '3', NULL, 'JALAN UMNO', NULL, NULL, NULL, NULL, NULL, NULL, NULL, NULL, NULL, 1, 2, 2, 1, '', 279, '2022-11-30 11:30:34', NULL, NULL),
	(625, 67, '4', NULL, 'JALAN UMNO', NULL, NULL, NULL, NULL, NULL, NULL, NULL, NULL, NULL, 1, 2, 2, 1, '', 279, '2022-11-30 11:30:34', NULL, NULL),
	(626, 67, '5', NULL, 'JALAN UMNO', NULL, NULL, NULL, NULL, NULL, NULL, NULL, NULL, NULL, 1, 2, 2, 1, '', 279, '2022-11-30 11:30:34', NULL, NULL),
	(627, 32, '1', NULL, 'JALAN ARIFFIN 55, TAMAN ARIFFIN, JOHOR BAHRU', NULL, NULL, NULL, NULL, NULL, NULL, 1, 8.00, NULL, 1, 2, 2, 1, '', 10, '2022-11-30 11:36:55', NULL, NULL),
	(628, 32, '2', NULL, 'JALAN ARIFFIN 55, TAMAN ARIFFIN, JOHOR BAHRU', NULL, NULL, NULL, NULL, NULL, NULL, 1, 8.00, NULL, 1, 2, 2, 1, '', 10, '2022-11-30 11:36:55', NULL, NULL),
	(629, 32, '3', NULL, 'JALAN ARIFFIN 55, TAMAN ARIFFIN, JOHOR BAHRU', NULL, NULL, NULL, NULL, NULL, NULL, 1, 8.00, NULL, 1, 2, 2, 1, '', 10, '2022-11-30 11:36:55', NULL, NULL),
	(630, 32, '4', NULL, 'JALAN ARIFFIN 55, TAMAN ARIFFIN, JOHOR BAHRU', NULL, NULL, NULL, NULL, NULL, NULL, 1, 8.00, NULL, 1, 2, 2, 1, '', 10, '2022-11-30 11:36:55', NULL, NULL),
	(631, 32, '5', NULL, 'JALAN ARIFFIN 55, TAMAN ARIFFIN, JOHOR BAHRU', NULL, NULL, NULL, NULL, NULL, NULL, 1, 8.00, NULL, 1, 2, 2, 1, '', 10, '2022-11-30 11:36:55', NULL, NULL),
	(632, 15, '88', NULL, 'NO.34, SS1/29, SEKSYEN 14', 'JALAN DATO HASSAN', '80100 JOHOR BAHRU, JOHOR', NULL, NULL, NULL, NULL, NULL, NULL, NULL, NULL, 4, 3, 2, 'OK', 10, '2022-12-02 13:43:34', NULL, NULL),
	(633, 15, '89', NULL, 'NO.34, SS1/29', 'JALAN DATO HASSAN', '80100 JOHOR BAHRU, JOHOR', NULL, NULL, NULL, NULL, NULL, NULL, NULL, NULL, 4, 3, 0, NULL, 10, '2022-12-02 13:29:29', 10, '2022-12-02 13:42:13');
/*!40000 ALTER TABLE `quarters` ENABLE KEYS */;

-- Dumping structure for table staging_epro_kuarters_johor.quarters_category
CREATE TABLE IF NOT EXISTS `quarters_category` (
  `id` int(11) NOT NULL AUTO_INCREMENT,
  `district_id` int(11) DEFAULT NULL,
  `name` varchar(255) DEFAULT NULL,
  `description` longtext,
  `landed_type_id` int(11) DEFAULT NULL,
  `data_status` tinyint(4) DEFAULT '1',
  `action_by` int(11) DEFAULT NULL,
  `action_on` datetime DEFAULT NULL,
  `delete_by` int(11) DEFAULT NULL,
  `delete_on` datetime DEFAULT NULL,
  PRIMARY KEY (`id`),
  KEY `FK_quarters_category_users` (`action_by`),
  KEY `FK_quarters_category_users_2` (`delete_by`),
  KEY `FK_quarters_category_district` (`district_id`),
  KEY `FK_quarters_category_landed_type` (`landed_type_id`),
  CONSTRAINT `FK_quarters_category_district` FOREIGN KEY (`district_id`) REFERENCES `district` (`id`) ON DELETE NO ACTION ON UPDATE NO ACTION,
  CONSTRAINT `FK_quarters_category_landed_type` FOREIGN KEY (`landed_type_id`) REFERENCES `landed_type` (`id`),
  CONSTRAINT `FK_quarters_category_users` FOREIGN KEY (`action_by`) REFERENCES `users` (`id`) ON DELETE NO ACTION ON UPDATE NO ACTION,
  CONSTRAINT `FK_quarters_category_users_2` FOREIGN KEY (`delete_by`) REFERENCES `users` (`id`) ON DELETE NO ACTION ON UPDATE NO ACTION
) ENGINE=InnoDB AUTO_INCREMENT=70 DEFAULT CHARSET=latin1;

-- Dumping data for table staging_epro_kuarters_johor.quarters_category: ~69 rows (approximately)
/*!40000 ALTER TABLE `quarters_category` DISABLE KEYS */;
INSERT INTO `quarters_category` (`id`, `district_id`, `name`, `description`, `landed_type_id`, `data_status`, `action_by`, `action_on`, `delete_by`, `delete_on`) VALUES
	(1, 1, 'SERANTAU BARU', NULL, 2, 1, 10, '2022-11-07 07:06:49', NULL, NULL),
	(2, 6, 'TAMAN LANG BUANA', NULL, 2, 0, 10, '2022-10-10 04:00:11', 10, '2022-10-10 04:00:49'),
	(3, 4, 'PERSIARAN TANJUNG', NULL, 2, 0, 10, '2022-10-10 04:01:23', 10, '2022-10-11 04:18:45'),
	(4, 1, 'JALAN ARIFFIN', NULL, 2, 0, 110, '2022-10-11 02:57:43', 10, '2022-10-11 03:59:45'),
	(5, 5, 'TAMAN TAMPOI INDAH', NULL, 1, 0, 10, '2022-10-10 04:02:11', 10, '2022-10-11 04:18:58'),
	(6, 1, 'VILLA ROS TAMPOI', NULL, 2, 1, 10, '2022-10-12 04:37:15', NULL, NULL),
	(7, 1, 'JALAN GELENDENING', NULL, 1, 1, 10, '2022-10-12 04:23:37', NULL, NULL),
	(8, 1, 'JALAN TEKNOLOGI', NULL, 1, 0, 110, '2022-10-11 02:29:11', 110, '2022-10-11 02:31:08'),
	(9, 1, 'JALAN DATO\' DALAM', NULL, 1, 1, 10, '2022-10-12 04:20:13', NULL, NULL),
	(10, 1, 'JALAN DATO\' SETIA', NULL, 1, 1, 10, '2022-10-12 04:22:54', NULL, NULL),
	(11, 1, 'JALAN DATO\' HAJI ABDULLAH', NULL, 1, 1, 10, '2022-10-12 04:21:11', NULL, NULL),
	(12, 1, 'JALAN DATO MOHD SALLEH', NULL, 1, 1, 10, '2022-10-12 04:18:39', NULL, NULL),
	(13, 1, 'JALAN DATO\' HASAN', NULL, 1, 0, 10, '2022-10-11 04:04:53', 10, '2022-10-12 04:21:32'),
	(14, 1, 'JALAN ABDUL RAHMAN ANDAK', NULL, 1, 1, 10, '2022-12-02 01:45:03', NULL, NULL),
	(15, 1, 'JALAN DATO HASSAN', NULL, 1, 1, 10, '2022-11-13 17:45:27', NULL, NULL),
	(16, 1, 'JALAN HAJI YAAKOB', NULL, 1, 1, 10, '2022-10-12 04:24:24', NULL, NULL),
	(17, 1, 'JALAN DATO\' MOHAMED', NULL, 1, 1, 10, '2022-10-12 04:22:20', NULL, NULL),
	(18, 1, 'JALAN SUNGAI CAT', NULL, 1, 0, 10, '2022-10-11 04:08:50', 202, '2022-11-10 10:21:52'),
	(19, 1, 'JALAN SKUDAI', NULL, 1, 1, 10, '2022-10-11 04:12:29', NULL, NULL),
	(20, 1, 'JALAN PETRI', NULL, 1, 1, 10, '2022-10-11 04:13:08', NULL, NULL),
	(21, 1, 'JALAN HASSAN AL-ATTAS', NULL, 1, 1, 10, '2022-10-11 04:10:00', NULL, NULL),
	(22, 1, 'JALAN MARIAMAH', NULL, 1, 1, 10, '2022-10-11 04:12:03', NULL, NULL),
	(23, 1, 'JALAN STRAITS VIEW', NULL, 1, 1, 10, '2022-10-11 04:11:03', NULL, NULL),
	(24, 1, 'JALAN DATO MENTERI', NULL, 1, 1, 138, '2022-11-23 16:36:01', NULL, NULL),
	(25, 1, 'JALAN BUKIT CAGAR', NULL, 1, 0, 10, '2022-10-11 07:06:25', 10, '2022-10-12 04:16:00'),
	(26, 1, 'JALAN LARKIN', NULL, 1, 1, 10, '2022-10-11 04:14:15', NULL, NULL),
	(27, 1, 'JALAN YAHYA AWAL', NULL, 1, 1, 10, '2022-10-11 04:14:35', NULL, NULL),
	(28, 1, 'JALAN ABDUL RAHMAN', NULL, 1, 0, 10, '2022-10-11 04:14:57', 10, '2022-10-11 04:17:34'),
	(29, 1, 'KUARTERS Z', NULL, 1, 0, 68, '2022-10-11 04:15:11', 10, '2022-10-11 04:18:24'),
	(30, 1, 'VILLA ROSE', NULL, 1, 0, 10, '2022-10-11 04:22:19', 68, '2022-10-11 08:34:50'),
	(31, 1, 'PERSIARAN TANJUNG', NULL, 2, 1, 10, '2022-10-12 04:30:04', NULL, NULL),
	(32, 1, 'JALAN ARIFFIN', NULL, 1, 1, 10, '2022-11-07 07:03:05', NULL, NULL),
	(33, 1, 'TAMAN NUSANTARA', NULL, 1, 1, 10, '2022-10-12 04:32:51', NULL, NULL),
	(34, 1, 'TAMPOI INDAH II', NULL, 2, 1, 10, '2022-11-04 17:44:29', NULL, NULL),
	(35, 1, 'BENDAHARA B', NULL, 2, 0, 140, '2022-10-31 06:31:47', 202, '2022-11-10 10:22:18'),
	(36, 1, 'PAHLAWAN B', NULL, 2, 1, 202, '2022-11-10 10:18:50', NULL, NULL),
	(37, 1, 'PANGLIMA A', NULL, 2, 1, 10, '2022-10-11 04:25:23', NULL, NULL),
	(38, 1, 'PANGLIMA C', NULL, 2, 1, 10, '2022-10-11 04:25:43', NULL, NULL),
	(39, 1, 'MALAYSIA', NULL, 1, 0, 110, '2022-10-13 03:55:14', 110, '2022-10-13 03:57:31'),
	(40, 1, 'TESTING OCTOBER 2022', NULL, 1, 0, 10, '2022-10-18 08:00:41', 10, '2022-10-18 08:02:31'),
	(41, 1, 'TEST', NULL, 1, 0, 68, '2022-10-30 03:52:06', 202, '2022-11-10 10:18:01'),
	(42, 1, 'LO', NULL, 2, 0, 10, '2022-11-02 02:33:23', 10, '2022-11-02 02:33:45'),
	(43, 1, 'TAMAN KAYANGAN', NULL, 2, 0, 10, '2022-11-02 03:57:43', 202, '2022-11-10 10:18:25'),
	(44, 1, 'JALAN WARISAN SETIA', NULL, 1, 0, 10, '2022-11-02 16:25:22', 202, '2022-11-10 10:19:10'),
	(45, 1, 'HELLO', NULL, 2, 0, 10, '2022-11-02 16:25:47', 10, '2022-11-02 16:26:14'),
	(46, 1, 'LOKASI KAYANGAN', NULL, 1, 0, 10, '2022-11-03 04:24:08', 202, '2022-11-10 10:08:52'),
	(47, 1, 'TESTING', NULL, 1, 0, 10, '2022-11-03 04:21:13', 10, '2022-11-03 04:39:09'),
	(48, 1, 'TESTING', NULL, 1, 0, 10, '2022-11-06 01:45:57', 10, '2022-11-06 01:50:05'),
	(49, 1, 'TESTING', NULL, 2, 0, 10, '2022-11-06 02:43:03', 202, '2022-11-10 10:18:07'),
	(50, 1, 'KUARTERS CUBA', NULL, 2, 0, 10, '2022-11-06 03:59:30', 10, '2022-11-06 04:19:36'),
	(51, 1, 'NUSANTARA', NULL, 1, 1, 189, '2022-11-06 08:06:15', NULL, NULL),
	(52, 1, 'TESTING LOKASI', NULL, 1, 0, 140, '2022-11-07 02:36:41', 202, '2022-11-10 10:18:12'),
	(53, 1, 'SETIA ECO GARDEN', NULL, 1, 1, 71, '2022-11-10 10:32:40', NULL, NULL),
	(54, 1, 'KOTA WARISAN BAHAGIA', NULL, 2, 0, 106, '2022-11-11 00:07:27', 106, '2022-11-11 00:08:33'),
	(55, 1, 'JALAN MERPATY', NULL, 2, 0, 131, '2022-11-11 10:58:17', 131, '2022-11-11 10:58:31'),
	(56, 1, 'NUSAJAYA', NULL, 2, 0, 130, '2022-11-11 11:05:18', 130, '2022-11-11 11:05:28'),
	(57, 2, 'TAMAN BUKIT PASIR', NULL, 1, 1, 202, '2022-11-11 13:01:31', NULL, NULL),
	(58, 3, 'AA', NULL, 1, 1, 140, '2022-11-13 16:14:01', NULL, NULL),
	(59, 3, 'BB', NULL, 1, 1, 140, '2022-11-13 16:14:14', NULL, NULL),
	(60, 3, 'CC', NULL, 2, 1, 140, '2022-11-13 16:14:36', NULL, NULL),
	(61, 1, 'OO', NULL, 2, 1, 10, '2022-11-16 15:49:56', NULL, NULL),
	(62, 1, 'UNDI MALAYSIA', NULL, 1, 0, 10, '2022-11-19 13:42:53', 10, '2022-11-19 13:59:38'),
	(63, 1, 'UNDI MALAYSIA 2022', NULL, 2, 0, 10, '2022-11-19 14:14:43', 10, '2022-11-19 14:15:32'),
	(64, 1, 'WEQ', NULL, 2, 0, 138, '2022-11-23 16:19:49', 138, '2022-11-23 16:36:55'),
	(65, 1, 'PM10', NULL, 1, 1, 10, '2022-11-25 00:56:40', NULL, NULL),
	(66, 1, 'JALAN DAYA', NULL, 1, 0, 10, '2022-11-30 10:20:23', 10, '2022-11-30 10:20:34'),
	(67, 8, 'JALAN UMNO', NULL, 1, 1, 279, '2022-11-30 11:51:52', NULL, NULL),
	(68, 1, 'TESTING', NULL, 1, 1, 10, '2022-12-02 01:35:52', NULL, NULL),
	(69, 1, 'X', NULL, 2, 0, 10, '2022-12-02 01:41:13', 10, '2022-12-02 01:43:49');
/*!40000 ALTER TABLE `quarters_category` ENABLE KEYS */;

-- Dumping structure for table staging_epro_kuarters_johor.quarters_category_inventory
CREATE TABLE IF NOT EXISTS `quarters_category_inventory` (
  `id` int(11) NOT NULL AUTO_INCREMENT,
  `quarters_category_id` int(11) NOT NULL DEFAULT '0',
  `inventory_id` int(11) DEFAULT NULL,
  `price` decimal(10,2) DEFAULT NULL,
  `data_status` tinyint(4) DEFAULT '1',
  `action_on` varchar(50) DEFAULT NULL,
  `action_by` varchar(50) DEFAULT NULL,
  `delete_on` varchar(50) DEFAULT NULL,
  `delete_by` varchar(50) DEFAULT NULL,
  PRIMARY KEY (`id`)
) ENGINE=InnoDB AUTO_INCREMENT=39 DEFAULT CHARSET=latin1;

-- Dumping data for table staging_epro_kuarters_johor.quarters_category_inventory: ~38 rows (approximately)
/*!40000 ALTER TABLE `quarters_category_inventory` DISABLE KEYS */;
INSERT INTO `quarters_category_inventory` (`id`, `quarters_category_id`, `inventory_id`, `price`, `data_status`, `action_on`, `action_by`, `delete_on`, `delete_by`) VALUES
	(1, 35, 3, 190.00, 0, '2022-10-31 06:31:47', '140', '2022-11-10 10:22:18', '202'),
	(2, 41, NULL, NULL, 0, '2022-10-30 03:52:06', '68', '2022-11-10 10:18:02', '202'),
	(3, 14, 2, 100.00, 1, '2022-10-31 06:31:59', '140', NULL, NULL),
	(4, 14, 3, 20.00, 1, '2022-10-31 06:31:59', '140', NULL, NULL),
	(5, 14, 10, 1500.00, 1, '2022-10-31 06:31:59', '140', NULL, NULL),
	(6, 24, 3, 70.00, 1, '2022-10-31 06:07:00', '10', NULL, NULL),
	(7, 24, 4, 99.00, 1, '2022-10-31 06:07:00', '10', NULL, NULL),
	(8, 35, 2, 150.00, 0, '2022-10-31 06:31:47', '140', '2022-11-10 10:22:18', '202'),
	(9, 42, NULL, NULL, 0, '2022-11-02 02:33:23', '10', '2022-11-02 02:33:45', '10'),
	(10, 43, 4, 200.00, 0, '2022-11-02 03:57:43', '10', '2022-11-10 10:18:25', '202'),
	(11, 43, 3, 50.00, 0, '2022-11-02 03:57:43', '10', '2022-11-10 10:18:25', '202'),
	(12, 43, 7, 2000.00, 0, '2022-11-02 03:57:43', '10', '2022-11-10 10:18:25', '202'),
	(13, 44, 2, 120.00, 0, '2022-11-02 16:25:22', '10', '2022-11-10 10:19:10', '202'),
	(14, 44, 10, 120.00, 0, '2022-11-02 16:25:22', '10', '2022-11-10 10:19:10', '202'),
	(15, 44, 4, 150.00, 0, '2022-11-02 16:25:22', '10', '2022-11-10 10:19:10', '202'),
	(16, 44, 7, 250.00, 0, '2022-11-02 16:25:22', '10', '2022-11-10 10:19:10', '202'),
	(17, 44, 0, 0.00, 0, '2022-11-02 16:18:07', '10', '2022-11-10 10:19:10', '202'),
	(18, 45, NULL, NULL, 0, '2022-11-02 16:25:47', '10', '2022-11-02 16:26:14', '10'),
	(19, 46, 2, 250.00, 0, '2022-11-03 04:24:08', '10', '2022-11-10 10:08:52', '202'),
	(20, 46, 10, 1000.00, 0, '2022-11-03 04:24:08', '10', '2022-11-10 10:08:52', '202'),
	(21, 46, 7, 450.00, 0, '2022-11-03 04:07:36', '10', '2022-11-10 10:08:52', '202'),
	(22, 46, 10, 1500.00, 0, '2022-11-03 04:07:36', '10', '2022-11-10 10:08:52', '202'),
	(23, 46, 10, 1250.00, 0, '2022-11-03 04:24:08', '10', '2022-11-10 10:08:52', '202'),
	(24, 46, 10, 1300.00, 0, '2022-11-03 04:24:08', '10', '2022-11-10 10:08:52', '202'),
	(25, 47, 2, 650.00, 0, '2022-11-03 04:21:13', '10', '2022-11-03 04:39:09', '10'),
	(26, 47, 4, 70.00, 0, '2022-11-03 04:21:13', '10', '2022-11-03 04:39:09', '10'),
	(27, 47, 4, 70.00, 0, '2022-11-03 04:21:13', '10', '2022-11-03 04:39:09', '10'),
	(28, 47, 4, 70.00, 0, '2022-11-03 04:21:13', '10', '2022-11-03 04:39:09', '10'),
	(29, 47, 2, 650.00, 0, '2022-11-03 04:21:13', '10', '2022-11-03 04:39:09', '10'),
	(30, 47, 2, 650.00, 0, '2022-11-03 04:21:13', '10', '2022-11-03 04:39:09', '10'),
	(31, 34, 0, 0.00, 1, '2022-11-04 17:44:30', '10', NULL, NULL),
	(32, 15, 16, 70.00, 1, '2022-11-05 14:02:41', '10', NULL, NULL),
	(33, 48, 19, 800.00, 0, '2022-11-06 01:45:57', '10', '2022-11-06 01:50:05', '10'),
	(34, 48, 16, 560.00, 0, '2022-11-06 01:45:42', '10', '2022-11-06 01:50:05', '10'),
	(35, 49, 4, 280.00, 0, '2022-11-06 02:43:03', '10', '2022-11-10 10:18:07', '202'),
	(36, 49, 2, 999.99, 0, '2022-11-06 02:43:03', '10', '2022-11-10 10:18:07', '202'),
	(37, 50, 3, 900.00, 0, '2022-11-06 03:59:30', '10', '2022-11-06 04:19:36', '10'),
	(38, 51, NULL, NULL, 1, '2022-11-06 08:06:15', '189', NULL, NULL);
/*!40000 ALTER TABLE `quarters_category_inventory` ENABLE KEYS */;

-- Dumping structure for table staging_epro_kuarters_johor.quarters_cat_class
CREATE TABLE IF NOT EXISTS `quarters_cat_class` (
  `id` int(11) NOT NULL AUTO_INCREMENT,
  `q_cat_id` int(11) DEFAULT NULL,
  `q_class_id` int(11) DEFAULT NULL,
  `data_status` tinyint(4) DEFAULT '1',
  `action_by` int(11) DEFAULT NULL,
  `action_on` datetime DEFAULT NULL,
  `delete_by` int(11) DEFAULT NULL,
  `delete_on` datetime DEFAULT NULL,
  PRIMARY KEY (`id`),
  KEY `FK_quarters_cat_class_quarters_category` (`q_cat_id`),
  KEY `FK_quarters_cat_class_quarters_class` (`q_class_id`),
  KEY `FK_quarters_cat_class_users` (`action_by`),
  KEY `FK_quarters_cat_class_users_2` (`delete_by`),
  CONSTRAINT `FK_quarters_cat_class_quarters_category` FOREIGN KEY (`q_cat_id`) REFERENCES `quarters_category` (`id`) ON DELETE NO ACTION ON UPDATE NO ACTION,
  CONSTRAINT `FK_quarters_cat_class_quarters_class` FOREIGN KEY (`q_class_id`) REFERENCES `quarters_class` (`id`) ON DELETE NO ACTION ON UPDATE NO ACTION,
  CONSTRAINT `FK_quarters_cat_class_users` FOREIGN KEY (`action_by`) REFERENCES `users` (`id`) ON DELETE NO ACTION ON UPDATE NO ACTION,
  CONSTRAINT `FK_quarters_cat_class_users_2` FOREIGN KEY (`delete_by`) REFERENCES `users` (`id`) ON DELETE NO ACTION ON UPDATE NO ACTION
) ENGINE=InnoDB AUTO_INCREMENT=345 DEFAULT CHARSET=latin1;

-- Dumping data for table staging_epro_kuarters_johor.quarters_cat_class: ~381 rows (approximately)
/*!40000 ALTER TABLE `quarters_cat_class` DISABLE KEYS */;
INSERT INTO `quarters_cat_class` (`id`, `q_cat_id`, `q_class_id`, `data_status`, `action_by`, `action_on`, `delete_by`, `delete_on`) VALUES
	(1, 1, 1, 0, 10, '2022-10-11 04:21:05', 68, '2022-10-11 08:37:24'),
	(2, 2, 2, 0, 10, '2022-10-10 04:00:11', 10, '2022-10-10 04:00:49'),
	(3, 3, 1, 0, 10, '2022-10-10 04:01:23', 10, '2022-10-11 04:18:45'),
	(4, 4, 1, 0, 10, '2022-10-10 04:01:38', 10, '2022-10-11 03:59:45'),
	(5, 4, 2, 0, 10, '2022-10-10 04:01:38', 10, '2022-10-11 03:59:45'),
	(6, 5, 2, 0, 10, '2022-10-10 04:02:11', 10, '2022-10-11 04:18:58'),
	(7, 1, 1, 0, 10, '2022-10-10 06:13:17', 68, '2022-10-11 08:37:24'),
	(8, 1, 1, 0, 10, '2022-10-10 06:13:45', 68, '2022-10-11 08:37:24'),
	(9, 4, 2, 0, 10, '2022-10-10 06:14:10', 10, '2022-10-11 03:59:45'),
	(10, 4, 1, 0, 110, '2022-10-11 02:57:43', 10, '2022-10-11 03:59:45'),
	(11, 4, 1, 0, 10, '2022-10-10 06:14:35', 10, '2022-10-11 03:59:45'),
	(12, 4, 1, 0, 10, '2022-10-10 06:16:36', 10, '2022-10-11 03:59:45'),
	(13, 4, 1, 0, 68, '2022-10-10 07:05:58', 10, '2022-10-11 03:59:45'),
	(14, 6, 2, 0, 68, '2022-10-10 07:06:25', 68, '2022-10-10 07:28:13'),
	(15, 6, 1, 0, 68, '2022-10-10 07:28:42', 68, '2022-10-11 08:35:30'),
	(16, 6, 1, 0, 68, '2022-10-10 07:28:42', 68, '2022-10-11 08:35:30'),
	(17, 7, 2, 0, 68, '2022-10-10 07:30:58', 68, '2022-10-10 07:31:21'),
	(18, 7, 1, 0, 68, '2022-10-10 07:33:33', 10, '2022-10-11 03:45:37'),
	(19, 7, 1, 0, 68, '2022-10-10 07:33:33', 10, '2022-10-11 03:45:37'),
	(20, 8, 5, 0, 110, '2022-10-11 02:26:44', 110, '2022-10-11 02:31:08'),
	(21, 8, 8, 0, 110, '2022-10-11 02:26:44', 110, '2022-10-11 02:31:08'),
	(22, 8, 5, 0, 110, '2022-10-11 02:29:11', 110, '2022-10-11 02:31:08'),
	(23, 8, 7, 0, 110, '2022-10-11 02:29:11', 110, '2022-10-11 02:31:08'),
	(24, 4, 7, 0, 110, '2022-10-11 02:57:09', 10, '2022-10-11 03:59:45'),
	(25, 4, 7, 0, 110, '2022-10-11 02:57:43', 10, '2022-10-11 03:59:45'),
	(26, 9, 17, 0, 10, '2022-10-11 03:45:11', 10, '2022-10-12 04:20:13'),
	(27, 7, 17, 0, 10, '2022-10-11 03:45:37', 10, '2022-10-12 04:23:37'),
	(28, 10, 17, 0, 10, '2022-10-11 04:00:21', 10, '2022-10-12 02:14:46'),
	(29, 11, 17, 0, 10, '2022-10-11 04:04:13', 10, '2022-10-12 04:21:11'),
	(30, 12, 17, 0, 10, '2022-10-11 04:04:35', 15, '2022-10-11 08:03:52'),
	(31, 13, 17, 0, 10, '2022-10-11 04:04:53', 10, '2022-10-12 04:21:32'),
	(32, 14, 17, 0, 10, '2022-10-11 04:05:48', 10, '2022-10-11 04:18:04'),
	(33, 15, 17, 0, 10, '2022-10-11 04:07:42', 10, '2022-10-12 04:13:03'),
	(34, 16, 17, 0, 10, '2022-10-11 04:08:02', 10, '2022-10-12 02:18:28'),
	(35, 17, 17, 0, 10, '2022-10-11 04:08:26', 10, '2022-10-12 04:22:20'),
	(36, 18, 17, 0, 10, '2022-10-11 04:08:50', 202, '2022-11-10 10:21:52'),
	(37, 19, 17, 0, 10, '2022-10-11 04:09:07', 10, '2022-10-11 04:12:29'),
	(38, 20, 12, 0, 10, '2022-10-11 04:09:40', 10, '2022-10-11 04:13:08'),
	(39, 21, 12, 1, 10, '2022-10-11 04:10:00', NULL, NULL),
	(40, 22, 12, 0, 10, '2022-10-11 04:10:35', 10, '2022-10-11 04:12:03'),
	(41, 23, 13, 1, 10, '2022-10-11 04:11:03', NULL, NULL),
	(42, 24, 13, 0, 10, '2022-10-11 04:11:21', 10, '2022-10-31 06:07:00'),
	(43, 22, 12, 1, 10, '2022-10-11 04:12:03', NULL, NULL),
	(44, 22, 13, 1, 10, '2022-10-11 04:12:03', NULL, NULL),
	(45, 19, 13, 1, 10, '2022-10-11 04:12:29', NULL, NULL),
	(46, 19, 17, 1, 10, '2022-10-11 04:12:29', NULL, NULL),
	(47, 20, 12, 1, 10, '2022-10-11 04:13:08', NULL, NULL),
	(48, 20, 13, 1, 10, '2022-10-11 04:13:08', NULL, NULL),
	(49, 25, 13, 0, 10, '2022-10-11 04:13:56', 10, '2022-10-12 04:16:00'),
	(50, 26, 13, 1, 10, '2022-10-11 04:14:15', NULL, NULL),
	(51, 27, 15, 1, 10, '2022-10-11 04:14:35', NULL, NULL),
	(52, 28, 15, 0, 10, '2022-10-11 04:14:57', 10, '2022-10-11 04:17:34'),
	(53, 29, 11, 0, 68, '2022-10-11 04:15:11', 10, '2022-10-11 04:18:24'),
	(54, 29, 12, 0, 68, '2022-10-11 04:15:12', 10, '2022-10-11 04:18:24'),
	(55, 29, 13, 0, 68, '2022-10-11 04:15:12', 10, '2022-10-11 04:18:24'),
	(56, 14, 15, 0, 10, '2022-10-11 04:18:04', 68, '2022-10-11 06:57:50'),
	(57, 14, 17, 0, 10, '2022-10-11 04:18:04', 68, '2022-10-11 06:57:50'),
	(58, 1, 17, 0, 10, '2022-10-11 04:21:05', 68, '2022-10-11 08:37:24'),
	(59, 30, 13, 0, 10, '2022-10-11 04:22:19', 68, '2022-10-11 08:34:50'),
	(60, 30, 14, 0, 10, '2022-10-11 04:22:19', 68, '2022-10-11 08:34:50'),
	(61, 30, 15, 0, 10, '2022-10-11 04:22:19', 68, '2022-10-11 08:34:50'),
	(62, 31, 13, 0, 10, '2022-10-11 04:22:59', 10, '2022-10-12 04:30:04'),
	(63, 31, 14, 0, 10, '2022-10-11 04:22:59', 10, '2022-10-12 04:30:04'),
	(64, 31, 15, 0, 10, '2022-10-11 04:22:59', 10, '2022-10-12 04:30:04'),
	(65, 31, 16, 0, 10, '2022-10-11 04:22:59', 10, '2022-10-12 04:30:04'),
	(66, 31, 17, 0, 10, '2022-10-11 04:22:59', 10, '2022-10-12 04:30:04'),
	(67, 31, 18, 0, 10, '2022-10-11 04:22:59', 10, '2022-10-12 04:30:04'),
	(68, 32, 15, 0, 10, '2022-10-11 04:23:44', 68, '2022-10-11 06:58:55'),
	(69, 32, 16, 0, 10, '2022-10-11 04:23:44', 68, '2022-10-11 06:58:55'),
	(70, 33, 15, 0, 10, '2022-10-11 04:24:04', 10, '2022-10-12 04:32:51'),
	(71, 33, 16, 0, 10, '2022-10-11 04:24:04', 10, '2022-10-12 04:32:51'),
	(72, 33, 17, 0, 10, '2022-10-11 04:24:04', 10, '2022-10-12 04:32:51'),
	(73, 33, 18, 0, 10, '2022-10-11 04:24:04', 10, '2022-10-12 04:32:51'),
	(74, 34, 15, 0, 10, '2022-10-11 04:24:27', 10, '2022-11-04 17:44:29'),
	(75, 34, 16, 0, 10, '2022-10-11 04:24:27', 10, '2022-11-04 17:44:29'),
	(76, 34, 17, 0, 10, '2022-10-11 04:24:27', 10, '2022-11-04 17:44:29'),
	(77, 34, 18, 0, 10, '2022-10-11 04:24:27', 10, '2022-11-04 17:44:29'),
	(78, 35, 15, 0, 10, '2022-10-11 04:24:44', 202, '2022-11-10 10:22:18'),
	(79, 35, 16, 0, 10, '2022-10-11 04:24:44', 202, '2022-11-10 10:22:18'),
	(80, 35, 17, 0, 10, '2022-10-11 04:24:44', 202, '2022-11-10 10:22:18'),
	(81, 35, 18, 0, 10, '2022-10-11 04:24:44', 202, '2022-11-10 10:22:18'),
	(82, 36, 15, 0, 10, '2022-10-11 04:25:06', 202, '2022-11-10 10:18:50'),
	(83, 36, 16, 0, 10, '2022-10-11 04:25:06', 202, '2022-11-10 10:18:50'),
	(84, 36, 17, 0, 10, '2022-10-11 04:25:06', 202, '2022-11-10 10:18:50'),
	(85, 36, 18, 0, 10, '2022-10-11 04:25:06', 202, '2022-11-10 10:18:50'),
	(86, 37, 15, 1, 10, '2022-10-11 04:25:23', NULL, NULL),
	(87, 37, 16, 1, 10, '2022-10-11 04:25:23', NULL, NULL),
	(88, 37, 17, 1, 10, '2022-10-11 04:25:23', NULL, NULL),
	(89, 37, 18, 1, 10, '2022-10-11 04:25:23', NULL, NULL),
	(90, 38, 15, 1, 10, '2022-10-11 04:25:43', NULL, NULL),
	(91, 38, 16, 1, 10, '2022-10-11 04:25:43', NULL, NULL),
	(92, 38, 17, 1, 10, '2022-10-11 04:25:43', NULL, NULL),
	(93, 38, 18, 1, 10, '2022-10-11 04:25:43', NULL, NULL),
	(94, 35, 14, 0, 10, '2022-10-11 04:54:33', 202, '2022-11-10 10:22:18'),
	(95, 35, 15, 0, 10, '2022-10-11 04:54:33', 202, '2022-11-10 10:22:18'),
	(96, 35, 16, 0, 10, '2022-10-11 04:54:33', 202, '2022-11-10 10:22:18'),
	(97, 35, 18, 0, 10, '2022-10-11 04:54:33', 202, '2022-11-10 10:22:18'),
	(98, 35, 15, 0, 10, '2022-10-11 04:54:42', 202, '2022-11-10 10:22:18'),
	(99, 35, 16, 0, 10, '2022-10-11 04:54:42', 202, '2022-11-10 10:22:18'),
	(100, 35, 18, 0, 10, '2022-10-11 04:54:42', 202, '2022-11-10 10:22:18'),
	(101, 14, 15, 0, 68, '2022-10-11 06:57:50', 106, '2022-10-11 07:01:25'),
	(102, 32, 15, 0, 68, '2022-10-11 06:58:55', 120, '2022-10-11 07:09:07'),
	(103, 32, 16, 0, 68, '2022-10-11 06:58:55', 120, '2022-10-11 07:09:07'),
	(104, 35, 15, 0, 110, '2022-10-11 07:01:25', 202, '2022-11-10 10:22:18'),
	(105, 35, 16, 0, 110, '2022-10-11 07:01:25', 202, '2022-11-10 10:22:18'),
	(106, 35, 18, 0, 110, '2022-10-11 07:01:25', 202, '2022-11-10 10:22:18'),
	(107, 14, 13, 0, 106, '2022-10-11 07:01:25', 106, '2022-10-11 07:01:52'),
	(108, 14, 11, 0, 106, '2022-10-11 07:01:52', 15, '2022-10-11 07:13:16'),
	(109, 25, 13, 0, 120, '2022-10-11 07:02:36', 10, '2022-10-12 04:16:00'),
	(110, 25, 13, 0, 10, '2022-10-11 07:06:25', 10, '2022-10-12 04:16:00'),
	(111, 32, 15, 0, 120, '2022-10-11 07:09:07', 15, '2022-10-11 07:10:42'),
	(112, 32, 16, 0, 120, '2022-10-11 07:09:07', 15, '2022-10-11 07:10:42'),
	(113, 35, 11, 0, 15, '2022-10-11 07:09:40', 202, '2022-11-10 10:22:18'),
	(114, 35, 18, 0, 15, '2022-10-11 07:09:40', 202, '2022-11-10 10:22:18'),
	(115, 35, 15, 0, 15, '2022-10-11 07:10:02', 202, '2022-11-10 10:22:18'),
	(116, 35, 16, 0, 15, '2022-10-11 07:10:02', 202, '2022-11-10 10:22:18'),
	(117, 35, 18, 0, 15, '2022-10-11 07:10:02', 202, '2022-11-10 10:22:18'),
	(118, 32, 15, 0, 15, '2022-10-11 07:10:42', 15, '2022-10-11 07:11:50'),
	(119, 32, 16, 0, 15, '2022-10-11 07:10:42', 15, '2022-10-11 07:11:50'),
	(120, 32, 15, 0, 15, '2022-10-11 07:11:50', 10, '2022-10-12 04:15:28'),
	(121, 32, 16, 0, 15, '2022-10-11 07:11:50', 10, '2022-10-12 04:15:28'),
	(122, 14, 11, 0, 15, '2022-10-11 07:13:16', 15, '2022-10-11 07:14:20'),
	(123, 35, 18, 0, 136, '2022-10-11 07:13:39', 202, '2022-11-10 10:22:18'),
	(124, 14, 11, 0, 15, '2022-10-11 07:14:20', 10, '2022-10-12 04:14:55'),
	(125, 14, 18, 0, 15, '2022-10-11 07:14:20', 10, '2022-10-12 04:14:55'),
	(126, 12, 12, 0, 15, '2022-10-11 08:03:52', 10, '2022-10-12 04:18:39'),
	(127, 6, 11, 0, 68, '2022-10-11 08:35:30', 10, '2022-10-12 04:36:25'),
	(128, 1, 18, 0, 68, '2022-10-11 08:37:24', 140, '2022-11-06 09:03:05'),
	(129, 10, 12, 0, 10, '2022-10-12 02:14:46', 10, '2022-10-12 04:22:54'),
	(130, 16, 15, 0, 10, '2022-10-12 02:18:28', 10, '2022-10-12 04:24:24'),
	(131, 15, 19, 0, 10, '2022-10-12 04:13:03', 10, '2022-11-05 14:02:41'),
	(132, 35, 15, 0, 10, '2022-10-12 04:13:46', 202, '2022-11-10 10:22:18'),
	(133, 35, 16, 0, 10, '2022-10-12 04:13:46', 202, '2022-11-10 10:22:18'),
	(134, 35, 19, 0, 10, '2022-10-12 04:13:46', 202, '2022-11-10 10:22:18'),
	(135, 35, 18, 0, 10, '2022-10-12 04:13:46', 202, '2022-11-10 10:22:18'),
	(136, 14, 19, 0, 10, '2022-10-12 04:14:55', 68, '2022-10-30 07:26:46'),
	(137, 32, 15, 0, 10, '2022-10-12 04:15:28', 10, '2022-11-07 07:03:05'),
	(138, 32, 16, 0, 10, '2022-10-12 04:15:28', 10, '2022-11-07 07:03:05'),
	(139, 12, 19, 1, 10, '2022-10-12 04:18:39', NULL, NULL),
	(140, 9, 13, 1, 10, '2022-10-12 04:20:13', NULL, NULL),
	(141, 9, 19, 1, 10, '2022-10-12 04:20:13', NULL, NULL),
	(142, 11, 19, 1, 10, '2022-10-12 04:21:11', NULL, NULL),
	(143, 17, 19, 1, 10, '2022-10-12 04:22:20', NULL, NULL),
	(144, 10, 19, 1, 10, '2022-10-12 04:22:54', NULL, NULL),
	(145, 7, 19, 1, 10, '2022-10-12 04:23:37', NULL, NULL),
	(146, 16, 19, 1, 10, '2022-10-12 04:24:24', NULL, NULL),
	(147, 31, 13, 1, 10, '2022-10-12 04:30:04', NULL, NULL),
	(148, 31, 14, 1, 10, '2022-10-12 04:30:04', NULL, NULL),
	(149, 31, 15, 1, 10, '2022-10-12 04:30:04', NULL, NULL),
	(150, 31, 16, 1, 10, '2022-10-12 04:30:04', NULL, NULL),
	(151, 31, 19, 1, 10, '2022-10-12 04:30:04', NULL, NULL),
	(152, 31, 18, 1, 10, '2022-10-12 04:30:04', NULL, NULL),
	(153, 33, 15, 1, 10, '2022-10-12 04:32:51', NULL, NULL),
	(154, 33, 16, 1, 10, '2022-10-12 04:32:51', NULL, NULL),
	(155, 33, 19, 1, 10, '2022-10-12 04:32:51', NULL, NULL),
	(156, 33, 18, 1, 10, '2022-10-12 04:32:51', NULL, NULL),
	(157, 6, 14, 0, 10, '2022-10-12 04:36:25', 10, '2022-10-12 04:37:15'),
	(158, 6, 14, 1, 10, '2022-10-12 04:37:15', NULL, NULL),
	(159, 6, 15, 1, 10, '2022-10-12 04:37:15', NULL, NULL),
	(160, 39, 12, 0, 110, '2022-10-13 03:55:14', 110, '2022-10-13 03:57:31'),
	(161, 39, 16, 0, 110, '2022-10-13 03:55:14', 110, '2022-10-13 03:57:31'),
	(162, 40, 18, 0, 10, '2022-10-18 07:54:11', 10, '2022-10-18 08:02:31'),
	(163, 40, 12, 0, 10, '2022-10-18 08:00:41', 10, '2022-10-18 08:02:31'),
	(164, 40, 13, 0, 10, '2022-10-18 08:00:41', 10, '2022-10-18 08:02:31'),
	(165, 40, 14, 0, 10, '2022-10-18 08:00:41', 10, '2022-10-18 08:02:31'),
	(166, 40, 15, 0, 10, '2022-10-18 08:00:41', 10, '2022-10-18 08:02:31'),
	(167, 40, 16, 0, 10, '2022-10-18 08:00:41', 10, '2022-10-18 08:02:31'),
	(168, 40, 19, 0, 10, '2022-10-18 08:00:41', 10, '2022-10-18 08:02:31'),
	(169, 40, 18, 0, 10, '2022-10-18 08:00:41', 10, '2022-10-18 08:02:31'),
	(170, 35, 15, 0, 174, '2022-10-26 07:59:44', 202, '2022-11-10 10:22:18'),
	(171, 35, 16, 0, 174, '2022-10-26 07:59:44', 202, '2022-11-10 10:22:18'),
	(172, 35, 19, 0, 174, '2022-10-26 07:59:44', 202, '2022-11-10 10:22:18'),
	(173, 35, 18, 0, 174, '2022-10-26 07:59:44', 202, '2022-11-10 10:22:18'),
	(174, 41, 11, 0, 68, '2022-10-30 03:52:06', 202, '2022-11-10 10:18:01'),
	(175, 41, 12, 0, 68, '2022-10-30 03:52:06', 202, '2022-11-10 10:18:01'),
	(176, 41, 13, 0, 68, '2022-10-30 03:52:06', 202, '2022-11-10 10:18:01'),
	(177, 41, 14, 0, 68, '2022-10-30 03:52:06', 202, '2022-11-10 10:18:01'),
	(178, 41, 15, 0, 68, '2022-10-30 03:52:06', 202, '2022-11-10 10:18:01'),
	(179, 14, 19, 0, 68, '2022-10-30 07:26:46', 140, '2022-10-31 06:31:59'),
	(180, 24, 13, 0, 10, '2022-10-31 06:07:00', 138, '2022-11-13 12:17:00'),
	(181, 35, 15, 0, 140, '2022-10-31 06:31:47', 202, '2022-11-10 10:22:18'),
	(182, 35, 16, 0, 140, '2022-10-31 06:31:47', 202, '2022-11-10 10:22:18'),
	(183, 35, 19, 0, 140, '2022-10-31 06:31:47', 202, '2022-11-10 10:22:18'),
	(184, 35, 18, 0, 140, '2022-10-31 06:31:47', 202, '2022-11-10 10:22:18'),
	(185, 14, 19, 0, 140, '2022-10-31 06:31:59', 10, '2022-12-02 01:42:02'),
	(186, 42, 13, 0, 10, '2022-11-02 02:33:23', 10, '2022-11-02 02:33:45'),
	(187, 42, 14, 0, 10, '2022-11-02 02:33:23', 10, '2022-11-02 02:33:45'),
	(188, 43, 25, 0, 10, '2022-11-02 03:37:33', 202, '2022-11-10 10:18:25'),
	(189, 43, 11, 0, 10, '2022-11-02 03:57:43', 202, '2022-11-10 10:18:25'),
	(190, 43, 25, 0, 10, '2022-11-02 03:57:43', 202, '2022-11-10 10:18:25'),
	(191, 44, 11, 0, 10, '2022-11-02 15:59:30', 202, '2022-11-10 10:19:10'),
	(192, 44, 12, 0, 10, '2022-11-02 15:59:30', 202, '2022-11-10 10:19:10'),
	(193, 44, 11, 0, 10, '2022-11-02 16:18:07', 202, '2022-11-10 10:19:10'),
	(194, 44, 12, 0, 10, '2022-11-02 16:18:07', 202, '2022-11-10 10:19:10'),
	(195, 44, 11, 0, 10, '2022-11-02 16:25:22', 202, '2022-11-10 10:19:10'),
	(196, 44, 12, 0, 10, '2022-11-02 16:25:22', 202, '2022-11-10 10:19:10'),
	(197, 45, 11, 0, 10, '2022-11-02 16:25:47', 10, '2022-11-02 16:26:14'),
	(198, 46, 11, 0, 10, '2022-11-03 04:07:36', 202, '2022-11-10 10:08:52'),
	(199, 46, 30, 0, 10, '2022-11-03 04:07:36', 202, '2022-11-10 10:08:52'),
	(200, 46, 30, 0, 10, '2022-11-03 04:14:26', 202, '2022-11-10 10:08:52'),
	(201, 47, 30, 0, 10, '2022-11-03 04:17:38', 10, '2022-11-03 04:39:09'),
	(202, 47, 30, 0, 10, '2022-11-03 04:21:13', 10, '2022-11-03 04:39:09'),
	(203, 46, 30, 0, 10, '2022-11-03 04:24:08', 202, '2022-11-10 10:08:52'),
	(204, 34, 15, 1, 10, '2022-11-04 17:44:29', NULL, NULL),
	(205, 34, 16, 1, 10, '2022-11-04 17:44:30', NULL, NULL),
	(206, 34, 18, 1, 10, '2022-11-04 17:44:30', NULL, NULL),
	(207, 15, 19, 0, 10, '2022-11-05 14:02:41', 10, '2022-11-13 17:45:27'),
	(208, 48, 11, 0, 10, '2022-11-06 01:45:24', 10, '2022-11-06 01:50:05'),
	(209, 48, 12, 0, 10, '2022-11-06 01:45:24', 10, '2022-11-06 01:50:05'),
	(210, 48, 13, 0, 10, '2022-11-06 01:45:24', 10, '2022-11-06 01:50:05'),
	(211, 48, 11, 0, 10, '2022-11-06 01:45:42', 10, '2022-11-06 01:50:05'),
	(212, 48, 12, 0, 10, '2022-11-06 01:45:42', 10, '2022-11-06 01:50:05'),
	(213, 48, 14, 0, 10, '2022-11-06 01:45:42', 10, '2022-11-06 01:50:05'),
	(214, 48, 11, 0, 10, '2022-11-06 01:45:57', 10, '2022-11-06 01:50:05'),
	(215, 48, 12, 0, 10, '2022-11-06 01:45:57', 10, '2022-11-06 01:50:05'),
	(216, 48, 14, 0, 10, '2022-11-06 01:45:57', 10, '2022-11-06 01:50:05'),
	(217, 49, 11, 0, 10, '2022-11-06 02:43:03', 202, '2022-11-10 10:18:07'),
	(218, 49, 13, 0, 10, '2022-11-06 02:43:03', 202, '2022-11-10 10:18:07'),
	(219, 49, 15, 0, 10, '2022-11-06 02:43:03', 202, '2022-11-10 10:18:07'),
	(220, 50, 15, 0, 10, '2022-11-06 03:59:30', 10, '2022-11-06 04:19:36'),
	(221, 50, 16, 0, 10, '2022-11-06 03:59:30', 10, '2022-11-06 04:19:36'),
	(222, 51, 35, 1, 189, '2022-11-06 08:06:15', NULL, NULL),
	(223, 51, 37, 1, 189, '2022-11-06 08:06:15', NULL, NULL),
	(224, 1, 37, 0, 140, '2022-11-06 09:03:05', 10, '2022-11-07 07:06:49'),
	(225, 1, 14, 0, 140, '2022-11-06 09:03:05', 10, '2022-11-07 07:06:49'),
	(226, 1, 18, 0, 140, '2022-11-06 09:03:05', 10, '2022-11-07 07:06:49'),
	(227, 52, 11, 0, 140, '2022-11-07 02:36:41', 202, '2022-11-10 10:18:12'),
	(228, 52, 35, 0, 140, '2022-11-07 02:36:41', 202, '2022-11-10 10:18:12'),
	(229, 52, 12, 0, 140, '2022-11-07 02:36:41', 202, '2022-11-10 10:18:12'),
	(230, 52, 13, 0, 140, '2022-11-07 02:36:41', 202, '2022-11-10 10:18:12'),
	(231, 52, 37, 0, 140, '2022-11-07 02:36:41', 202, '2022-11-10 10:18:12'),
	(232, 52, 14, 0, 140, '2022-11-07 02:36:41', 202, '2022-11-10 10:18:12'),
	(233, 52, 15, 0, 140, '2022-11-07 02:36:41', 202, '2022-11-10 10:18:12'),
	(234, 52, 16, 0, 140, '2022-11-07 02:36:41', 202, '2022-11-10 10:18:12'),
	(235, 52, 19, 0, 140, '2022-11-07 02:36:41', 202, '2022-11-10 10:18:12'),
	(236, 52, 18, 0, 140, '2022-11-07 02:36:41', 202, '2022-11-10 10:18:12'),
	(237, 52, 31, 0, 140, '2022-11-07 02:36:41', 202, '2022-11-10 10:18:12'),
	(238, 52, 32, 0, 140, '2022-11-07 02:36:41', 202, '2022-11-10 10:18:12'),
	(239, 32, 11, 1, 10, '2022-11-07 07:03:05', NULL, NULL),
	(240, 32, 12, 1, 10, '2022-11-07 07:03:05', NULL, NULL),
	(241, 32, 13, 1, 10, '2022-11-07 07:03:05', NULL, NULL),
	(242, 32, 14, 1, 10, '2022-11-07 07:03:05', NULL, NULL),
	(243, 32, 15, 1, 10, '2022-11-07 07:03:05', NULL, NULL),
	(244, 32, 16, 1, 10, '2022-11-07 07:03:05', NULL, NULL),
	(245, 32, 19, 1, 10, '2022-11-07 07:03:05', NULL, NULL),
	(246, 32, 18, 1, 10, '2022-11-07 07:03:05', NULL, NULL),
	(247, 1, 11, 1, 10, '2022-11-07 07:06:49', NULL, NULL),
	(248, 1, 12, 1, 10, '2022-11-07 07:06:49', NULL, NULL),
	(249, 1, 13, 1, 10, '2022-11-07 07:06:49', NULL, NULL),
	(250, 1, 14, 1, 10, '2022-11-07 07:06:49', NULL, NULL),
	(251, 1, 15, 1, 10, '2022-11-07 07:06:49', NULL, NULL),
	(252, 1, 16, 1, 10, '2022-11-07 07:06:49', NULL, NULL),
	(253, 1, 19, 1, 10, '2022-11-07 07:06:49', NULL, NULL),
	(254, 1, 18, 1, 10, '2022-11-07 07:06:49', NULL, NULL),
	(255, 36, 15, 1, 202, '2022-11-10 10:18:50', NULL, NULL),
	(256, 36, 16, 1, 202, '2022-11-10 10:18:50', NULL, NULL),
	(257, 36, 18, 1, 202, '2022-11-10 10:18:50', NULL, NULL),
	(258, 53, 11, 1, 71, '2022-11-10 10:32:40', NULL, NULL),
	(259, 53, 12, 1, 71, '2022-11-10 10:32:40', NULL, NULL),
	(260, 54, 11, 0, 106, '2022-11-10 23:59:58', 106, '2022-11-11 00:08:33'),
	(261, 54, 11, 0, 106, '2022-11-11 00:07:27', 106, '2022-11-11 00:08:33'),
	(262, 54, 12, 0, 106, '2022-11-11 00:07:27', 106, '2022-11-11 00:08:33'),
	(263, 54, 13, 0, 106, '2022-11-11 00:07:27', 106, '2022-11-11 00:08:33'),
	(264, 55, 11, 0, 131, '2022-11-11 10:56:02', 131, '2022-11-11 10:58:31'),
	(265, 55, 11, 0, 131, '2022-11-11 10:58:17', 131, '2022-11-11 10:58:31'),
	(266, 55, 15, 0, 131, '2022-11-11 10:58:17', 131, '2022-11-11 10:58:31'),
	(267, 56, 41, 0, 130, '2022-11-11 11:03:22', 130, '2022-11-11 11:05:28'),
	(268, 56, 19, 0, 130, '2022-11-11 11:05:18', 130, '2022-11-11 11:05:28'),
	(269, 57, 11, 1, 202, '2022-11-11 13:01:31', NULL, NULL),
	(270, 57, 12, 1, 202, '2022-11-11 13:01:31', NULL, NULL),
	(271, 57, 13, 1, 202, '2022-11-11 13:01:31', NULL, NULL),
	(272, 57, 14, 1, 202, '2022-11-11 13:01:31', NULL, NULL),
	(273, 57, 15, 1, 202, '2022-11-11 13:01:31', NULL, NULL),
	(274, 57, 16, 1, 202, '2022-11-11 13:01:31', NULL, NULL),
	(275, 57, 19, 1, 202, '2022-11-11 13:01:31', NULL, NULL),
	(276, 57, 18, 1, 202, '2022-11-11 13:01:31', NULL, NULL),
	(277, 57, 41, 1, 202, '2022-11-11 13:01:31', NULL, NULL),
	(278, 24, 11, 0, 138, '2022-11-13 12:17:00', 138, '2022-11-23 16:36:01'),
	(279, 24, 12, 0, 138, '2022-11-13 12:17:00', 138, '2022-11-23 16:36:01'),
	(280, 24, 13, 0, 138, '2022-11-13 12:17:00', 138, '2022-11-23 16:36:01'),
	(281, 24, 14, 0, 138, '2022-11-13 12:17:00', 138, '2022-11-23 16:36:01'),
	(282, 24, 15, 0, 138, '2022-11-13 12:17:00', 138, '2022-11-23 16:36:01'),
	(283, 24, 16, 0, 138, '2022-11-13 12:17:00', 138, '2022-11-23 16:36:01'),
	(284, 24, 19, 0, 138, '2022-11-13 12:17:00', 138, '2022-11-23 16:36:01'),
	(285, 24, 18, 0, 138, '2022-11-13 12:17:00', 138, '2022-11-23 16:36:01'),
	(286, 24, 41, 0, 138, '2022-11-13 12:17:00', 138, '2022-11-23 16:36:01'),
	(287, 58, 11, 1, 140, '2022-11-13 16:14:01', NULL, NULL),
	(288, 58, 12, 1, 140, '2022-11-13 16:14:01', NULL, NULL),
	(289, 59, 12, 1, 140, '2022-11-13 16:14:14', NULL, NULL),
	(290, 59, 13, 1, 140, '2022-11-13 16:14:14', NULL, NULL),
	(291, 60, 13, 1, 140, '2022-11-13 16:14:36', NULL, NULL),
	(292, 60, 14, 1, 140, '2022-11-13 16:14:36', NULL, NULL),
	(293, 15, 11, 1, 10, '2022-11-13 17:45:27', NULL, NULL),
	(294, 15, 12, 1, 10, '2022-11-13 17:45:27', NULL, NULL),
	(295, 15, 13, 1, 10, '2022-11-13 17:45:27', NULL, NULL),
	(296, 15, 14, 1, 10, '2022-11-13 17:45:27', NULL, NULL),
	(297, 15, 15, 1, 10, '2022-11-13 17:45:27', NULL, NULL),
	(298, 15, 16, 1, 10, '2022-11-13 17:45:27', NULL, NULL),
	(299, 15, 19, 1, 10, '2022-11-13 17:45:27', NULL, NULL),
	(300, 15, 18, 1, 10, '2022-11-13 17:45:27', NULL, NULL),
	(301, 15, 41, 1, 10, '2022-11-13 17:45:27', NULL, NULL),
	(302, 61, 11, 1, 10, '2022-11-16 15:49:56', NULL, NULL),
	(303, 61, 12, 1, 10, '2022-11-16 15:49:56', NULL, NULL),
	(304, 62, 11, 0, 10, '2022-11-19 13:42:53', 10, '2022-11-19 13:59:38'),
	(305, 63, 11, 0, 10, '2022-11-19 14:03:24', 10, '2022-11-19 14:15:32'),
	(306, 63, 11, 0, 10, '2022-11-19 14:14:43', 10, '2022-11-19 14:15:32'),
	(307, 63, 12, 0, 10, '2022-11-19 14:14:43', 10, '2022-11-19 14:15:32'),
	(308, 64, 11, 0, 138, '2022-11-23 16:19:49', 138, '2022-11-23 16:36:55'),
	(309, 64, 18, 0, 138, '2022-11-23 16:19:49', 138, '2022-11-23 16:36:55'),
	(310, 64, 41, 0, 138, '2022-11-23 16:19:49', 138, '2022-11-23 16:36:55'),
	(311, 24, 11, 1, 138, '2022-11-23 16:36:01', NULL, NULL),
	(312, 24, 12, 1, 138, '2022-11-23 16:36:01', NULL, NULL),
	(313, 24, 13, 1, 138, '2022-11-23 16:36:01', NULL, NULL),
	(314, 24, 14, 1, 138, '2022-11-23 16:36:01', NULL, NULL),
	(315, 24, 15, 1, 138, '2022-11-23 16:36:01', NULL, NULL),
	(316, 24, 16, 1, 138, '2022-11-23 16:36:01', NULL, NULL),
	(317, 24, 19, 1, 138, '2022-11-23 16:36:01', NULL, NULL),
	(318, 24, 18, 1, 138, '2022-11-23 16:36:01', NULL, NULL),
	(319, 24, 41, 1, 138, '2022-11-23 16:36:01', NULL, NULL),
	(320, 65, 11, 1, 10, '2022-11-25 00:56:40', NULL, NULL),
	(321, 65, 12, 1, 10, '2022-11-25 00:56:40', NULL, NULL),
	(322, 65, 13, 1, 10, '2022-11-25 00:56:40', NULL, NULL),
	(323, 66, 12, 0, 10, '2022-11-30 10:19:54', 10, '2022-11-30 10:20:34'),
	(324, 66, 13, 0, 10, '2022-11-30 10:19:54', 10, '2022-11-30 10:20:34'),
	(325, 66, 14, 0, 10, '2022-11-30 10:19:54', 10, '2022-11-30 10:20:34'),
	(326, 66, 15, 0, 10, '2022-11-30 10:19:54', 10, '2022-11-30 10:20:34'),
	(327, 66, 16, 0, 10, '2022-11-30 10:19:54', 10, '2022-11-30 10:20:34'),
	(328, 66, 19, 0, 10, '2022-11-30 10:19:54', 10, '2022-11-30 10:20:34'),
	(329, 66, 18, 0, 10, '2022-11-30 10:19:54', 10, '2022-11-30 10:20:34'),
	(330, 66, 47, 0, 10, '2022-11-30 10:19:54', 10, '2022-11-30 10:20:34'),
	(331, 66, 13, 0, 10, '2022-11-30 10:20:23', 10, '2022-11-30 10:20:34'),
	(332, 66, 14, 0, 10, '2022-11-30 10:20:23', 10, '2022-11-30 10:20:34'),
	(333, 66, 15, 0, 10, '2022-11-30 10:20:23', 10, '2022-11-30 10:20:34'),
	(334, 66, 16, 0, 10, '2022-11-30 10:20:23', 10, '2022-11-30 10:20:34'),
	(335, 66, 19, 0, 10, '2022-11-30 10:20:23', 10, '2022-11-30 10:20:34'),
	(336, 66, 18, 0, 10, '2022-11-30 10:20:23', 10, '2022-11-30 10:20:34'),
	(337, 67, 19, 0, 274, '2022-11-30 10:25:52', 279, '2022-11-30 11:51:52'),
	(338, 67, 15, 1, 279, '2022-11-30 11:51:52', NULL, NULL),
	(339, 67, 19, 1, 279, '2022-11-30 11:51:52', NULL, NULL),
	(340, 68, 11, 1, 10, '2022-12-02 01:35:52', NULL, NULL),
	(341, 69, 11, 0, 10, '2022-12-02 01:41:13', 10, '2022-12-02 01:43:49'),
	(342, 14, 11, 0, 10, '2022-12-02 01:42:02', 10, '2022-12-02 01:45:03'),
	(343, 14, 19, 0, 10, '2022-12-02 01:42:02', 10, '2022-12-02 01:45:03'),
	(344, 14, 19, 1, 10, '2022-12-02 01:45:03', NULL, NULL);
/*!40000 ALTER TABLE `quarters_cat_class` ENABLE KEYS */;

-- Dumping structure for table staging_epro_kuarters_johor.quarters_cat_maintenance_fee
CREATE TABLE IF NOT EXISTS `quarters_cat_maintenance_fee` (
  `id` int(11) NOT NULL AUTO_INCREMENT,
  `q_cat_id` int(11) DEFAULT NULL,
  `m_fee_id` int(11) DEFAULT NULL,
  `data_status` tinyint(4) DEFAULT '1',
  `action_by` int(11) DEFAULT NULL,
  `action_on` datetime DEFAULT NULL,
  `delete_by` int(11) DEFAULT NULL,
  `delete_on` datetime DEFAULT NULL,
  PRIMARY KEY (`id`),
  KEY `FK_quarters_cat_maintenance_fee_quarters_category` (`q_cat_id`),
  KEY `FK_quarters_cat_maintenance_fee_maintenance_fee` (`m_fee_id`),
  KEY `FK_quarters_cat_maintenance_fee_users` (`action_by`),
  KEY `FK_quarters_cat_maintenance_fee_users_2` (`delete_by`),
  CONSTRAINT `FK_quarters_cat_maintenance_fee_maintenance_fee` FOREIGN KEY (`m_fee_id`) REFERENCES `maintenance_fee` (`id`),
  CONSTRAINT `FK_quarters_cat_maintenance_fee_quarters_category` FOREIGN KEY (`q_cat_id`) REFERENCES `quarters_category` (`id`),
  CONSTRAINT `FK_quarters_cat_maintenance_fee_users` FOREIGN KEY (`action_by`) REFERENCES `users` (`id`) ON DELETE NO ACTION ON UPDATE NO ACTION,
  CONSTRAINT `FK_quarters_cat_maintenance_fee_users_2` FOREIGN KEY (`delete_by`) REFERENCES `users` (`id`) ON DELETE NO ACTION ON UPDATE NO ACTION
) ENGINE=InnoDB AUTO_INCREMENT=4 DEFAULT CHARSET=latin1;

-- Dumping data for table staging_epro_kuarters_johor.quarters_cat_maintenance_fee: ~2 rows (approximately)
/*!40000 ALTER TABLE `quarters_cat_maintenance_fee` DISABLE KEYS */;
INSERT INTO `quarters_cat_maintenance_fee` (`id`, `q_cat_id`, `m_fee_id`, `data_status`, `action_by`, `action_on`, `delete_by`, `delete_on`) VALUES
	(2, 1, 1, 1, 10, NULL, NULL, NULL),
	(3, 1, 2, 1, NULL, NULL, NULL, NULL);
/*!40000 ALTER TABLE `quarters_cat_maintenance_fee` ENABLE KEYS */;

-- Dumping structure for table staging_epro_kuarters_johor.quarters_class
CREATE TABLE IF NOT EXISTS `quarters_class` (
  `id` int(11) NOT NULL AUTO_INCREMENT,
  `class_name` varchar(255) DEFAULT NULL,
  `district_id` int(11) NOT NULL DEFAULT '1',
  `data_status` tinyint(4) DEFAULT '1',
  `action_by` int(11) DEFAULT NULL,
  `action_on` datetime DEFAULT NULL,
  `delete_by` int(11) DEFAULT NULL,
  `delete_on` datetime DEFAULT NULL,
  PRIMARY KEY (`id`),
  KEY `FK_quarters_class_users` (`action_by`),
  KEY `FK_quarters_class_users_2` (`delete_by`),
  CONSTRAINT `FK_quarters_class_users` FOREIGN KEY (`action_by`) REFERENCES `users` (`id`) ON DELETE NO ACTION ON UPDATE NO ACTION,
  CONSTRAINT `FK_quarters_class_users_2` FOREIGN KEY (`delete_by`) REFERENCES `users` (`id`) ON DELETE NO ACTION ON UPDATE NO ACTION
) ENGINE=InnoDB AUTO_INCREMENT=52 DEFAULT CHARSET=latin1;

-- Dumping data for table staging_epro_kuarters_johor.quarters_class: ~51 rows (approximately)
/*!40000 ALTER TABLE `quarters_class` DISABLE KEYS */;
INSERT INTO `quarters_class` (`id`, `class_name`, `district_id`, `data_status`, `action_by`, `action_on`, `delete_by`, `delete_on`) VALUES
	(1, 'KELAS A', 1, 0, 68, '2022-10-10 04:26:34', 118, NULL),
	(2, 'KELAS B', 1, 0, 68, '2022-10-10 04:27:07', 118, NULL),
	(3, 'C', 1, 0, 110, '2022-10-11 02:18:57', 118, NULL),
	(4, 'D', 1, 0, 110, '2022-10-11 02:20:40', 110, NULL),
	(5, 'A', 1, 0, 110, '2022-10-11 02:54:49', 106, NULL),
	(6, 'B', 1, 0, 110, '2022-10-11 02:21:59', 10, NULL),
	(7, 'KELAS A', 1, 0, 10, '2022-10-11 02:57:20', 118, NULL),
	(8, 'ABD', 1, 0, 110, '2022-10-11 02:23:07', 118, NULL),
	(9, 'ABCD', 1, 0, 68, '2022-10-11 02:52:31', 118, NULL),
	(10, 'KELAS C', 1, 0, 10, '2022-10-11 02:56:15', 118, NULL),
	(11, 'A', 1, 1, 274, '2022-11-30 10:18:08', NULL, NULL),
	(12, 'B', 1, 1, 10, '2022-10-17 02:33:26', NULL, NULL),
	(13, 'C', 1, 1, 10, '2022-10-12 03:21:17', NULL, NULL),
	(14, 'D', 1, 1, 10, '2022-10-12 03:58:31', NULL, NULL),
	(15, 'E', 1, 1, 10, '2022-10-12 04:04:23', NULL, NULL),
	(16, 'F', 1, 1, 10, '2022-10-12 04:08:21', NULL, NULL),
	(17, 'G', 1, 0, 118, '2022-10-11 03:31:17', 106, NULL),
	(18, 'H', 1, 1, 10, '2022-10-12 04:11:09', NULL, NULL),
	(19, 'G', 1, 1, 10, '2022-10-12 04:10:32', NULL, NULL),
	(20, 'AZ', 1, 0, 10, '2022-10-12 00:55:09', 10, NULL),
	(21, 'ABCD', 1, 0, 68, '2022-10-12 02:15:09', 10, NULL),
	(22, 'PPP', 1, 0, 10, '2022-10-12 03:16:22', 10, NULL),
	(23, 'QWERT', 1, 0, 110, '2022-10-13 03:39:53', 110, NULL),
	(24, 'YYY', 1, 0, 10, '2022-10-18 07:50:08', 10, NULL),
	(25, 'KAYANGAN', 1, 0, 10, '2022-11-02 03:08:21', 10, NULL),
	(26, 'FG', 1, 0, 140, '2022-11-02 04:51:57', 140, NULL),
	(27, 'XOXO!!!', 1, 0, 10, '2022-11-02 09:08:03', 10, NULL),
	(28, 'KUARTERS KAYANGAN 007', 1, 0, 10, '2022-11-03 03:27:20', 10, NULL),
	(29, 'KELAS KUARTERS KAYANGAN', 1, 0, 10, '2022-11-03 03:31:10', 10, NULL),
	(30, 'KUARTER KAYANGAN', 1, 0, 10, '2022-11-03 04:32:50', 10, NULL),
	(31, 'KAYANGAN', 1, 0, 10, '2022-11-03 04:37:17', 10, NULL),
	(32, 'KAYANGAN 2', 1, 0, 10, '2022-11-03 04:54:01', 10, NULL),
	(33, 'TEST', 1, 0, 10, '2022-11-05 14:01:35', 10, NULL),
	(34, 'TESTING', 1, 0, 10, '2022-11-06 01:31:20', 10, NULL),
	(35, 'AB', 1, 0, 189, '2022-11-06 02:49:13', 10, NULL),
	(36, 'CUBA', 1, 0, 10, '2022-11-06 03:49:27', 10, NULL),
	(37, 'CD', 1, 0, 189, '2022-11-06 06:38:05', 10, NULL),
	(38, 'Z', 1, 0, 10, '2022-11-07 03:35:15', 10, NULL),
	(39, 'XYZ2022', 1, 0, 106, '2022-11-10 22:58:54', 106, NULL),
	(40, 'L', 1, 0, 105, '2022-11-11 10:50:26', 105, NULL),
	(41, 'Z', 1, 1, 10, '2022-11-11 10:53:04', NULL, NULL),
	(42, 'DG', 1, 0, 10, '2022-11-11 10:52:36', 130, NULL),
	(43, 'UNDI', 1, 0, 10, '2022-11-19 13:22:20', 10, NULL),
	(44, 'HIH', 1, 0, 10, '2022-11-21 11:25:23', 10, NULL),
	(45, 'TEST', 1, 0, 10, '2022-11-23 09:48:04', 10, NULL),
	(46, 'A21', 1, 0, 138, '2022-11-23 16:10:51', 138, NULL),
	(47, 'I', 1, 1, 140, '2022-11-30 10:17:10', NULL, NULL),
	(48, 'TEST A', 1, 0, 278, '2022-11-30 10:18:30', 278, NULL),
	(49, 'TEST RN', 1, 0, 10, '2022-11-30 10:18:18', 10, NULL),
	(50, 'ZZZZZZ', 1, 1, 10, '2022-11-30 10:18:16', NULL, NULL),
	(51, 'WC2022 BRAZIL', 1, 0, 10, '2022-12-02 01:28:09', 10, NULL);
/*!40000 ALTER TABLE `quarters_class` ENABLE KEYS */;

-- Dumping structure for table staging_epro_kuarters_johor.quarters_class_grade
CREATE TABLE IF NOT EXISTS `quarters_class_grade` (
  `id` int(11) NOT NULL AUTO_INCREMENT,
  `q_class_id` int(11) DEFAULT NULL,
  `p_grade_id` int(11) DEFAULT NULL,
  `rental_fee` decimal(10,2) DEFAULT NULL,
  `officer_type_id` int(11) DEFAULT NULL,
  `services_type_id` int(11) DEFAULT NULL,
  `data_status` tinyint(4) DEFAULT '1',
  `action_by` int(11) DEFAULT NULL,
  `action_on` datetime DEFAULT NULL,
  `delete_by` int(11) DEFAULT NULL,
  `delete_on` datetime DEFAULT NULL,
  PRIMARY KEY (`id`),
  KEY `FK_quarters_class_grade_quarters_class` (`q_class_id`),
  KEY `FK_quarters_class_grade_position_grade` (`p_grade_id`),
  KEY `FK_quarters_class_grade_users` (`action_by`),
  KEY `FK_quarters_class_grade_users_2` (`delete_by`),
  KEY `FK_quarters_class_grade_officer_type` (`officer_type_id`),
  CONSTRAINT `FK_quarters_class_grade_officer_type` FOREIGN KEY (`officer_type_id`) REFERENCES `officer_type` (`id`) ON DELETE NO ACTION ON UPDATE NO ACTION,
  CONSTRAINT `FK_quarters_class_grade_position_grade` FOREIGN KEY (`p_grade_id`) REFERENCES `position_grade` (`id`) ON DELETE NO ACTION ON UPDATE NO ACTION,
  CONSTRAINT `FK_quarters_class_grade_quarters_class` FOREIGN KEY (`q_class_id`) REFERENCES `quarters_class` (`id`) ON DELETE NO ACTION ON UPDATE NO ACTION,
  CONSTRAINT `FK_quarters_class_grade_users` FOREIGN KEY (`action_by`) REFERENCES `users` (`id`) ON DELETE NO ACTION ON UPDATE NO ACTION,
  CONSTRAINT `FK_quarters_class_grade_users_2` FOREIGN KEY (`delete_by`) REFERENCES `users` (`id`) ON DELETE NO ACTION ON UPDATE NO ACTION
) ENGINE=InnoDB AUTO_INCREMENT=182 DEFAULT CHARSET=latin1;

-- Dumping data for table staging_epro_kuarters_johor.quarters_class_grade: ~181 rows (approximately)
/*!40000 ALTER TABLE `quarters_class_grade` DISABLE KEYS */;
INSERT INTO `quarters_class_grade` (`id`, `q_class_id`, `p_grade_id`, `rental_fee`, `officer_type_id`, `services_type_id`, `data_status`, `action_by`, `action_on`, `delete_by`, `delete_on`) VALUES
	(1, 1, 6, 900.00, NULL, 4, 0, 68, '2022-10-10 04:26:34', 118, '2022-10-11 01:55:57'),
	(2, 2, 5, 750.00, NULL, 2, 0, 68, '2022-10-10 04:27:07', 118, '2022-10-11 01:56:00'),
	(3, 2, 6, 750.00, NULL, 4, 0, 68, '2022-10-10 04:27:07', 118, '2022-10-11 01:56:00'),
	(4, 1, 6, 900.00, NULL, 1, 0, 68, '2022-10-10 04:26:34', 118, '2022-10-11 01:55:57'),
	(5, 1, 6, 900.00, NULL, 3, 0, 68, '2022-10-10 04:26:34', 118, '2022-10-11 01:55:57'),
	(6, 1, 6, 900.00, NULL, 2, 0, 68, '2022-10-10 04:26:34', 118, '2022-10-11 01:55:57'),
	(7, 2, 5, 700.00, NULL, 1, 0, 68, '2022-10-10 04:27:07', 118, '2022-10-11 01:56:00'),
	(8, 2, 5, 700.00, NULL, 3, 0, 68, '2022-10-10 04:27:07', 118, '2022-10-11 01:56:00'),
	(9, 3, 19, 250.00, NULL, 1, 0, 110, '2022-10-11 02:18:57', 118, '2022-10-11 02:17:00'),
	(10, 3, 14, 500.00, NULL, 4, 1, 110, '2022-10-11 02:18:57', NULL, NULL),
	(11, 4, 20, 300.00, NULL, 2, 0, 110, '2022-10-11 02:20:40', 110, '2022-10-11 02:21:05'),
	(12, 4, 21, 200.00, NULL, 2, 0, 110, '2022-10-11 02:19:52', 110, '2022-10-11 02:21:05'),
	(13, 4, 20, 400.00, NULL, 3, 0, 110, '2022-10-11 02:20:40', 110, '2022-10-11 02:21:05'),
	(14, 5, 16, 500.00, NULL, 1, 0, 110, '2022-10-11 02:54:49', 106, '2022-10-11 02:55:57'),
	(15, 6, 20, 500.00, NULL, 1, 0, 110, '2022-10-11 02:21:59', 10, '2022-10-11 02:57:54'),
	(16, 7, 5, 100.00, NULL, 1, 0, 10, '2022-10-11 02:57:20', 118, '2022-10-11 02:57:54'),
	(17, 8, 23, 400.00, NULL, 3, 0, 110, '2022-10-11 02:23:07', 118, '2022-10-11 02:57:47'),
	(18, 9, 6, 500.00, NULL, 1, 0, 68, '2022-10-11 02:52:31', 118, '2022-10-11 02:57:43'),
	(19, 10, 5, 75.00, NULL, 1, 0, 10, '2022-10-11 02:56:15', 118, '2022-10-11 02:57:57'),
	(20, 10, 18, 75.00, NULL, 2, 0, 10, '2022-10-11 02:56:15', 118, '2022-10-11 02:57:57'),
	(21, 10, 5, 75.00, NULL, 1, 0, 10, '2022-10-11 02:56:15', 118, '2022-10-11 02:57:57'),
	(22, 10, 18, 75.00, NULL, 2, 0, 10, '2022-10-11 02:56:15', 118, '2022-10-11 02:57:57'),
	(23, 7, 5, 120.00, NULL, 2, 0, 10, '2022-10-11 02:57:20', 118, '2022-10-11 02:57:54'),
	(24, 7, 52, 85.00, NULL, 1, 0, 10, '2022-10-11 02:57:20', 118, '2022-10-11 02:57:54'),
	(25, 7, 52, 95.00, NULL, 2, 0, 10, '2022-10-11 02:57:20', 118, '2022-10-11 02:57:54'),
	(26, 11, 63, 550.00, NULL, 1, 0, 68, '2022-10-12 03:14:18', 274, '2022-11-30 10:17:39'),
	(27, 11, 5, 30.00, NULL, 3, 1, 274, '2022-11-30 10:18:08', NULL, NULL),
	(28, 11, 5, 350.00, NULL, 3, 0, 10, '2022-10-12 03:03:45', 68, '2022-10-12 03:14:11'),
	(29, 12, 64, 415.00, NULL, 1, 1, 10, '2022-10-17 02:33:26', NULL, NULL),
	(30, 12, 64, 415.00, NULL, 3, 1, 10, '2022-10-17 02:33:26', NULL, NULL),
	(31, 13, 11, 25.00, NULL, 1, 1, 10, '2022-10-12 03:21:17', NULL, NULL),
	(32, 13, 12, 25.00, NULL, 1, 1, 10, '2022-10-12 03:21:17', NULL, NULL),
	(33, 13, 11, 295.00, NULL, 3, 1, 10, '2022-10-12 03:21:17', NULL, NULL),
	(34, 13, 12, 295.00, NULL, 3, 1, 10, '2022-10-12 03:21:17', NULL, NULL),
	(35, 14, 6, 25.00, NULL, 1, 1, 10, '2022-10-12 03:58:31', NULL, NULL),
	(36, 14, 6, 175.00, NULL, 3, 1, 10, '2022-10-12 03:58:31', NULL, NULL),
	(37, 14, 20, 25.00, NULL, 1, 1, 10, '2022-10-12 03:58:31', NULL, NULL),
	(38, 14, 20, 175.00, NULL, 3, 1, 10, '2022-10-12 03:58:31', NULL, NULL),
	(39, 14, 21, 25.00, NULL, 1, 1, 10, '2022-10-12 03:58:31', NULL, NULL),
	(40, 14, 21, 175.00, NULL, 3, 1, 10, '2022-10-12 03:58:31', NULL, NULL),
	(41, 14, 24, 25.00, NULL, 1, 1, 10, '2022-10-12 03:58:31', NULL, NULL),
	(42, 14, 24, 175.00, NULL, 3, 1, 10, '2022-10-12 03:58:31', NULL, NULL),
	(43, 14, 25, 25.00, NULL, 1, 1, 10, '2022-10-12 03:58:31', NULL, NULL),
	(44, 14, 25, 175.00, NULL, 3, 1, 10, '2022-10-12 03:58:31', NULL, NULL),
	(45, 14, 15, 25.00, NULL, 1, 1, 10, '2022-10-12 03:58:31', NULL, NULL),
	(46, 14, 15, 175.00, NULL, 3, 1, 10, '2022-10-12 03:58:31', NULL, NULL),
	(47, 14, 17, 180.00, NULL, 1, 0, 118, '2022-10-11 03:10:00', 10, '2022-10-12 03:29:58'),
	(48, 14, 32, 180.00, NULL, 1, 0, 118, '2022-10-11 03:10:00', 10, '2022-10-12 03:29:54'),
	(49, 14, 17, 150.00, NULL, 1, 0, 118, '2022-10-11 03:10:00', 10, '2022-10-12 03:29:49'),
	(50, 14, 32, 150.00, NULL, 1, 0, 118, '2022-10-11 03:10:00', 10, '2022-10-12 03:29:44'),
	(51, 15, 17, 130.00, NULL, 1, 1, 10, '2022-10-12 04:04:23', NULL, NULL),
	(52, 15, 17, 130.00, NULL, 3, 1, 10, '2022-10-12 04:04:23', NULL, NULL),
	(53, 15, 32, 130.00, NULL, 1, 1, 10, '2022-10-12 04:04:23', NULL, NULL),
	(54, 15, 32, 130.00, NULL, 3, 1, 10, '2022-10-12 04:04:23', NULL, NULL),
	(55, 15, 30, 130.00, NULL, 1, 1, 10, '2022-10-12 04:04:23', NULL, NULL),
	(56, 15, 30, 130.00, NULL, 3, 1, 10, '2022-10-12 04:04:23', NULL, NULL),
	(57, 15, 26, 130.00, NULL, 1, 1, 10, '2022-10-12 04:04:23', NULL, NULL),
	(58, 15, 26, 130.00, NULL, 3, 1, 10, '2022-10-12 04:04:23', NULL, NULL),
	(59, 16, 45, 85.00, NULL, 1, 1, 10, '2022-10-12 04:08:21', NULL, NULL),
	(60, 16, 45, 85.00, NULL, 3, 1, 10, '2022-10-12 04:08:21', NULL, NULL),
	(61, 16, 34, 85.00, NULL, 1, 1, 10, '2022-10-12 04:08:21', NULL, NULL),
	(62, 16, 34, 85.00, NULL, 3, 1, 10, '2022-10-12 04:08:21', NULL, NULL),
	(63, 16, 38, 85.00, NULL, 1, 1, 10, '2022-10-12 04:08:21', NULL, NULL),
	(64, 16, 38, 85.00, NULL, 3, 1, 10, '2022-10-12 04:08:21', NULL, NULL),
	(65, 16, 38, 85.00, NULL, 1, 1, 10, '2022-10-12 04:08:21', NULL, NULL),
	(66, 16, 38, 85.00, NULL, 3, 1, 10, '2022-10-12 04:08:21', NULL, NULL),
	(67, 17, 55, 100.00, NULL, 3, 0, 118, '2022-10-11 03:31:17', 106, '2022-10-11 04:41:28'),
	(68, 17, 52, 100.00, NULL, 1, 0, 118, '2022-10-11 03:31:17', 106, '2022-10-11 04:41:28'),
	(69, 17, 52, 100.00, NULL, 3, 0, 118, '2022-10-11 03:31:17', 106, '2022-10-11 04:41:28'),
	(70, 17, 50, 100.00, NULL, 3, 0, 118, '2022-10-11 03:31:17', 106, '2022-10-11 04:41:28'),
	(71, 17, 48, 100.00, NULL, 3, 0, 118, '2022-10-11 03:31:17', 106, '2022-10-11 04:41:28'),
	(72, 17, 42, 80.00, NULL, 1, 0, 118, '2022-10-11 03:31:17', 106, '2022-10-11 04:41:28'),
	(73, 17, 42, 80.00, NULL, 3, 0, 118, '2022-10-11 03:31:17', 106, '2022-10-11 04:41:28'),
	(74, 18, 60, 15.00, NULL, 1, 1, 10, '2022-10-12 04:11:09', NULL, NULL),
	(75, 18, 60, 15.00, NULL, 3, 1, 10, '2022-10-12 04:11:09', NULL, NULL),
	(76, 19, 40, 35.00, NULL, 1, 1, 10, '2022-10-12 04:10:32', NULL, NULL),
	(77, 19, 40, 35.00, NULL, 3, 1, 10, '2022-10-12 04:10:32', NULL, NULL),
	(78, 20, 14, 160.00, NULL, 1, 0, 10, '2022-10-12 00:55:09', 10, '2022-10-12 00:55:16'),
	(79, 21, 12, 200.00, NULL, 1, 0, 68, '2022-10-12 02:15:09', 10, '2022-10-12 03:05:28'),
	(80, 22, 5, 200.00, NULL, 1, 0, 10, '2022-10-12 03:16:22', 10, '2022-10-12 03:16:27'),
	(81, 22, 6, 200.00, NULL, 1, 0, 10, '2022-10-12 03:15:11', 10, '2022-10-12 03:16:27'),
	(82, 13, 14, 295.00, NULL, 1, 1, 10, '2022-10-12 03:21:17', NULL, NULL),
	(83, 13, 14, 295.00, NULL, 3, 1, 10, '2022-10-12 03:21:17', NULL, NULL),
	(84, 13, 14, 295.00, NULL, 2, 1, 10, '2022-10-12 03:21:17', NULL, NULL),
	(85, 13, 14, 295.00, NULL, 4, 1, 10, '2022-10-12 03:21:17', NULL, NULL),
	(86, 13, 13, 295.00, NULL, 1, 1, 10, '2022-10-12 03:21:17', NULL, NULL),
	(87, 13, 13, 295.00, NULL, 3, 1, 10, '2022-10-12 03:21:17', NULL, NULL),
	(88, 13, 13, 295.00, NULL, 2, 1, 10, '2022-10-12 03:21:17', NULL, NULL),
	(89, 13, 13, 295.00, NULL, 4, 1, 10, '2022-10-12 03:21:17', NULL, NULL),
	(90, 14, 13, 25.00, NULL, 1, 1, 10, '2022-10-12 03:58:31', NULL, NULL),
	(91, 14, 13, 175.00, NULL, 3, 1, 10, '2022-10-12 03:58:31', NULL, NULL),
	(92, 14, 14, 25.00, NULL, 1, 1, 10, '2022-10-12 03:58:31', NULL, NULL),
	(93, 14, 14, 175.00, NULL, 3, 1, 10, '2022-10-12 03:58:31', NULL, NULL),
	(94, 14, 6, 175.00, NULL, 2, 1, 10, '2022-10-12 03:58:31', NULL, NULL),
	(95, 14, 6, 175.00, NULL, 4, 1, 10, '2022-10-12 03:58:31', NULL, NULL),
	(96, 14, 20, 175.00, NULL, 2, 1, 10, '2022-10-12 03:58:31', NULL, NULL),
	(97, 14, 20, 175.00, NULL, 4, 1, 10, '2022-10-12 03:58:31', NULL, NULL),
	(98, 14, 24, 175.00, NULL, 2, 1, 10, '2022-10-12 03:58:31', NULL, NULL),
	(99, 14, 24, 175.00, NULL, 4, 1, 10, '2022-10-12 03:58:31', NULL, NULL),
	(100, 14, 15, 175.00, NULL, 2, 1, 10, '2022-10-12 03:58:31', NULL, NULL),
	(101, 14, 15, 175.00, NULL, 4, 1, 10, '2022-10-12 03:58:31', NULL, NULL),
	(102, 15, 18, 130.00, NULL, 1, 1, 10, '2022-10-12 04:04:23', NULL, NULL),
	(103, 15, 18, 130.00, NULL, 3, 1, 10, '2022-10-12 04:04:23', NULL, NULL),
	(104, 15, 5, 130.00, NULL, 1, 1, 10, '2022-10-12 04:04:23', NULL, NULL),
	(105, 15, 5, 130.00, NULL, 3, 1, 10, '2022-10-12 04:04:23', NULL, NULL),
	(106, 15, 35, 130.00, NULL, 1, 1, 10, '2022-10-12 04:04:23', NULL, NULL),
	(107, 15, 35, 130.00, NULL, 3, 1, 10, '2022-10-12 04:04:23', NULL, NULL),
	(108, 15, 34, 130.00, NULL, 1, 1, 10, '2022-10-12 04:04:23', NULL, NULL),
	(109, 15, 34, 130.00, NULL, 3, 1, 10, '2022-10-12 04:04:23', NULL, NULL),
	(110, 16, 36, 85.00, NULL, 1, 1, 10, '2022-10-12 04:08:21', NULL, NULL),
	(111, 16, 36, 85.00, NULL, 3, 1, 10, '2022-10-12 04:08:21', NULL, NULL),
	(112, 19, 42, 35.00, NULL, 1, 1, 10, '2022-10-12 04:10:32', NULL, NULL),
	(113, 19, 42, 35.00, NULL, 3, 1, 10, '2022-10-12 04:10:32', NULL, NULL),
	(114, 19, 44, 35.00, NULL, 1, 1, 10, '2022-10-12 04:10:32', NULL, NULL),
	(115, 19, 44, 35.00, NULL, 3, 1, 10, '2022-10-12 04:10:32', NULL, NULL),
	(116, 19, 46, 35.00, NULL, 1, 1, 10, '2022-10-12 04:10:32', NULL, NULL),
	(117, 19, 46, 35.00, NULL, 3, 1, 10, '2022-10-12 04:10:32', NULL, NULL),
	(118, 19, 48, 35.00, NULL, 1, 1, 10, '2022-10-12 04:10:32', NULL, NULL),
	(119, 19, 48, 35.00, NULL, 3, 1, 10, '2022-10-12 04:10:32', NULL, NULL),
	(120, 19, 50, 35.00, NULL, 1, 1, 10, '2022-10-12 04:10:32', NULL, NULL),
	(121, 19, 50, 35.00, NULL, 3, 1, 10, '2022-10-12 04:10:32', NULL, NULL),
	(122, 19, 52, 35.00, NULL, 1, 1, 10, '2022-10-12 04:10:32', NULL, NULL),
	(123, 19, 52, 35.00, NULL, 3, 1, 10, '2022-10-12 04:10:32', NULL, NULL),
	(124, 19, 55, 35.00, NULL, 1, 1, 10, '2022-10-12 04:10:32', NULL, NULL),
	(125, 19, 55, 35.00, NULL, 3, 1, 10, '2022-10-12 04:10:32', NULL, NULL),
	(126, 18, 61, 15.00, NULL, 1, 1, 10, '2022-10-12 04:11:09', NULL, NULL),
	(127, 18, 61, 15.00, NULL, 3, 1, 10, '2022-10-12 04:11:09', NULL, NULL),
	(128, 23, 5, 300.00, NULL, 1, 0, 110, '2022-10-13 03:39:53', 110, '2022-10-13 03:54:48'),
	(129, 23, 12, 200.00, NULL, 2, 0, 110, '2022-10-13 03:39:53', 110, '2022-10-13 03:54:48'),
	(130, 24, 12, 1100.00, NULL, 2, 0, 10, '2022-10-18 07:50:08', 10, '2022-10-18 07:51:07'),
	(131, 25, 5, 200.00, NULL, 1, 0, 10, '2022-11-02 02:16:10', 10, '2022-11-02 15:53:43'),
	(132, 25, 6, 250.00, NULL, 1, 0, 10, '2022-11-02 03:08:21', 10, '2022-11-02 15:53:43'),
	(133, 25, 24, 250.00, NULL, 1, 0, 10, '2022-11-02 03:08:21', 10, '2022-11-02 15:53:43'),
	(134, 26, 26, 200.00, NULL, 1, 0, 140, '2022-11-02 04:51:57', 140, '2022-11-02 04:52:57'),
	(135, 26, 14, 400.00, NULL, 2, 0, 140, '2022-11-02 04:51:57', 140, '2022-11-02 04:52:57'),
	(136, 27, 28, 200.00, NULL, 1, 0, 10, '2022-11-02 09:08:03', 10, '2022-11-02 09:09:09'),
	(137, 28, 12, 450.00, NULL, 1, 0, 10, '2022-11-03 03:27:20', 10, '2022-11-03 03:27:29'),
	(138, 29, 12, 400.00, NULL, 1, 0, 10, '2022-11-03 03:31:10', 10, '2022-11-03 03:45:10'),
	(139, 30, 12, 420.00, NULL, 3, 0, 10, '2022-11-03 04:32:50', 10, '2022-11-03 04:36:28'),
	(140, 30, 12, 420.00, NULL, 3, 0, 10, '2022-11-03 04:32:50', 10, '2022-11-03 04:36:28'),
	(141, 31, 14, 350.00, NULL, 1, 0, 10, '2022-11-03 04:37:17', 10, '2022-11-07 03:06:14'),
	(142, 31, 14, 350.00, NULL, 1, 0, 10, '2022-11-03 04:37:17', 10, '2022-11-07 03:06:14'),
	(143, 32, 6, 10.00, NULL, 1, 0, 10, '2022-11-03 04:54:01', 10, '2022-11-07 03:06:28'),
	(144, 32, 6, 10.00, NULL, 1, 0, 10, '2022-11-03 04:54:01', 10, '2022-11-07 03:06:28'),
	(145, 33, 12, 89.00, NULL, 2, 0, 10, '2022-11-05 14:01:35', 10, '2022-11-05 14:01:42'),
	(146, 34, 24, 550.00, NULL, 1, 0, 10, '2022-11-06 01:31:20', 10, '2022-11-06 01:36:55'),
	(147, 34, 27, 560.00, NULL, 2, 0, 10, '2022-11-06 01:31:20', 10, '2022-11-06 01:36:55'),
	(148, 35, 66, 500.00, NULL, 1, 0, 189, '2022-11-06 02:49:13', 10, '2022-11-07 03:05:40'),
	(149, 36, 25, 80.00, NULL, 2, 0, 10, '2022-11-06 03:45:16', 10, '2022-11-06 03:49:54'),
	(150, 36, 17, 800.00, NULL, 2, 0, 10, '2022-11-06 03:49:27', 10, '2022-11-06 03:49:54'),
	(151, 37, 6, 300.00, NULL, 2, 0, 189, '2022-11-06 06:38:05', 10, '2022-11-07 03:05:52'),
	(152, 38, 66, 590.00, NULL, 1, 0, 10, '2022-11-07 03:35:15', 10, '2022-11-07 03:35:27'),
	(153, 38, 14, 550.00, NULL, 2, 0, 10, '2022-11-07 03:35:15', 10, '2022-11-07 03:35:27'),
	(154, 39, 6, 120.00, NULL, 1, 0, 106, '2022-11-10 22:58:54', 106, '2022-11-10 22:59:53'),
	(155, 39, 28, 520.00, NULL, 3, 0, 106, '2022-11-10 22:58:54', 106, '2022-11-10 22:59:53'),
	(156, 40, 61, 300.00, NULL, 4, 0, 105, '2022-11-11 10:50:26', 105, '2022-11-11 10:53:06'),
	(157, 40, 38, 400.00, NULL, 2, 0, 105, '2022-11-11 10:50:26', 105, '2022-11-11 10:53:06'),
	(158, 40, 18, 500.00, NULL, 1, 0, 105, '2022-11-11 10:50:26', 105, '2022-11-11 10:53:06'),
	(159, 41, 31, 500.00, NULL, 1, 1, 10, '2022-11-11 10:53:04', NULL, NULL),
	(160, 41, 6, 200.00, NULL, 2, 1, 10, '2022-11-11 10:53:04', NULL, NULL),
	(161, 41, 57, 400.00, NULL, 1, 1, 10, '2022-11-11 10:53:04', NULL, NULL),
	(162, 41, 40, 424.00, NULL, 2, 1, 10, '2022-11-11 10:53:04', NULL, NULL),
	(163, 42, 52, 2.00, NULL, 4, 0, 10, '2022-11-11 10:52:36', 130, '2022-11-11 10:58:02'),
	(164, 43, 28, 179.00, NULL, 4, 0, 10, '2022-11-19 13:22:20', 10, '2022-11-19 13:28:59'),
	(165, 44, 63, 9.00, NULL, 3, 0, 10, '2022-11-21 11:25:23', 10, '2022-11-21 11:25:32'),
	(166, 45, 42, 8.00, NULL, 2, 0, 10, '2022-11-23 09:48:04', 10, '2022-11-23 09:48:37'),
	(167, 46, 47, 50.00, NULL, 2, 0, 138, '2022-11-23 16:10:51', 138, '2022-11-23 16:11:02'),
	(168, 46, 49, 2.00, NULL, 2, 0, 138, '2022-11-23 16:10:51', 138, '2022-11-23 16:11:02'),
	(169, 46, 44, 1.00, NULL, 1, 0, 138, '2022-11-23 16:10:51', 138, '2022-11-23 16:11:02'),
	(170, 46, 44, 1.00, NULL, 4, 0, 138, '2022-11-23 16:10:51', 138, '2022-11-23 16:11:02'),
	(171, 46, 44, 1.00, NULL, 3, 0, 138, '2022-11-23 16:10:51', 138, '2022-11-23 16:11:02'),
	(172, 46, 58, 1.00, NULL, 4, 0, 138, '2022-11-23 16:10:51', 138, '2022-11-23 16:11:02'),
	(173, 47, 60, 10.00, NULL, 3, 1, 140, '2022-11-30 10:17:10', NULL, NULL),
	(174, 48, 5, 200.00, NULL, 3, 0, 278, '2022-11-30 10:18:30', 278, '2022-11-30 10:18:39'),
	(175, 49, 5, 250.00, NULL, 1, 0, 10, '2022-11-30 10:18:18', 10, '2022-11-30 10:18:26'),
	(176, 49, 5, 250.00, NULL, 3, 0, 10, '2022-11-30 10:18:18', 10, '2022-11-30 10:18:26'),
	(177, 49, 5, 250.00, NULL, 2, 0, 10, '2022-11-30 10:18:18', 10, '2022-11-30 10:18:26'),
	(178, 49, 5, 250.00, NULL, 4, 0, 10, '2022-11-30 10:18:18', 10, '2022-11-30 10:18:26'),
	(179, 49, 5, 300.00, NULL, 5, 0, 10, '2022-11-30 10:18:18', 10, '2022-11-30 10:18:26'),
	(180, 50, 49, 300.00, NULL, 2, 1, 10, '2022-11-30 10:18:16', NULL, NULL),
	(181, 51, 28, 230.00, NULL, 3, 0, 10, '2022-12-02 01:28:09', 10, '2022-12-02 01:31:03');
/*!40000 ALTER TABLE `quarters_class_grade` ENABLE KEYS */;

-- Dumping structure for table staging_epro_kuarters_johor.quarters_condition
CREATE TABLE IF NOT EXISTS `quarters_condition` (
  `id` int(11) NOT NULL AUTO_INCREMENT,
  `name` varchar(255) DEFAULT NULL,
  `data_status` int(11) DEFAULT '1',
  PRIMARY KEY (`id`)
) ENGINE=InnoDB AUTO_INCREMENT=4 DEFAULT CHARSET=latin1;

-- Dumping data for table staging_epro_kuarters_johor.quarters_condition: ~3 rows (approximately)
/*!40000 ALTER TABLE `quarters_condition` DISABLE KEYS */;
INSERT INTO `quarters_condition` (`id`, `name`, `data_status`) VALUES
	(1, 'BAIK', 1),
	(2, 'SEDANG DISELENGGARA', 1),
	(3, 'ROSAK', 1);
/*!40000 ALTER TABLE `quarters_condition` ENABLE KEYS */;

-- Dumping structure for table staging_epro_kuarters_johor.quarters_images
CREATE TABLE IF NOT EXISTS `quarters_images` (
  `id` int(11) NOT NULL AUTO_INCREMENT,
  `quarters_id` int(11) DEFAULT NULL,
  `path_image` varchar(255) DEFAULT NULL,
  `status_data` int(11) DEFAULT '1',
  `action_on` varchar(50) DEFAULT NULL,
  `action_by` varchar(50) DEFAULT NULL,
  `delete_on` varchar(50) DEFAULT NULL,
  `delete_by` varchar(50) DEFAULT NULL,
  PRIMARY KEY (`id`)
) ENGINE=InnoDB AUTO_INCREMENT=216 DEFAULT CHARSET=latin1;

-- Dumping data for table staging_epro_kuarters_johor.quarters_images: ~103 rows (approximately)
/*!40000 ALTER TABLE `quarters_images` DISABLE KEYS */;
INSERT INTO `quarters_images` (`id`, `quarters_id`, `path_image`, `status_data`, `action_on`, `action_by`, `delete_on`, `delete_by`) VALUES
	(1, 373, 'complaint/damage_others/r8I1PW61Dhh2fNXRtYkpubUzmv9i7Pf5ZcitdU2g.jpg', 1, '2022-10-27 04:24:37', '107', NULL, NULL),
	(2, 374, 'complaint/damage_others/r8I1PW61Dhh2fNXRtYkpubUzmv9i7Pf5ZcitdU2g.jpg', 1, '2022-10-27 04:24:37', '107', NULL, NULL),
	(7, 379, 'complaint/damage_others/ATo0Ekx7q1QEZWrgQG1p4RZOH3faTTQRgLUk5QNx.jpg', 1, '2022-10-27 04:33:12', '110', NULL, NULL),
	(8, 380, 'complaint/damage_others/L5zlcOZmDGP2p439ZQWba7Nnkq6ePNYB8zs685CP.jpg', 1, '2022-10-27 04:34:45', '110', NULL, NULL),
	(9, 381, 'complaint/damage_others/L5zlcOZmDGP2p439ZQWba7Nnkq6ePNYB8zs685CP.jpg', 1, '2022-10-27 04:34:45', '110', NULL, NULL),
	(10, 382, 'complaint/damage_others/2D4EFF87xjwSXT7gEuZo4VejRZ3WeWcTPR0yxfLp.jpg', 1, '2022-10-27 04:44:25', '110', NULL, NULL),
	(11, 383, 'complaint/damage_others/2D4EFF87xjwSXT7gEuZo4VejRZ3WeWcTPR0yxfLp.jpg', 1, '2022-10-27 04:44:25', '110', NULL, NULL),
	(12, 384, 'complaint/damage_others/gO4Jimr70nkGJWNaA8Fl6itqfEl2MH6x0D8wU9Jp.jpg', 1, '2022-10-27 06:51:35', '110', NULL, NULL),
	(15, 387, 'complaint/damage_others/Q8UJA7kCU2UF8SJYEOJ9kWf1yIzpyPvsBHY8TOIj.jpg', 1, '2022-10-31 01:23:25', '68', NULL, NULL),
	(16, 388, 'complaint/damage_others/Q8UJA7kCU2UF8SJYEOJ9kWf1yIzpyPvsBHY8TOIj.jpg', 1, '2022-10-31 01:23:25', '68', NULL, NULL),
	(17, 389, 'complaint/damage_others/Q8UJA7kCU2UF8SJYEOJ9kWf1yIzpyPvsBHY8TOIj.jpg', 1, '2022-10-31 01:23:25', '68', NULL, NULL),
	(18, 390, 'complaint/damage_others/ZJIlIqNMKQVW7852wNc9dS4QoB8Emm6ugHxZfW4g.jpg', 1, '2022-10-31 02:36:14', '10', NULL, NULL),
	(19, 391, 'complaint/damage_others/Am9w9XW24N8IOTuM7nuYZly1IF4bI5FXEoGhXihf.jpg', 1, '2022-10-31 03:44:39', '10', NULL, NULL),
	(20, 392, 'complaint/damage_others/pEMXVzvR9p2uwyfRVUK8CFqyDvM9gHtKPZ8KQuUv.jpg', 1, '2022-10-31 04:22:18', '10', NULL, NULL),
	(21, 393, 'complaint/damage_others/9BGRnrwDbUhatb2DRqC0nNvUR7YBe7CHGgPIUTdH.jpg', 1, '2022-10-31 04:28:30', '10', NULL, NULL),
	(22, 394, 'complaint/damage_others/FFILPMkAQ7vFzx7zjBn49yDuT4433akQqw2NPjo2.jpg', 1, '2022-10-31 04:46:37', '10', NULL, NULL),
	(23, 395, 'complaint/damage_others/u8P27k0Mwt920GSF0iIxeigQFMS0RWZImYqiUD46.jpg', 1, '2022-10-31 04:56:07', '10', NULL, NULL),
	(24, 396, 'complaint/damage_others/suPJoj3fH7brH3y13SKhL5AYH2SL392VZVx03Mrg.jpg', 1, '2022-10-31 06:13:31', '10', NULL, NULL),
	(25, 397, 'complaint/damage_others/bVQFP0hCj8ezDz5bQ2zJ4xpnlnPl1ksH192rqOEh.jpg', 1, '2022-11-01 01:00:19', '10', NULL, NULL),
	(26, 398, 'complaint/damage_others/bVQFP0hCj8ezDz5bQ2zJ4xpnlnPl1ksH192rqOEh.jpg', 1, '2022-11-01 01:00:19', '10', NULL, NULL),
	(27, 399, 'complaint/damage_others/O80SLwWF0P7PAtNOctTXci63RoZoWd3u13VYHY4w.jpg', 1, '2022-11-01 01:06:07', '10', NULL, NULL),
	(29, 402, 'complaint/damage_others/Afdo8fKjAEnYPufRyR8iP3RnwpvzsxQu3X25ughI.png', 1, '2022-11-03 13:15:29', '68', NULL, NULL),
	(30, 403, 'complaint/damage_others/Afdo8fKjAEnYPufRyR8iP3RnwpvzsxQu3X25ughI.png', 1, '2022-11-03 13:15:29', '68', NULL, NULL),
	(31, 360, 'complaint/damage_others/HPfAQQn9jbsnHnRNDOxXSHscjrbZ4cvmgbtTSVYU.jpg', 1, '2022-11-04 01:55:27', '10', NULL, NULL),
	(32, 404, 'complaint/damage_others/3SNoF69ez5VrcObqavvaY290OR6bmHqdyF2UhLEB.jpg', 1, '2022-11-04 02:37:11', '10', NULL, NULL),
	(33, 406, 'complaint/damage_others/26snkDcZxlUr4kX1xnMDsGCpBMUjCwWyoI3TPbus.jpg', 1, '2022-11-04 03:13:37', '10', NULL, NULL),
	(35, 419, 'complaint/damage_others/j8bgJUbvTHyn8qsXTfONHLuaY4x2Y670Jx4GktJx.jpg', 1, '2022-11-04 03:41:42', '10', NULL, NULL),
	(41, 409, 'complaint/damage_others/k7qtc8QX8DjCwsbXgKIC3I0NMoAYKe6aNVlE5lrc.pdf', 1, '2022-11-04 04:40:23', '10', NULL, NULL),
	(42, 407, 'complaint/damage_others/hKx9CeHGMirvQcUMSd04BSiXiJn9iJ4IW1ZtrbQc.pdf', 1, '2022-11-04 04:40:48', '10', NULL, NULL),
	(43, 408, 'complaint/damage_others/kq2tYA9cWHhFGHdMDMCq1TouW4UImWQUKaFhFmQK.pdf', 1, '2022-11-04 04:41:46', '10', NULL, NULL),
	(44, 429, 'complaint/damage_others/GtcKSC4eqN9RRW6IToNBoZfoN3yTvZojncTd9Cux.jpg', 1, '2022-11-04 04:41:56', '10', NULL, NULL),
	(45, 430, 'complaint/damage_others/37hofNr25tGjjq64KdePbUvRsY2bEIlP0c45aQYk.pdf', 1, '2022-11-04 04:42:44', '10', NULL, NULL),
	(46, 431, 'complaint/damage_others/03aeum7OsbZEEvqw5uaFdkRybMtA5gmVjzRrZOZS.jpg', 1, '2022-11-04 04:46:26', '10', NULL, NULL),
	(47, 432, 'complaint/damage_others/Vlm369yHNagXRQkUrpjrrXT21mJHGQsVZIDiKudd.jpg', 1, '2022-11-04 04:46:33', '10', NULL, NULL),
	(58, 363, 'complaint/damage_others/OSJtwu2sYkKtLtuFzT7ZJNufv5YNDDLTOa8b7fVu.jpg', 1, '2022-11-09 10:53:13', '141', NULL, NULL),
	(59, 405, 'complaint/damage_others/pdW6hWJ35dSXf8amxMdPxCJSVXXO2WNcb7NYB4Ju.jpg', 1, '2022-11-09 14:40:46', '141', NULL, NULL),
	(60, 123, 'complaint/damage_others/jhQdI43nRXu8AF5wwFXTAssEPDvaIZz187LfZY9F.jpg', 1, '2022-11-09 14:41:56', '141', NULL, NULL),
	(61, 442, 'complaint/damage_others/ym8p6lfnZCzw6LhnOZiWmDTNM1QAaUYLlgVedJC3.jpg', 1, '2022-11-09 15:53:11', '10', NULL, NULL),
	(62, 448, 'complaint/damage_others/JN2VVwtgyQ760E25ttPF2xEFYMPMJw7h52xrPOs3.jpg', 1, '2022-11-09 15:55:20', '10', NULL, NULL),
	(63, 262, 'complaint/damage_others/N9kn8PZNpZPqDYwWMsTg14lPpqdaxF2QeWQ1T64c.jpg', 1, '2022-11-10 03:06:01', '10', NULL, NULL),
	(64, 459, 'complaint/damage_others/H3xlVPB8zCBCJNDkzefzHBcF8sFP6IqMiOnz0kcF.jpg', 1, '2022-11-10 16:17:18', '10', NULL, NULL),
	(65, 460, 'complaint/damage_others/H3xlVPB8zCBCJNDkzefzHBcF8sFP6IqMiOnz0kcF.jpg', 1, '2022-11-10 16:17:19', '10', NULL, NULL),
	(66, 461, 'complaint/damage_others/H3xlVPB8zCBCJNDkzefzHBcF8sFP6IqMiOnz0kcF.jpg', 1, '2022-11-10 16:17:19', '10', NULL, NULL),
	(67, 462, 'complaint/damage_others/H3xlVPB8zCBCJNDkzefzHBcF8sFP6IqMiOnz0kcF.jpg', 1, '2022-11-10 16:17:19', '10', NULL, NULL),
	(68, 466, 'complaint/damage_others/N79jnU35kwgsVlRDPseLgj3zYRIGP1HYMDS9e3eR.jpg', 1, '2022-11-11 00:31:20', '10', NULL, NULL),
	(69, 467, 'complaint/damage_others/N79jnU35kwgsVlRDPseLgj3zYRIGP1HYMDS9e3eR.jpg', 1, '2022-11-11 00:31:20', '10', NULL, NULL),
	(70, 471, 'complaint/damage_others/KxCXvNSItx97lOKq2blyACfgTN6TkKsTwLQ54yBu.jpg', 1, '2022-11-11 12:58:04', '10', NULL, NULL),
	(71, 472, 'complaint/damage_others/ynwvs8inzX8ZxL6yURRVIJSghw17stwltDOkMfst.jpg', 1, '2022-11-11 16:59:07', '141', NULL, NULL),
	(72, 473, 'complaint/damage_others/ynwvs8inzX8ZxL6yURRVIJSghw17stwltDOkMfst.jpg', 1, '2022-11-11 16:59:07', '141', NULL, NULL),
	(73, 480, 'complaint/damage_others/7JFWIOJTnwllibVnaH10Oww0wkYUUzx40RhfylqB.jpg', 1, '2022-11-12 00:26:09', '106', NULL, NULL),
	(74, 481, 'complaint/damage_others/7JFWIOJTnwllibVnaH10Oww0wkYUUzx40RhfylqB.jpg', 1, '2022-11-12 00:26:09', '106', NULL, NULL),
	(75, 482, 'complaint/damage_others/DZAVORQ8Nbh3DDEjwp4Co9Le1018uBwoRwBsgyIQ.jpg', 1, '2022-11-12 00:28:17', '106', NULL, NULL),
	(76, 483, 'complaint/damage_others/DZAVORQ8Nbh3DDEjwp4Co9Le1018uBwoRwBsgyIQ.jpg', 1, '2022-11-12 00:28:17', '106', NULL, NULL),
	(77, 484, 'complaint/damage_others/di6bTJu6KZ2FzqIKyFDV8mZltc0CvLloYEFnGHRT.jpg', 1, '2022-11-12 00:28:56', '106', NULL, NULL),
	(78, 485, 'complaint/damage_others/di6bTJu6KZ2FzqIKyFDV8mZltc0CvLloYEFnGHRT.jpg', 1, '2022-11-12 00:28:56', '106', NULL, NULL),
	(79, 362, 'complaint/damage_others/gqmlFNjprM2tYMz8wvX1zmr7qyLdk87nLSngtukw.jpg', 1, '2022-11-13 09:55:56', '131', NULL, NULL),
	(80, 396, 'complaint/damage_others/90fX17GJNACmpfs0qVvRKLo33kPvnLHUOR3pnz5J.webp', 1, '2022-11-13 12:13:09', '138', NULL, NULL),
	(81, 491, 'complaint/damage_others/2Gris7URk5pM3uDfJDEqT33RCRnl0kXRHuWJiurW.webp', 1, '2022-11-13 12:15:02', '138', NULL, NULL),
	(82, 492, 'complaint/damage_others/2Gris7URk5pM3uDfJDEqT33RCRnl0kXRHuWJiurW.webp', 1, '2022-11-13 12:15:02', '138', NULL, NULL),
	(83, 493, 'complaint/damage_others/2Gris7URk5pM3uDfJDEqT33RCRnl0kXRHuWJiurW.webp', 1, '2022-11-13 12:15:02', '138', NULL, NULL),
	(84, 494, 'complaint/damage_others/2Gris7URk5pM3uDfJDEqT33RCRnl0kXRHuWJiurW.webp', 1, '2022-11-13 12:15:02', '138', NULL, NULL),
	(85, 495, 'complaint/damage_others/2Gris7URk5pM3uDfJDEqT33RCRnl0kXRHuWJiurW.webp', 1, '2022-11-13 12:15:02', '138', NULL, NULL),
	(86, 496, 'complaint/damage_others/nJWga3ILHptXCmn1D3oFjMhpxL2P2GKRq35BO7vY.jpg', 1, '2022-11-13 15:46:58', '106', NULL, NULL),
	(88, 501, 'complaint/damage_others/6tofmtd4LdGE82AhkQRT74m5R83LQtTVok5AntEB.png', 1, '2022-11-13 16:28:40', '140', NULL, NULL),
	(89, 502, 'complaint/damage_others/6tofmtd4LdGE82AhkQRT74m5R83LQtTVok5AntEB.png', 1, '2022-11-13 16:28:40', '140', NULL, NULL),
	(90, 503, 'complaint/damage_others/6tofmtd4LdGE82AhkQRT74m5R83LQtTVok5AntEB.png', 1, '2022-11-13 16:28:40', '140', NULL, NULL),
	(91, 504, 'complaint/damage_others/6tofmtd4LdGE82AhkQRT74m5R83LQtTVok5AntEB.png', 1, '2022-11-13 16:28:40', '140', NULL, NULL),
	(92, 505, 'complaint/damage_others/6tofmtd4LdGE82AhkQRT74m5R83LQtTVok5AntEB.png', 1, '2022-11-13 16:28:40', '140', NULL, NULL),
	(93, 506, 'complaint/damage_others/6tofmtd4LdGE82AhkQRT74m5R83LQtTVok5AntEB.png', 1, '2022-11-13 16:28:40', '140', NULL, NULL),
	(94, 507, 'complaint/damage_others/6tofmtd4LdGE82AhkQRT74m5R83LQtTVok5AntEB.png', 1, '2022-11-13 16:28:40', '140', NULL, NULL),
	(95, 508, 'complaint/damage_others/6tofmtd4LdGE82AhkQRT74m5R83LQtTVok5AntEB.png', 1, '2022-11-13 16:28:40', '140', NULL, NULL),
	(96, 509, 'complaint/damage_others/6tofmtd4LdGE82AhkQRT74m5R83LQtTVok5AntEB.png', 1, '2022-11-13 16:28:40', '140', NULL, NULL),
	(97, 510, 'complaint/damage_others/6tofmtd4LdGE82AhkQRT74m5R83LQtTVok5AntEB.png', 1, '2022-11-13 16:28:40', '140', NULL, NULL),
	(98, 511, 'complaint/damage_others/6tofmtd4LdGE82AhkQRT74m5R83LQtTVok5AntEB.png', 1, '2022-11-13 16:28:40', '140', NULL, NULL),
	(99, 512, 'complaint/damage_others/6tofmtd4LdGE82AhkQRT74m5R83LQtTVok5AntEB.png', 1, '2022-11-13 16:28:40', '140', NULL, NULL),
	(100, 513, 'complaint/damage_others/6tofmtd4LdGE82AhkQRT74m5R83LQtTVok5AntEB.png', 1, '2022-11-13 16:28:40', '140', NULL, NULL),
	(101, 514, 'complaint/damage_others/6tofmtd4LdGE82AhkQRT74m5R83LQtTVok5AntEB.png', 1, '2022-11-13 16:28:40', '140', NULL, NULL),
	(102, 515, 'complaint/damage_others/6tofmtd4LdGE82AhkQRT74m5R83LQtTVok5AntEB.png', 1, '2022-11-13 16:28:40', '140', NULL, NULL),
	(103, 516, 'complaint/damage_others/6tofmtd4LdGE82AhkQRT74m5R83LQtTVok5AntEB.png', 1, '2022-11-13 16:28:40', '140', NULL, NULL),
	(104, 517, 'complaint/damage_others/6tofmtd4LdGE82AhkQRT74m5R83LQtTVok5AntEB.png', 1, '2022-11-13 16:28:40', '140', NULL, NULL),
	(105, 518, 'complaint/damage_others/6tofmtd4LdGE82AhkQRT74m5R83LQtTVok5AntEB.png', 1, '2022-11-13 16:28:40', '140', NULL, NULL),
	(106, 519, 'complaint/damage_others/6tofmtd4LdGE82AhkQRT74m5R83LQtTVok5AntEB.png', 1, '2022-11-13 16:28:40', '140', NULL, NULL),
	(107, 520, 'complaint/damage_others/6tofmtd4LdGE82AhkQRT74m5R83LQtTVok5AntEB.png', 1, '2022-11-13 16:28:40', '140', NULL, NULL),
	(108, 521, 'complaint/damage_others/6tofmtd4LdGE82AhkQRT74m5R83LQtTVok5AntEB.png', 1, '2022-11-13 16:28:40', '140', NULL, NULL),
	(109, 522, 'complaint/damage_others/6tofmtd4LdGE82AhkQRT74m5R83LQtTVok5AntEB.png', 1, '2022-11-13 16:28:40', '140', NULL, NULL),
	(110, 523, 'complaint/damage_others/6tofmtd4LdGE82AhkQRT74m5R83LQtTVok5AntEB.png', 1, '2022-11-13 16:28:40', '140', NULL, NULL),
	(111, 524, 'complaint/damage_others/6tofmtd4LdGE82AhkQRT74m5R83LQtTVok5AntEB.png', 1, '2022-11-13 16:28:40', '140', NULL, NULL),
	(112, 525, 'complaint/damage_others/6tofmtd4LdGE82AhkQRT74m5R83LQtTVok5AntEB.png', 1, '2022-11-13 16:28:40', '140', NULL, NULL),
	(113, 526, 'complaint/damage_others/6tofmtd4LdGE82AhkQRT74m5R83LQtTVok5AntEB.png', 1, '2022-11-13 16:28:40', '140', NULL, NULL),
	(114, 527, 'complaint/damage_others/6tofmtd4LdGE82AhkQRT74m5R83LQtTVok5AntEB.png', 1, '2022-11-13 16:28:40', '140', NULL, NULL),
	(115, 528, 'complaint/damage_others/6tofmtd4LdGE82AhkQRT74m5R83LQtTVok5AntEB.png', 1, '2022-11-13 16:28:41', '140', NULL, NULL),
	(116, 529, 'complaint/damage_others/6tofmtd4LdGE82AhkQRT74m5R83LQtTVok5AntEB.png', 1, '2022-11-13 16:28:41', '140', NULL, NULL),
	(117, 530, 'complaint/damage_others/6tofmtd4LdGE82AhkQRT74m5R83LQtTVok5AntEB.png', 1, '2022-11-13 16:28:41', '140', NULL, NULL),
	(118, 531, 'complaint/damage_others/6tofmtd4LdGE82AhkQRT74m5R83LQtTVok5AntEB.png', 1, '2022-11-13 16:28:41', '140', NULL, NULL),
	(119, 532, 'complaint/damage_others/6tofmtd4LdGE82AhkQRT74m5R83LQtTVok5AntEB.png', 1, '2022-11-13 16:28:41', '140', NULL, NULL),
	(120, 533, 'complaint/damage_others/6tofmtd4LdGE82AhkQRT74m5R83LQtTVok5AntEB.png', 1, '2022-11-13 16:28:41', '140', NULL, NULL),
	(121, 534, 'complaint/damage_others/6tofmtd4LdGE82AhkQRT74m5R83LQtTVok5AntEB.png', 1, '2022-11-13 16:28:41', '140', NULL, NULL),
	(122, 535, 'complaint/damage_others/6tofmtd4LdGE82AhkQRT74m5R83LQtTVok5AntEB.png', 1, '2022-11-13 16:28:41', '140', NULL, NULL),
	(123, 536, 'complaint/damage_others/6tofmtd4LdGE82AhkQRT74m5R83LQtTVok5AntEB.png', 1, '2022-11-13 16:28:41', '140', NULL, NULL),
	(124, 537, 'complaint/damage_others/6tofmtd4LdGE82AhkQRT74m5R83LQtTVok5AntEB.png', 1, '2022-11-13 16:28:41', '140', NULL, NULL),
	(125, 538, 'complaint/damage_others/6tofmtd4LdGE82AhkQRT74m5R83LQtTVok5AntEB.png', 1, '2022-11-13 16:28:41', '140', NULL, NULL),
	(126, 539, 'complaint/damage_others/6tofmtd4LdGE82AhkQRT74m5R83LQtTVok5AntEB.png', 1, '2022-11-13 16:28:41', '140', NULL, NULL),
	(127, 540, 'complaint/damage_others/6tofmtd4LdGE82AhkQRT74m5R83LQtTVok5AntEB.png', 1, '2022-11-13 16:28:41', '140', NULL, NULL),
	(128, 541, 'complaint/damage_others/6tofmtd4LdGE82AhkQRT74m5R83LQtTVok5AntEB.png', 1, '2022-11-13 16:28:41', '140', NULL, NULL),
	(129, 542, 'complaint/damage_others/6tofmtd4LdGE82AhkQRT74m5R83LQtTVok5AntEB.png', 1, '2022-11-13 16:28:41', '140', NULL, NULL),
	(130, 543, 'complaint/damage_others/6tofmtd4LdGE82AhkQRT74m5R83LQtTVok5AntEB.png', 1, '2022-11-13 16:28:41', '140', NULL, NULL),
	(131, 544, 'complaint/damage_others/6tofmtd4LdGE82AhkQRT74m5R83LQtTVok5AntEB.png', 1, '2022-11-13 16:28:41', '140', NULL, NULL),
	(132, 545, 'complaint/damage_others/6tofmtd4LdGE82AhkQRT74m5R83LQtTVok5AntEB.png', 1, '2022-11-13 16:28:41', '140', NULL, NULL),
	(133, 546, 'complaint/damage_others/6tofmtd4LdGE82AhkQRT74m5R83LQtTVok5AntEB.png', 1, '2022-11-13 16:28:41', '140', NULL, NULL),
	(134, 547, 'complaint/damage_others/6tofmtd4LdGE82AhkQRT74m5R83LQtTVok5AntEB.png', 1, '2022-11-13 16:28:41', '140', NULL, NULL),
	(135, 548, 'complaint/damage_others/6tofmtd4LdGE82AhkQRT74m5R83LQtTVok5AntEB.png', 1, '2022-11-13 16:28:41', '140', NULL, NULL),
	(136, 549, 'complaint/damage_others/6tofmtd4LdGE82AhkQRT74m5R83LQtTVok5AntEB.png', 1, '2022-11-13 16:28:41', '140', NULL, NULL),
	(137, 550, 'complaint/damage_others/6tofmtd4LdGE82AhkQRT74m5R83LQtTVok5AntEB.png', 1, '2022-11-13 16:28:41', '140', NULL, NULL),
	(138, 551, 'complaint/damage_others/6tofmtd4LdGE82AhkQRT74m5R83LQtTVok5AntEB.png', 1, '2022-11-13 16:28:41', '140', NULL, NULL),
	(139, 552, 'complaint/damage_others/6tofmtd4LdGE82AhkQRT74m5R83LQtTVok5AntEB.png', 1, '2022-11-13 16:28:41', '140', NULL, NULL),
	(140, 553, 'complaint/damage_others/6tofmtd4LdGE82AhkQRT74m5R83LQtTVok5AntEB.png', 1, '2022-11-13 16:28:41', '140', NULL, NULL),
	(141, 554, 'complaint/damage_others/6tofmtd4LdGE82AhkQRT74m5R83LQtTVok5AntEB.png', 1, '2022-11-13 16:28:41', '140', NULL, NULL),
	(142, 555, 'complaint/damage_others/6tofmtd4LdGE82AhkQRT74m5R83LQtTVok5AntEB.png', 1, '2022-11-13 16:28:41', '140', NULL, NULL),
	(143, 556, 'complaint/damage_others/6tofmtd4LdGE82AhkQRT74m5R83LQtTVok5AntEB.png', 1, '2022-11-13 16:28:41', '140', NULL, NULL),
	(144, 557, 'complaint/damage_others/6tofmtd4LdGE82AhkQRT74m5R83LQtTVok5AntEB.png', 1, '2022-11-13 16:28:41', '140', NULL, NULL),
	(145, 558, 'complaint/damage_others/6tofmtd4LdGE82AhkQRT74m5R83LQtTVok5AntEB.png', 1, '2022-11-13 16:28:42', '140', NULL, NULL),
	(146, 559, 'complaint/damage_others/6tofmtd4LdGE82AhkQRT74m5R83LQtTVok5AntEB.png', 1, '2022-11-13 16:28:42', '140', NULL, NULL),
	(147, 560, 'complaint/damage_others/6tofmtd4LdGE82AhkQRT74m5R83LQtTVok5AntEB.png', 1, '2022-11-13 16:28:42', '140', NULL, NULL),
	(148, 561, 'complaint/damage_others/6tofmtd4LdGE82AhkQRT74m5R83LQtTVok5AntEB.png', 1, '2022-11-13 16:28:42', '140', NULL, NULL),
	(149, 562, 'complaint/damage_others/6tofmtd4LdGE82AhkQRT74m5R83LQtTVok5AntEB.png', 1, '2022-11-13 16:28:42', '140', NULL, NULL),
	(150, 563, 'complaint/damage_others/6tofmtd4LdGE82AhkQRT74m5R83LQtTVok5AntEB.png', 1, '2022-11-13 16:28:42', '140', NULL, NULL),
	(151, 564, 'complaint/damage_others/6tofmtd4LdGE82AhkQRT74m5R83LQtTVok5AntEB.png', 1, '2022-11-13 16:28:42', '140', NULL, NULL),
	(152, 565, 'complaint/damage_others/6tofmtd4LdGE82AhkQRT74m5R83LQtTVok5AntEB.png', 1, '2022-11-13 16:28:42', '140', NULL, NULL),
	(153, 566, 'complaint/damage_others/6tofmtd4LdGE82AhkQRT74m5R83LQtTVok5AntEB.png', 1, '2022-11-13 16:28:42', '140', NULL, NULL),
	(154, 567, 'complaint/damage_others/6tofmtd4LdGE82AhkQRT74m5R83LQtTVok5AntEB.png', 1, '2022-11-13 16:28:42', '140', NULL, NULL),
	(155, 568, 'complaint/damage_others/6tofmtd4LdGE82AhkQRT74m5R83LQtTVok5AntEB.png', 1, '2022-11-13 16:28:42', '140', NULL, NULL),
	(156, 569, 'complaint/damage_others/6tofmtd4LdGE82AhkQRT74m5R83LQtTVok5AntEB.png', 1, '2022-11-13 16:28:42', '140', NULL, NULL),
	(157, 570, 'complaint/damage_others/6tofmtd4LdGE82AhkQRT74m5R83LQtTVok5AntEB.png', 1, '2022-11-13 16:28:42', '140', NULL, NULL),
	(158, 571, 'complaint/damage_others/6tofmtd4LdGE82AhkQRT74m5R83LQtTVok5AntEB.png', 1, '2022-11-13 16:28:42', '140', NULL, NULL),
	(159, 572, 'complaint/damage_others/6tofmtd4LdGE82AhkQRT74m5R83LQtTVok5AntEB.png', 1, '2022-11-13 16:28:42', '140', NULL, NULL),
	(160, 573, 'complaint/damage_others/6tofmtd4LdGE82AhkQRT74m5R83LQtTVok5AntEB.png', 1, '2022-11-13 16:28:42', '140', NULL, NULL),
	(161, 574, 'complaint/damage_others/6tofmtd4LdGE82AhkQRT74m5R83LQtTVok5AntEB.png', 1, '2022-11-13 16:28:42', '140', NULL, NULL),
	(162, 575, 'complaint/damage_others/6tofmtd4LdGE82AhkQRT74m5R83LQtTVok5AntEB.png', 1, '2022-11-13 16:28:42', '140', NULL, NULL),
	(163, 576, 'complaint/damage_others/6tofmtd4LdGE82AhkQRT74m5R83LQtTVok5AntEB.png', 1, '2022-11-13 16:28:42', '140', NULL, NULL),
	(164, 577, 'complaint/damage_others/6tofmtd4LdGE82AhkQRT74m5R83LQtTVok5AntEB.png', 1, '2022-11-13 16:28:42', '140', NULL, NULL),
	(165, 578, 'complaint/damage_others/6tofmtd4LdGE82AhkQRT74m5R83LQtTVok5AntEB.png', 1, '2022-11-13 16:28:42', '140', NULL, NULL),
	(166, 579, 'complaint/damage_others/6tofmtd4LdGE82AhkQRT74m5R83LQtTVok5AntEB.png', 1, '2022-11-13 16:28:42', '140', NULL, NULL),
	(167, 580, 'complaint/damage_others/6tofmtd4LdGE82AhkQRT74m5R83LQtTVok5AntEB.png', 1, '2022-11-13 16:28:42', '140', NULL, NULL),
	(168, 581, 'complaint/damage_others/6tofmtd4LdGE82AhkQRT74m5R83LQtTVok5AntEB.png', 1, '2022-11-13 16:28:42', '140', NULL, NULL),
	(169, 582, 'complaint/damage_others/6tofmtd4LdGE82AhkQRT74m5R83LQtTVok5AntEB.png', 1, '2022-11-13 16:28:42', '140', NULL, NULL),
	(170, 583, 'complaint/damage_others/6tofmtd4LdGE82AhkQRT74m5R83LQtTVok5AntEB.png', 1, '2022-11-13 16:28:42', '140', NULL, NULL),
	(171, 584, 'complaint/damage_others/6tofmtd4LdGE82AhkQRT74m5R83LQtTVok5AntEB.png', 1, '2022-11-13 16:28:42', '140', NULL, NULL),
	(172, 585, 'complaint/damage_others/6tofmtd4LdGE82AhkQRT74m5R83LQtTVok5AntEB.png', 1, '2022-11-13 16:28:42', '140', NULL, NULL),
	(173, 586, 'complaint/damage_others/6tofmtd4LdGE82AhkQRT74m5R83LQtTVok5AntEB.png', 1, '2022-11-13 16:28:43', '140', NULL, NULL),
	(174, 587, 'complaint/damage_others/6tofmtd4LdGE82AhkQRT74m5R83LQtTVok5AntEB.png', 1, '2022-11-13 16:28:43', '140', NULL, NULL),
	(175, 588, 'complaint/damage_others/6tofmtd4LdGE82AhkQRT74m5R83LQtTVok5AntEB.png', 1, '2022-11-13 16:28:43', '140', NULL, NULL),
	(176, 589, 'complaint/damage_others/6tofmtd4LdGE82AhkQRT74m5R83LQtTVok5AntEB.png', 1, '2022-11-13 16:28:43', '140', NULL, NULL),
	(177, 590, 'complaint/damage_others/6tofmtd4LdGE82AhkQRT74m5R83LQtTVok5AntEB.png', 1, '2022-11-13 16:28:43', '140', NULL, NULL),
	(178, 591, 'complaint/damage_others/6tofmtd4LdGE82AhkQRT74m5R83LQtTVok5AntEB.png', 1, '2022-11-13 16:28:43', '140', NULL, NULL),
	(179, 592, 'complaint/damage_others/6tofmtd4LdGE82AhkQRT74m5R83LQtTVok5AntEB.png', 1, '2022-11-13 16:28:43', '140', NULL, NULL),
	(180, 593, 'complaint/damage_others/6tofmtd4LdGE82AhkQRT74m5R83LQtTVok5AntEB.png', 1, '2022-11-13 16:28:43', '140', NULL, NULL),
	(181, 594, 'complaint/damage_others/6tofmtd4LdGE82AhkQRT74m5R83LQtTVok5AntEB.png', 1, '2022-11-13 16:28:43', '140', NULL, NULL),
	(182, 595, 'complaint/damage_others/6tofmtd4LdGE82AhkQRT74m5R83LQtTVok5AntEB.png', 1, '2022-11-13 16:28:43', '140', NULL, NULL),
	(183, 596, 'complaint/damage_others/6tofmtd4LdGE82AhkQRT74m5R83LQtTVok5AntEB.png', 1, '2022-11-13 16:28:43', '140', NULL, NULL),
	(184, 597, 'complaint/damage_others/6tofmtd4LdGE82AhkQRT74m5R83LQtTVok5AntEB.png', 1, '2022-11-13 16:28:43', '140', NULL, NULL),
	(185, 598, 'complaint/damage_others/6tofmtd4LdGE82AhkQRT74m5R83LQtTVok5AntEB.png', 1, '2022-11-13 16:28:43', '140', NULL, NULL),
	(186, 599, 'complaint/damage_others/6tofmtd4LdGE82AhkQRT74m5R83LQtTVok5AntEB.png', 1, '2022-11-13 16:28:43', '140', NULL, NULL),
	(187, 600, 'complaint/damage_others/6tofmtd4LdGE82AhkQRT74m5R83LQtTVok5AntEB.png', 1, '2022-11-13 16:28:43', '140', NULL, NULL),
	(188, 601, 'complaint/damage_others/Up97CMnM44kHw6v9GNLRhvLQklx06m6ndtFdkPPp.png', 1, '2022-11-13 16:41:31', '140', NULL, NULL),
	(189, 602, 'complaint/damage_others/Up97CMnM44kHw6v9GNLRhvLQklx06m6ndtFdkPPp.png', 1, '2022-11-13 16:41:31', '140', NULL, NULL),
	(190, 603, 'complaint/damage_others/fiWEPs28wVGXlWgzBKkxCcf9JFphCaDLrD1Gu25z.jpg', 1, '2022-11-15 15:23:05', '10', NULL, NULL),
	(192, 606, 'complaint/damage_others/01yeogYRN9dYCosECQIYgDBfZqOkFCiICtdE45A7.jpg', 1, '2022-11-20 19:58:48', '10', NULL, NULL),
	(193, 607, 'complaint/damage_others/01yeogYRN9dYCosECQIYgDBfZqOkFCiICtdE45A7.jpg', 1, '2022-11-20 19:58:48', '10', NULL, NULL),
	(194, 608, 'complaint/damage_others/01yeogYRN9dYCosECQIYgDBfZqOkFCiICtdE45A7.jpg', 1, '2022-11-20 19:58:48', '10', NULL, NULL),
	(195, 609, 'complaint/damage_others/01yeogYRN9dYCosECQIYgDBfZqOkFCiICtdE45A7.jpg', 1, '2022-11-20 19:58:48', '10', NULL, NULL),
	(196, 610, 'complaint/damage_others/SDwg7hYcZOFManAfCIRyXLs7V7LsH8878uCRsuyZ.jpg', 1, '2022-11-25 16:28:10', '10', NULL, NULL),
	(197, 611, 'complaint/damage_others/SDwg7hYcZOFManAfCIRyXLs7V7LsH8878uCRsuyZ.jpg', 1, '2022-11-25 16:28:10', '10', NULL, NULL),
	(198, 612, 'complaint/damage_others/X4DGx8q7vCC8RA2f6c8YGQnKZp6mgxFROUndsiAe.jpg', 1, '2022-11-29 22:00:55', '68', NULL, NULL),
	(199, 613, 'complaint/damage_others/X4DGx8q7vCC8RA2f6c8YGQnKZp6mgxFROUndsiAe.jpg', 1, '2022-11-29 22:00:55', '68', NULL, NULL),
	(200, 614, 'complaint/damage_others/X4DGx8q7vCC8RA2f6c8YGQnKZp6mgxFROUndsiAe.jpg', 1, '2022-11-29 22:00:55', '68', NULL, NULL),
	(201, 617, 'complaint/damage_others/STgsSLYkv1pOCyD0hIgSLERnEQHyuMkqHhiMAuQ1.jpg', 1, '2022-11-30 11:24:30', '234', NULL, NULL),
	(202, 618, 'complaint/damage_others/STgsSLYkv1pOCyD0hIgSLERnEQHyuMkqHhiMAuQ1.jpg', 1, '2022-11-30 11:24:30', '234', NULL, NULL),
	(203, 619, 'complaint/damage_others/STgsSLYkv1pOCyD0hIgSLERnEQHyuMkqHhiMAuQ1.jpg', 1, '2022-11-30 11:24:30', '234', NULL, NULL),
	(204, 620, 'complaint/damage_others/STgsSLYkv1pOCyD0hIgSLERnEQHyuMkqHhiMAuQ1.jpg', 1, '2022-11-30 11:24:30', '234', NULL, NULL),
	(205, 621, 'complaint/damage_others/STgsSLYkv1pOCyD0hIgSLERnEQHyuMkqHhiMAuQ1.jpg', 1, '2022-11-30 11:24:30', '234', NULL, NULL),
	(206, 622, 'complaint/damage_others/dLrUSJrYl8an4qdblodHVLq7xWISnsJFCobcuPpP.png', 1, '2022-11-30 11:24:35', '279', NULL, NULL),
	(207, 623, 'complaint/damage_others/dLrUSJrYl8an4qdblodHVLq7xWISnsJFCobcuPpP.png', 1, '2022-11-30 11:24:35', '279', NULL, NULL),
	(208, 624, 'complaint/damage_others/dLrUSJrYl8an4qdblodHVLq7xWISnsJFCobcuPpP.png', 1, '2022-11-30 11:24:35', '279', NULL, NULL),
	(209, 625, 'complaint/damage_others/dLrUSJrYl8an4qdblodHVLq7xWISnsJFCobcuPpP.png', 1, '2022-11-30 11:24:35', '279', NULL, NULL),
	(210, 626, 'complaint/damage_others/dLrUSJrYl8an4qdblodHVLq7xWISnsJFCobcuPpP.png', 1, '2022-11-30 11:24:35', '279', NULL, NULL),
	(211, 627, 'complaint/damage_others/wl8yWLP6vwEc9tklWI6wcsGlveorZMmVhw6YVU7s.jpg', 1, '2022-11-30 11:27:51', '10', NULL, NULL),
	(212, 628, 'complaint/damage_others/wl8yWLP6vwEc9tklWI6wcsGlveorZMmVhw6YVU7s.jpg', 1, '2022-11-30 11:27:52', '10', NULL, NULL),
	(213, 629, 'complaint/damage_others/wl8yWLP6vwEc9tklWI6wcsGlveorZMmVhw6YVU7s.jpg', 1, '2022-11-30 11:27:52', '10', NULL, NULL),
	(214, 630, 'complaint/damage_others/wl8yWLP6vwEc9tklWI6wcsGlveorZMmVhw6YVU7s.jpg', 1, '2022-11-30 11:27:52', '10', NULL, NULL),
	(215, 631, 'complaint/damage_others/wl8yWLP6vwEc9tklWI6wcsGlveorZMmVhw6YVU7s.jpg', 1, '2022-11-30 11:27:53', '10', NULL, NULL);
/*!40000 ALTER TABLE `quarters_images` ENABLE KEYS */;

-- Dumping structure for table staging_epro_kuarters_johor.quarters_inventory
CREATE TABLE IF NOT EXISTS `quarters_inventory` (
  `id` int(11) NOT NULL AUTO_INCREMENT,
  `q_id` int(11) DEFAULT NULL,
  `quarters_category_inventory_id` int(11) DEFAULT NULL,
  `i_id` int(11) DEFAULT NULL,
  `quantity` int(11) DEFAULT NULL,
  `m_inventory_id` int(11) DEFAULT NULL,
  `data_status` tinyint(4) DEFAULT '1',
  `action_by` int(11) DEFAULT NULL,
  `action_on` datetime DEFAULT NULL,
  `delete_by` int(11) DEFAULT NULL,
  `delete_on` datetime DEFAULT NULL,
  PRIMARY KEY (`id`),
  KEY `FK_quarters_inventory_quarters` (`q_id`),
  KEY `FK_quarters_inventory_inventory` (`i_id`),
  KEY `FK_quarters_inventory_users` (`action_by`),
  KEY `FK_quarters_inventory_users_2` (`delete_by`),
  KEY `FK_quarters_inventory_maintenance_inventory` (`m_inventory_id`),
  CONSTRAINT `FK_quarters_inventory_inventory` FOREIGN KEY (`i_id`) REFERENCES `inventory` (`id`) ON DELETE NO ACTION ON UPDATE NO ACTION,
  CONSTRAINT `FK_quarters_inventory_quarters` FOREIGN KEY (`q_id`) REFERENCES `quarters` (`id`) ON DELETE NO ACTION ON UPDATE NO ACTION,
  CONSTRAINT `FK_quarters_inventory_users` FOREIGN KEY (`action_by`) REFERENCES `users` (`id`) ON DELETE NO ACTION ON UPDATE NO ACTION,
  CONSTRAINT `FK_quarters_inventory_users_2` FOREIGN KEY (`delete_by`) REFERENCES `users` (`id`) ON DELETE NO ACTION ON UPDATE NO ACTION
) ENGINE=InnoDB AUTO_INCREMENT=692 DEFAULT CHARSET=latin1;

-- Dumping data for table staging_epro_kuarters_johor.quarters_inventory: ~625 rows (approximately)
/*!40000 ALTER TABLE `quarters_inventory` DISABLE KEYS */;
INSERT INTO `quarters_inventory` (`id`, `q_id`, `quarters_category_inventory_id`, `i_id`, `quantity`, `m_inventory_id`, `data_status`, `action_by`, `action_on`, `delete_by`, `delete_on`) VALUES
	(2, 442, NULL, 4, 1, 8, 1, 10, '2022-11-23 23:37:37', NULL, NULL),
	(3, 442, NULL, 5, 2, 10, 1, 10, '2022-11-23 23:37:37', NULL, NULL),
	(4, 365, NULL, 8, 2, 4, 1, 10, '2022-11-07 13:51:29', NULL, NULL),
	(5, 365, NULL, 9, 2, 6, 1, 10, '2022-11-07 13:51:29', NULL, NULL),
	(6, 365, NULL, 20, 4, 6, 1, 10, '2022-11-07 13:51:29', NULL, NULL),
	(7, 365, NULL, 21, 4, 6, 1, 10, '2022-11-07 13:51:29', NULL, NULL),
	(8, 365, NULL, 22, 4, 6, 1, 10, '2022-11-07 13:51:29', NULL, NULL),
	(9, 365, NULL, 23, 0, 6, 1, 10, '2022-11-07 13:51:29', NULL, NULL),
	(10, 443, NULL, 4, 1, 4, 1, 10, '2022-11-08 01:13:44', NULL, NULL),
	(11, 443, NULL, 5, 2, 8, 1, 10, '2022-11-08 01:13:44', NULL, NULL),
	(12, 443, NULL, 6, 1, 9, 1, 10, '2022-11-08 01:13:44', NULL, NULL),
	(13, 78, NULL, 10, 1, 0, 1, 10, '2022-11-08 03:12:34', NULL, NULL),
	(14, 78, NULL, 11, 2, 0, 1, 10, '2022-11-08 03:12:34', NULL, NULL),
	(15, 37, NULL, 10, 1, 6, 1, 10, '2022-11-08 03:24:35', NULL, NULL),
	(16, 37, NULL, 11, 1, 9, 1, 10, '2022-11-08 03:24:35', NULL, NULL),
	(17, 38, NULL, 10, 1, 4, 1, 10, '2022-11-08 03:42:55', NULL, NULL),
	(18, 38, NULL, 11, 1, 8, 1, 10, '2022-11-08 03:42:55', NULL, NULL),
	(19, 432, NULL, 4, 1, 8, 1, 10, '2022-11-08 04:49:47', NULL, NULL),
	(20, 432, NULL, 5, 1, 10, 1, 10, '2022-11-08 04:49:47', NULL, NULL),
	(21, 432, NULL, 6, 1, 20, 1, 10, '2022-11-08 04:49:47', NULL, NULL),
	(22, 444, NULL, 4, 1, 6, 1, 10, '2022-11-08 12:13:53', NULL, NULL),
	(23, 444, NULL, 5, 1, 6, 1, 10, '2022-11-08 12:13:53', NULL, NULL),
	(24, 444, NULL, 6, 1, 6, 1, 10, '2022-11-08 12:13:53', NULL, NULL),
	(25, 444, NULL, 7, 1, 6, 1, 10, '2022-11-08 12:13:53', NULL, NULL),
	(26, 445, NULL, 4, 1, 6, 1, 10, '2022-11-08 14:45:25', NULL, NULL),
	(27, 445, NULL, 5, 1, 6, 1, 10, '2022-11-08 14:45:25', NULL, NULL),
	(28, 445, NULL, 6, 1, 6, 1, 10, '2022-11-08 14:45:25', NULL, NULL),
	(29, 445, NULL, 7, 1, 6, 1, 10, '2022-11-08 14:45:25', NULL, NULL),
	(30, 446, NULL, 4, 1, 6, 1, 10, '2022-11-08 14:53:12', NULL, NULL),
	(31, 447, NULL, 4, 2, 6, 1, 130, '2022-11-11 15:07:35', NULL, NULL),
	(32, 363, NULL, 8, 2, 6, 1, 141, '2022-11-09 10:53:13', NULL, NULL),
	(33, 363, NULL, 9, 3, 6, 1, 141, '2022-11-09 10:53:13', NULL, NULL),
	(34, 360, NULL, 4, 1, 6, 1, 10, '2022-11-09 09:56:40', NULL, NULL),
	(35, 360, NULL, 5, 1, 10, 1, 10, '2022-11-09 09:56:40', NULL, NULL),
	(36, 360, NULL, 6, 1, 6, 1, 10, '2022-11-09 09:56:40', NULL, NULL),
	(37, 10, NULL, 25, 1, 6, 1, 141, '2022-11-09 11:07:08', NULL, NULL),
	(38, 10, NULL, 26, 4, 6, 1, 141, '2022-11-09 11:07:08', NULL, NULL),
	(39, 10, NULL, 27, 4, 6, 1, 141, '2022-11-09 11:07:08', NULL, NULL),
	(40, 10, NULL, 28, 4, 6, 1, 141, '2022-11-09 11:07:08', NULL, NULL),
	(41, 10, NULL, 29, 4, 6, 1, 141, '2022-11-09 11:07:08', NULL, NULL),
	(42, 10, NULL, 30, 1, 6, 1, 141, '2022-11-09 11:07:08', NULL, NULL),
	(43, 10, NULL, 31, 1, 6, 1, 141, '2022-11-09 11:07:08', NULL, NULL),
	(44, 10, NULL, 32, 1, 6, 1, 141, '2022-11-09 11:07:08', NULL, NULL),
	(45, 10, NULL, 33, 1, 6, 1, 141, '2022-11-09 11:07:08', NULL, NULL),
	(46, 10, NULL, 34, 1, 6, 1, 141, '2022-11-09 11:07:08', NULL, NULL),
	(47, 10, NULL, 35, 1, 6, 1, 141, '2022-11-09 11:07:08', NULL, NULL),
	(48, 10, NULL, 36, 2, 6, 1, 141, '2022-11-09 11:07:08', NULL, NULL),
	(49, 405, NULL, 25, 2, 4, 1, 141, '2022-11-09 14:40:46', NULL, NULL),
	(50, 405, NULL, 26, 2, 6, 1, 141, '2022-11-09 14:40:46', NULL, NULL),
	(51, 448, NULL, 4, 1, 6, 1, 10, '2022-11-09 15:55:20', NULL, NULL),
	(52, 448, NULL, 6, 1, 6, 1, 10, '2022-11-09 15:55:20', NULL, NULL),
	(53, 448, NULL, 7, 1, 6, 1, 10, '2022-11-09 15:55:20', NULL, NULL),
	(54, 9, NULL, 25, 2, 4, 1, 146, '2022-11-13 09:56:30', NULL, NULL),
	(55, 9, NULL, 26, 1, 4, 1, 146, '2022-11-13 09:56:30', NULL, NULL),
	(56, 262, NULL, 25, 2, 6, 1, 10, '2022-11-10 03:06:01', NULL, NULL),
	(57, 262, NULL, 26, 2, 6, 1, 10, '2022-11-10 03:06:01', NULL, NULL),
	(58, 262, NULL, 27, 2, 6, 1, 10, '2022-11-10 03:06:01', NULL, NULL),
	(59, 262, NULL, 28, 2, 6, 1, 10, '2022-11-10 03:06:01', NULL, NULL),
	(60, 262, NULL, 29, 2, 6, 1, 10, '2022-11-10 03:06:01', NULL, NULL),
	(61, 262, NULL, 30, 2, 6, 1, 10, '2022-11-10 03:06:01', NULL, NULL),
	(62, 262, NULL, 31, 2, 6, 1, 10, '2022-11-10 03:06:01', NULL, NULL),
	(63, 262, NULL, 32, 2, 6, 1, 10, '2022-11-10 03:06:01', NULL, NULL),
	(64, 262, NULL, 33, 2, 6, 1, 10, '2022-11-10 03:06:01', NULL, NULL),
	(65, 262, NULL, 34, 2, 6, 1, 10, '2022-11-10 03:06:01', NULL, NULL),
	(66, 262, NULL, 35, 2, 6, 1, 10, '2022-11-10 03:06:01', NULL, NULL),
	(67, 262, NULL, 36, 2, 6, 1, 10, '2022-11-10 03:06:01', NULL, NULL),
	(68, 262, NULL, 38, 2, 6, 1, 10, '2022-11-10 03:06:01', NULL, NULL),
	(69, 453, NULL, 10, 3, 6, 1, 10, '2022-11-10 16:53:27', NULL, NULL),
	(70, 453, NULL, 11, 2, 4, 1, 10, '2022-11-10 16:53:27', NULL, NULL),
	(71, 454, NULL, 10, 3, 6, 1, 10, '2022-11-10 10:40:53', NULL, NULL),
	(72, 454, NULL, 11, 2, 4, 1, 10, '2022-11-10 10:40:53', NULL, NULL),
	(73, 455, NULL, 10, 3, 6, 1, 10, '2022-11-10 10:40:53', NULL, NULL),
	(74, 455, NULL, 11, 2, 4, 1, 10, '2022-11-10 10:40:53', NULL, NULL),
	(75, 456, NULL, 5, 3, 4, 1, 105, '2022-11-12 10:37:27', NULL, NULL),
	(76, 456, NULL, 7, 3, 6, 1, 105, '2022-11-12 10:37:27', NULL, NULL),
	(77, 457, NULL, 5, 3, 4, 1, 216, '2022-11-10 10:42:39', NULL, NULL),
	(78, 457, NULL, 7, 3, 6, 1, 216, '2022-11-10 10:42:39', NULL, NULL),
	(79, 458, NULL, 5, 3, 4, 1, 69, '2022-11-13 12:03:50', NULL, NULL),
	(80, 458, NULL, 7, 3, 6, 1, 69, '2022-11-13 12:03:50', NULL, NULL),
	(81, 459, NULL, 4, 1, 6, 1, 10, '2022-11-10 16:19:27', NULL, NULL),
	(82, 459, NULL, 5, 1, 6, 1, 10, '2022-11-10 16:19:27', NULL, NULL),
	(83, 459, NULL, 6, 2, 6, 1, 10, '2022-11-10 16:19:27', NULL, NULL),
	(84, 459, NULL, 7, 1, 4, 1, 10, '2022-11-10 16:19:27', NULL, NULL),
	(85, 460, NULL, 4, 1, 6, 1, 105, '2022-11-12 10:37:44', NULL, NULL),
	(86, 460, NULL, 5, 1, 6, 1, 105, '2022-11-12 10:37:44', NULL, NULL),
	(87, 460, NULL, 6, 2, 6, 1, 105, '2022-11-12 10:37:44', NULL, NULL),
	(88, 460, NULL, 7, 1, 4, 0, 10, '2022-11-10 16:17:19', 105, '2022-11-12 10:37:44'),
	(89, 461, NULL, 4, 1, 6, 1, 10, '2022-11-12 13:49:20', NULL, NULL),
	(90, 461, NULL, 5, 1, 6, 1, 10, '2022-11-12 13:49:20', NULL, NULL),
	(91, 461, NULL, 6, 2, 6, 1, 10, '2022-11-12 13:49:20', NULL, NULL),
	(92, 461, NULL, 7, 1, 4, 1, 10, '2022-11-12 13:49:20', NULL, NULL),
	(93, 462, NULL, 4, 1, 6, 1, 146, '2022-11-17 12:08:49', NULL, NULL),
	(94, 462, NULL, 5, 1, 6, 1, 146, '2022-11-17 12:08:49', NULL, NULL),
	(95, 462, NULL, 6, 2, 6, 1, 146, '2022-11-17 12:08:49', NULL, NULL),
	(96, 462, NULL, 7, 1, 4, 1, 146, '2022-11-17 12:08:49', NULL, NULL),
	(97, 463, NULL, 10, 1, 6, 1, 10, '2022-11-10 16:26:22', NULL, NULL),
	(98, 463, NULL, 11, 1, 4, 1, 10, '2022-11-10 16:26:22', NULL, NULL),
	(99, 464, NULL, 10, 1, 6, 1, 10, '2022-11-10 16:26:22', NULL, NULL),
	(100, 464, NULL, 11, 1, 4, 1, 10, '2022-11-10 16:26:22', NULL, NULL),
	(101, 466, NULL, 12, 5, 6, 1, 10, '2022-11-11 01:38:59', NULL, NULL),
	(102, 466, NULL, 13, 1, 6, 1, 10, '2022-11-11 01:38:59', NULL, NULL),
	(103, 467, NULL, 12, 5, 6, 1, 10, '2022-11-13 17:41:24', NULL, NULL),
	(104, 467, NULL, 13, 1, 6, 1, 10, '2022-11-13 17:41:24', NULL, NULL),
	(105, 468, NULL, 25, 1, 4, 1, 146, '2022-11-13 09:54:01', NULL, NULL),
	(106, 468, NULL, 26, 2, 4, 1, 146, '2022-11-13 09:54:01', NULL, NULL),
	(107, 468, NULL, 33, 2, 6, 1, 146, '2022-11-13 09:54:01', NULL, NULL),
	(108, 469, NULL, 25, 1, 4, 1, 146, '2022-11-13 09:54:48', NULL, NULL),
	(109, 469, NULL, 26, 2, 4, 1, 146, '2022-11-13 09:54:48', NULL, NULL),
	(110, 469, NULL, 33, 2, 6, 1, 146, '2022-11-13 09:54:48', NULL, NULL),
	(111, 470, NULL, 25, 1, 4, 1, 146, '2022-11-13 09:55:16', NULL, NULL),
	(112, 470, NULL, 26, 2, 4, 1, 146, '2022-11-13 09:55:16', NULL, NULL),
	(113, 470, NULL, 33, 2, 6, 1, 146, '2022-11-13 09:55:16', NULL, NULL),
	(114, 471, NULL, 10, 1, 4, 1, 10, '2022-11-11 12:58:04', NULL, NULL),
	(115, 471, NULL, 11, 2, 4, 1, 10, '2022-11-11 12:58:04', NULL, NULL),
	(116, 447, NULL, 5, 1, 6, 1, 130, '2022-11-11 15:07:35', NULL, NULL),
	(117, 447, NULL, 6, 4, 6, 1, 130, '2022-11-11 15:07:35', NULL, NULL),
	(118, 447, NULL, 7, 1, 6, 1, 130, '2022-11-11 15:07:35', NULL, NULL),
	(119, 367, NULL, 45, 2, 6, 1, 10, '2022-11-11 16:55:43', NULL, NULL),
	(120, 367, NULL, 46, 2, 6, 1, 10, '2022-11-11 16:55:43', NULL, NULL),
	(121, 472, NULL, 25, 1, 4, 1, 141, '2022-11-11 17:01:38', NULL, NULL),
	(122, 472, NULL, 29, 1, 6, 0, 141, '2022-11-11 16:59:07', 141, '2022-11-11 17:01:38'),
	(123, 472, NULL, 36, 1, 8, 1, 141, '2022-11-11 17:01:38', NULL, NULL),
	(124, 473, NULL, 25, 1, 4, 1, 141, '2022-11-11 16:59:07', NULL, NULL),
	(125, 473, NULL, 29, 1, 6, 1, 141, '2022-11-11 16:59:07', NULL, NULL),
	(126, 473, NULL, 36, 1, 8, 1, 141, '2022-11-11 16:59:07', NULL, NULL),
	(127, 472, NULL, 27, 2, 4, 1, 141, '2022-11-11 17:01:38', NULL, NULL),
	(128, 83, NULL, 10, 1, 6, 1, 10, '2022-11-11 20:42:23', NULL, NULL),
	(129, 83, NULL, 11, 1, 6, 1, 10, '2022-11-11 20:42:23', NULL, NULL),
	(130, 474, NULL, 10, 2, 6, 1, 131, '2022-11-11 20:53:42', NULL, NULL),
	(131, 474, NULL, 11, 2, 6, 1, 131, '2022-11-11 20:53:42', NULL, NULL),
	(132, 475, NULL, 10, 2, 6, 1, 131, '2022-11-11 20:59:38', NULL, NULL),
	(133, 475, NULL, 11, 2, 6, 1, 131, '2022-11-11 20:59:38', NULL, NULL),
	(134, 476, NULL, 10, 2, 6, 1, 131, '2022-11-11 21:05:17', NULL, NULL),
	(135, 476, NULL, 11, 2, 6, 1, 131, '2022-11-11 21:05:17', NULL, NULL),
	(136, 477, NULL, 10, 2, 6, 1, 131, '2022-11-11 21:11:00', NULL, NULL),
	(137, 477, NULL, 11, 2, 6, 1, 131, '2022-11-11 21:11:00', NULL, NULL),
	(138, 478, NULL, 10, 2, 6, 1, 131, '2022-11-11 21:19:07', NULL, NULL),
	(139, 478, NULL, 11, 2, 6, 1, 131, '2022-11-11 21:19:07', NULL, NULL),
	(140, 479, NULL, 10, 2, 6, 1, 131, '2022-11-11 21:26:06', NULL, NULL),
	(141, 479, NULL, 11, 2, 6, 1, 131, '2022-11-11 21:26:06', NULL, NULL),
	(142, 480, NULL, 25, 1, 6, 1, 106, '2022-11-12 00:26:09', NULL, NULL),
	(143, 480, NULL, 26, 1, 6, 1, 106, '2022-11-12 00:26:09', NULL, NULL),
	(144, 480, NULL, 27, 1, 6, 1, 106, '2022-11-12 00:26:09', NULL, NULL),
	(145, 480, NULL, 28, 1, 6, 1, 106, '2022-11-12 00:26:09', NULL, NULL),
	(146, 480, NULL, 29, 1, 4, 1, 106, '2022-11-12 00:26:09', NULL, NULL),
	(147, 480, NULL, 30, 1, 4, 1, 106, '2022-11-12 00:26:09', NULL, NULL),
	(148, 480, NULL, 31, 1, 4, 1, 106, '2022-11-12 00:26:09', NULL, NULL),
	(149, 480, NULL, 32, 1, 4, 1, 106, '2022-11-12 00:26:09', NULL, NULL),
	(150, 480, NULL, 33, 1, 4, 1, 106, '2022-11-12 00:26:09', NULL, NULL),
	(151, 480, NULL, 34, 1, 4, 1, 106, '2022-11-12 00:26:09', NULL, NULL),
	(152, 480, NULL, 35, 1, 4, 1, 106, '2022-11-12 00:26:09', NULL, NULL),
	(153, 480, NULL, 36, 1, 4, 1, 106, '2022-11-12 00:26:09', NULL, NULL),
	(154, 480, NULL, 38, 1, 4, 1, 106, '2022-11-12 00:26:09', NULL, NULL),
	(155, 481, NULL, 25, 1, 6, 1, 106, '2022-11-12 00:26:09', NULL, NULL),
	(156, 481, NULL, 26, 1, 6, 1, 106, '2022-11-12 00:26:09', NULL, NULL),
	(157, 481, NULL, 27, 1, 6, 1, 106, '2022-11-12 00:26:09', NULL, NULL),
	(158, 481, NULL, 28, 1, 6, 1, 106, '2022-11-12 00:26:09', NULL, NULL),
	(159, 481, NULL, 29, 1, 4, 1, 106, '2022-11-12 00:26:09', NULL, NULL),
	(160, 481, NULL, 30, 1, 4, 1, 106, '2022-11-12 00:26:09', NULL, NULL),
	(161, 481, NULL, 31, 1, 4, 1, 106, '2022-11-12 00:26:09', NULL, NULL),
	(162, 481, NULL, 32, 1, 4, 1, 106, '2022-11-12 00:26:09', NULL, NULL),
	(163, 481, NULL, 33, 1, 4, 1, 106, '2022-11-12 00:26:09', NULL, NULL),
	(164, 481, NULL, 34, 1, 4, 1, 106, '2022-11-12 00:26:09', NULL, NULL),
	(165, 481, NULL, 35, 1, 4, 1, 106, '2022-11-12 00:26:09', NULL, NULL),
	(166, 481, NULL, 36, 1, 4, 1, 106, '2022-11-12 00:26:09', NULL, NULL),
	(167, 481, NULL, 38, 1, 4, 1, 106, '2022-11-12 00:26:09', NULL, NULL),
	(168, 482, NULL, 25, 1, 6, 1, 106, '2022-11-12 00:28:17', NULL, NULL),
	(169, 482, NULL, 26, 1, 6, 1, 106, '2022-11-12 00:28:17', NULL, NULL),
	(170, 482, NULL, 27, 1, 6, 1, 106, '2022-11-12 00:28:17', NULL, NULL),
	(171, 482, NULL, 28, 1, 6, 1, 106, '2022-11-12 00:28:17', NULL, NULL),
	(172, 482, NULL, 29, 1, 4, 1, 106, '2022-11-12 00:28:17', NULL, NULL),
	(173, 482, NULL, 30, 1, 4, 1, 106, '2022-11-12 00:28:17', NULL, NULL),
	(174, 482, NULL, 31, 1, 4, 1, 106, '2022-11-12 00:28:17', NULL, NULL),
	(175, 482, NULL, 32, 1, 4, 1, 106, '2022-11-12 00:28:17', NULL, NULL),
	(176, 482, NULL, 33, 1, 4, 1, 106, '2022-11-12 00:28:17', NULL, NULL),
	(177, 482, NULL, 34, 1, 4, 1, 106, '2022-11-12 00:28:17', NULL, NULL),
	(178, 482, NULL, 35, 1, 4, 1, 106, '2022-11-12 00:28:17', NULL, NULL),
	(179, 482, NULL, 36, 1, 4, 1, 106, '2022-11-12 00:28:17', NULL, NULL),
	(180, 482, NULL, 38, 1, 4, 1, 106, '2022-11-12 00:28:17', NULL, NULL),
	(181, 483, NULL, 25, 1, 6, 1, 106, '2022-11-12 00:28:17', NULL, NULL),
	(182, 483, NULL, 26, 1, 6, 1, 106, '2022-11-12 00:28:17', NULL, NULL),
	(183, 483, NULL, 27, 1, 6, 1, 106, '2022-11-12 00:28:17', NULL, NULL),
	(184, 483, NULL, 28, 1, 6, 1, 106, '2022-11-12 00:28:17', NULL, NULL),
	(185, 483, NULL, 29, 1, 4, 1, 106, '2022-11-12 00:28:17', NULL, NULL),
	(186, 483, NULL, 30, 1, 4, 1, 106, '2022-11-12 00:28:17', NULL, NULL),
	(187, 483, NULL, 31, 1, 4, 1, 106, '2022-11-12 00:28:17', NULL, NULL),
	(188, 483, NULL, 32, 1, 4, 1, 106, '2022-11-12 00:28:17', NULL, NULL),
	(189, 483, NULL, 33, 1, 4, 1, 106, '2022-11-12 00:28:17', NULL, NULL),
	(190, 483, NULL, 34, 1, 4, 1, 106, '2022-11-12 00:28:17', NULL, NULL),
	(191, 483, NULL, 35, 1, 4, 1, 106, '2022-11-12 00:28:17', NULL, NULL),
	(192, 483, NULL, 36, 1, 4, 1, 106, '2022-11-12 00:28:17', NULL, NULL),
	(193, 483, NULL, 38, 1, 4, 1, 106, '2022-11-12 00:28:17', NULL, NULL),
	(194, 484, NULL, 25, 1, 6, 1, 106, '2022-11-12 00:28:56', NULL, NULL),
	(195, 484, NULL, 26, 1, 6, 1, 106, '2022-11-12 00:28:56', NULL, NULL),
	(196, 484, NULL, 27, 1, 6, 1, 106, '2022-11-12 00:28:56', NULL, NULL),
	(197, 484, NULL, 28, 1, 6, 1, 106, '2022-11-12 00:28:56', NULL, NULL),
	(198, 484, NULL, 29, 1, 4, 1, 106, '2022-11-12 00:28:56', NULL, NULL),
	(199, 484, NULL, 30, 1, 4, 1, 106, '2022-11-12 00:28:56', NULL, NULL),
	(200, 484, NULL, 31, 1, 4, 1, 106, '2022-11-12 00:28:56', NULL, NULL),
	(201, 484, NULL, 32, 1, 4, 1, 106, '2022-11-12 00:28:56', NULL, NULL),
	(202, 484, NULL, 33, 1, 4, 1, 106, '2022-11-12 00:28:56', NULL, NULL),
	(203, 484, NULL, 34, 1, 4, 1, 106, '2022-11-12 00:28:56', NULL, NULL),
	(204, 484, NULL, 35, 1, 4, 1, 106, '2022-11-12 00:28:56', NULL, NULL),
	(205, 484, NULL, 36, 1, 4, 1, 106, '2022-11-12 00:28:56', NULL, NULL),
	(206, 484, NULL, 38, 1, 4, 1, 106, '2022-11-12 00:28:56', NULL, NULL),
	(207, 485, NULL, 25, 1, 6, 1, 106, '2022-11-12 00:28:56', NULL, NULL),
	(208, 485, NULL, 26, 1, 6, 1, 106, '2022-11-12 00:28:56', NULL, NULL),
	(209, 485, NULL, 27, 1, 6, 1, 106, '2022-11-12 00:28:56', NULL, NULL),
	(210, 485, NULL, 28, 1, 6, 1, 106, '2022-11-12 00:28:56', NULL, NULL),
	(211, 485, NULL, 29, 1, 4, 1, 106, '2022-11-12 00:28:56', NULL, NULL),
	(212, 485, NULL, 30, 1, 4, 1, 106, '2022-11-12 00:28:56', NULL, NULL),
	(213, 485, NULL, 31, 1, 4, 1, 106, '2022-11-12 00:28:56', NULL, NULL),
	(214, 485, NULL, 32, 1, 4, 1, 106, '2022-11-12 00:28:56', NULL, NULL),
	(215, 485, NULL, 33, 1, 4, 1, 106, '2022-11-12 00:28:56', NULL, NULL),
	(216, 485, NULL, 34, 1, 4, 1, 106, '2022-11-12 00:28:56', NULL, NULL),
	(217, 485, NULL, 35, 1, 4, 1, 106, '2022-11-12 00:28:56', NULL, NULL),
	(218, 485, NULL, 36, 1, 4, 1, 106, '2022-11-12 00:28:56', NULL, NULL),
	(219, 485, NULL, 38, 1, 4, 1, 106, '2022-11-12 00:28:56', NULL, NULL),
	(220, 486, NULL, 12, 2, 6, 1, 10, '2022-11-12 07:40:49', NULL, NULL),
	(221, 486, NULL, 13, 3, 6, 1, 10, '2022-11-12 07:40:49', NULL, NULL),
	(222, 282, NULL, 47, 2, 6, 1, 138, '2022-11-12 12:47:51', NULL, NULL),
	(223, 282, NULL, 48, 2, 6, 1, 138, '2022-11-12 12:47:51', NULL, NULL),
	(224, 282, NULL, 49, 2, 6, 1, 138, '2022-11-12 12:47:51', NULL, NULL),
	(225, 275, NULL, 47, 2, 6, 1, 138, '2022-11-12 12:48:46', NULL, NULL),
	(226, 275, NULL, 48, 2, 6, 1, 138, '2022-11-12 12:48:46', NULL, NULL),
	(227, 275, NULL, 49, 2, 6, 1, 138, '2022-11-12 12:48:46', NULL, NULL),
	(228, 468, NULL, 29, 5, 6, 1, 146, '2022-11-13 09:54:01', NULL, NULL),
	(229, 468, NULL, 35, 1, 6, 1, 146, '2022-11-13 09:54:01', NULL, NULL),
	(230, 487, NULL, 10, 2, 6, 1, 146, '2022-11-13 09:55:39', NULL, NULL),
	(231, 487, NULL, 11, 2, 4, 1, 146, '2022-11-13 09:55:39', NULL, NULL),
	(232, 488, NULL, 10, 2, 6, 1, 146, '2022-11-13 09:55:39', NULL, NULL),
	(233, 488, NULL, 11, 2, 4, 1, 146, '2022-11-13 09:55:39', NULL, NULL),
	(234, 489, NULL, 10, 2, 6, 1, 146, '2022-11-13 09:55:39', NULL, NULL),
	(235, 489, NULL, 11, 2, 4, 1, 146, '2022-11-13 09:55:39', NULL, NULL),
	(236, 490, NULL, 10, 2, 6, 1, 146, '2022-11-13 09:55:39', NULL, NULL),
	(237, 490, NULL, 11, 2, 4, 1, 146, '2022-11-13 09:55:39', NULL, NULL),
	(238, 362, NULL, 25, 0, 6, 1, 131, '2022-11-13 09:55:56', NULL, NULL),
	(239, 362, NULL, 26, 0, 6, 1, 131, '2022-11-13 09:55:56', NULL, NULL),
	(240, 362, NULL, 27, 0, 4, 1, 131, '2022-11-13 09:55:56', NULL, NULL),
	(241, 362, NULL, 29, 0, 4, 1, 131, '2022-11-13 09:55:56', NULL, NULL),
	(242, 49, NULL, 10, 0, 6, 1, 146, '2022-11-13 11:59:40', NULL, NULL),
	(243, 49, NULL, 11, 0, 6, 1, 146, '2022-11-13 11:59:40', NULL, NULL),
	(244, 49, NULL, 64, 0, 6, 1, 146, '2022-11-13 11:59:40', NULL, NULL),
	(245, 49, NULL, 65, 0, 6, 1, 146, '2022-11-13 11:59:40', NULL, NULL),
	(246, 458, NULL, 4, 2, 6, 1, 69, '2022-11-13 12:03:50', NULL, NULL),
	(247, 458, NULL, 6, 1, 6, 1, 69, '2022-11-13 12:03:50', NULL, NULL),
	(248, 458, NULL, 66, 3, 6, 1, 69, '2022-11-13 12:03:50', NULL, NULL),
	(249, 458, NULL, 67, 2, 6, 1, 69, '2022-11-13 12:03:50', NULL, NULL),
	(250, 82, NULL, 10, 1, 6, 1, 10, '2022-11-13 12:09:12', NULL, NULL),
	(251, 82, NULL, 11, 5, 6, 1, 10, '2022-11-13 12:09:12', NULL, NULL),
	(252, 82, NULL, 64, 2, 6, 1, 10, '2022-11-13 12:09:12', NULL, NULL),
	(253, 82, NULL, 65, 4, 6, 1, 10, '2022-11-13 12:09:12', NULL, NULL),
	(254, 35, NULL, 10, 1, 6, 1, 10, '2022-11-13 12:10:14', NULL, NULL),
	(255, 35, NULL, 11, 4, 6, 1, 10, '2022-11-13 12:10:14', NULL, NULL),
	(256, 35, NULL, 64, 2, 6, 1, 10, '2022-11-13 12:10:14', NULL, NULL),
	(257, 35, NULL, 65, 4, 6, 1, 10, '2022-11-13 12:10:14', NULL, NULL),
	(258, 396, NULL, 14, 0, 6, 1, 222, '2022-11-14 12:09:05', NULL, NULL),
	(259, 396, NULL, 37, 0, 6, 1, 222, '2022-11-14 12:09:05', NULL, NULL),
	(260, 491, NULL, 14, 2, 8, 1, 138, '2022-11-13 12:15:02', NULL, NULL),
	(261, 491, NULL, 37, 2, 6, 1, 138, '2022-11-13 12:15:02', NULL, NULL),
	(262, 492, NULL, 14, 2, 8, 1, 10, '2022-11-17 10:34:44', NULL, NULL),
	(263, 492, NULL, 37, 2, 6, 1, 10, '2022-11-17 10:34:44', NULL, NULL),
	(264, 493, NULL, 14, 2, 8, 1, 138, '2022-11-13 12:15:02', NULL, NULL),
	(265, 493, NULL, 37, 2, 6, 1, 138, '2022-11-13 12:15:02', NULL, NULL),
	(266, 494, NULL, 14, 2, 8, 1, 138, '2022-11-13 12:15:02', NULL, NULL),
	(267, 494, NULL, 37, 2, 6, 1, 138, '2022-11-13 12:15:02', NULL, NULL),
	(268, 495, NULL, 14, 2, 8, 1, 138, '2022-11-13 12:15:02', NULL, NULL),
	(269, 495, NULL, 37, 2, 6, 1, 138, '2022-11-13 12:15:02', NULL, NULL),
	(270, 496, NULL, 12, 5, 6, 1, 106, '2022-11-13 15:46:58', NULL, NULL),
	(271, 496, NULL, 13, 1, 6, 1, 106, '2022-11-13 15:46:58', NULL, NULL),
	(272, 497, NULL, 12, 5, 6, 1, 106, '2022-11-13 15:21:51', NULL, NULL),
	(273, 497, NULL, 13, 1, 6, 1, 106, '2022-11-13 15:21:51', NULL, NULL),
	(274, 498, NULL, 12, 5, 6, 1, 106, '2022-11-13 15:25:29', NULL, NULL),
	(275, 498, NULL, 13, 1, 6, 1, 106, '2022-11-13 15:25:29', NULL, NULL),
	(276, 499, NULL, 12, 5, 6, 1, 106, '2022-11-13 15:25:29', NULL, NULL),
	(277, 499, NULL, 13, 1, 6, 1, 106, '2022-11-13 15:25:29', NULL, NULL),
	(278, 501, NULL, 68, 10, 8, 1, 140, '2022-11-13 16:28:40', NULL, NULL),
	(279, 501, NULL, 69, 5, 6, 1, 140, '2022-11-13 16:28:40', NULL, NULL),
	(280, 501, NULL, 70, 2, 6, 1, 140, '2022-11-13 16:28:40', NULL, NULL),
	(281, 502, NULL, 68, 10, 8, 1, 140, '2022-11-13 16:28:40', NULL, NULL),
	(282, 502, NULL, 69, 5, 6, 1, 140, '2022-11-13 16:28:40', NULL, NULL),
	(283, 502, NULL, 70, 2, 6, 1, 140, '2022-11-13 16:28:40', NULL, NULL),
	(284, 503, NULL, 68, 10, 8, 1, 140, '2022-11-13 16:28:40', NULL, NULL),
	(285, 503, NULL, 69, 5, 6, 1, 140, '2022-11-13 16:28:40', NULL, NULL),
	(286, 503, NULL, 70, 2, 6, 1, 140, '2022-11-13 16:28:40', NULL, NULL),
	(287, 504, NULL, 68, 10, 8, 1, 140, '2022-11-13 16:28:40', NULL, NULL),
	(288, 504, NULL, 69, 5, 6, 1, 140, '2022-11-13 16:28:40', NULL, NULL),
	(289, 504, NULL, 70, 2, 6, 1, 140, '2022-11-13 16:28:40', NULL, NULL),
	(290, 505, NULL, 68, 10, 8, 1, 140, '2022-11-13 16:28:40', NULL, NULL),
	(291, 505, NULL, 69, 5, 6, 1, 140, '2022-11-13 16:28:40', NULL, NULL),
	(292, 505, NULL, 70, 2, 6, 1, 140, '2022-11-13 16:28:40', NULL, NULL),
	(293, 506, NULL, 68, 10, 8, 1, 140, '2022-11-13 16:28:40', NULL, NULL),
	(294, 506, NULL, 69, 5, 6, 1, 140, '2022-11-13 16:28:40', NULL, NULL),
	(295, 506, NULL, 70, 2, 6, 1, 140, '2022-11-13 16:28:40', NULL, NULL),
	(296, 507, NULL, 68, 10, 8, 1, 140, '2022-11-13 16:28:40', NULL, NULL),
	(297, 507, NULL, 69, 5, 6, 1, 140, '2022-11-13 16:28:40', NULL, NULL),
	(298, 507, NULL, 70, 2, 6, 1, 140, '2022-11-13 16:28:40', NULL, NULL),
	(299, 508, NULL, 68, 10, 8, 1, 140, '2022-11-13 16:28:40', NULL, NULL),
	(300, 508, NULL, 69, 5, 6, 1, 140, '2022-11-13 16:28:40', NULL, NULL),
	(301, 508, NULL, 70, 2, 6, 1, 140, '2022-11-13 16:28:40', NULL, NULL),
	(302, 509, NULL, 68, 10, 8, 1, 140, '2022-11-13 16:28:40', NULL, NULL),
	(303, 509, NULL, 69, 5, 6, 1, 140, '2022-11-13 16:28:40', NULL, NULL),
	(304, 509, NULL, 70, 2, 6, 1, 140, '2022-11-13 16:28:40', NULL, NULL),
	(305, 510, NULL, 68, 10, 8, 1, 140, '2022-11-13 16:28:40', NULL, NULL),
	(306, 510, NULL, 69, 5, 6, 1, 140, '2022-11-13 16:28:40', NULL, NULL),
	(307, 510, NULL, 70, 2, 6, 1, 140, '2022-11-13 16:28:40', NULL, NULL),
	(308, 511, NULL, 68, 10, 8, 1, 140, '2022-11-13 16:28:40', NULL, NULL),
	(309, 511, NULL, 69, 5, 6, 1, 140, '2022-11-13 16:28:40', NULL, NULL),
	(310, 511, NULL, 70, 2, 6, 1, 140, '2022-11-13 16:28:40', NULL, NULL),
	(311, 512, NULL, 68, 10, 8, 1, 140, '2022-11-13 16:28:40', NULL, NULL),
	(312, 512, NULL, 69, 5, 6, 1, 140, '2022-11-13 16:28:40', NULL, NULL),
	(313, 512, NULL, 70, 2, 6, 1, 140, '2022-11-13 16:28:40', NULL, NULL),
	(314, 513, NULL, 68, 10, 8, 1, 140, '2022-11-13 16:28:40', NULL, NULL),
	(315, 513, NULL, 69, 5, 6, 1, 140, '2022-11-13 16:28:40', NULL, NULL),
	(316, 513, NULL, 70, 2, 6, 1, 140, '2022-11-13 16:28:40', NULL, NULL),
	(317, 514, NULL, 68, 10, 8, 1, 140, '2022-11-13 16:28:40', NULL, NULL),
	(318, 514, NULL, 69, 5, 6, 1, 140, '2022-11-13 16:28:40', NULL, NULL),
	(319, 514, NULL, 70, 2, 6, 1, 140, '2022-11-13 16:28:40', NULL, NULL),
	(320, 515, NULL, 68, 10, 8, 1, 140, '2022-11-13 16:28:40', NULL, NULL),
	(321, 515, NULL, 69, 5, 6, 1, 140, '2022-11-13 16:28:40', NULL, NULL),
	(322, 515, NULL, 70, 2, 6, 1, 140, '2022-11-13 16:28:40', NULL, NULL),
	(323, 516, NULL, 68, 10, 8, 1, 140, '2022-11-13 16:28:40', NULL, NULL),
	(324, 516, NULL, 69, 5, 6, 1, 140, '2022-11-13 16:28:40', NULL, NULL),
	(325, 516, NULL, 70, 2, 6, 1, 140, '2022-11-13 16:28:40', NULL, NULL),
	(326, 517, NULL, 68, 10, 8, 1, 140, '2022-11-13 16:28:40', NULL, NULL),
	(327, 517, NULL, 69, 5, 6, 1, 140, '2022-11-13 16:28:40', NULL, NULL),
	(328, 517, NULL, 70, 2, 6, 1, 140, '2022-11-13 16:28:40', NULL, NULL),
	(329, 518, NULL, 68, 10, 8, 1, 140, '2022-11-13 16:28:40', NULL, NULL),
	(330, 518, NULL, 69, 5, 6, 1, 140, '2022-11-13 16:28:40', NULL, NULL),
	(331, 518, NULL, 70, 2, 6, 1, 140, '2022-11-13 16:28:40', NULL, NULL),
	(332, 519, NULL, 68, 10, 8, 1, 140, '2022-11-13 16:28:40', NULL, NULL),
	(333, 519, NULL, 69, 5, 6, 1, 140, '2022-11-13 16:28:40', NULL, NULL),
	(334, 519, NULL, 70, 2, 6, 1, 140, '2022-11-13 16:28:40', NULL, NULL),
	(335, 520, NULL, 68, 10, 8, 1, 140, '2022-11-13 16:28:40', NULL, NULL),
	(336, 520, NULL, 69, 5, 6, 1, 140, '2022-11-13 16:28:40', NULL, NULL),
	(337, 520, NULL, 70, 2, 6, 1, 140, '2022-11-13 16:28:40', NULL, NULL),
	(338, 521, NULL, 68, 10, 8, 1, 140, '2022-11-13 16:28:40', NULL, NULL),
	(339, 521, NULL, 69, 5, 6, 1, 140, '2022-11-13 16:28:40', NULL, NULL),
	(340, 521, NULL, 70, 2, 6, 1, 140, '2022-11-13 16:28:40', NULL, NULL),
	(341, 522, NULL, 68, 10, 8, 1, 140, '2022-11-13 16:28:40', NULL, NULL),
	(342, 522, NULL, 69, 5, 6, 1, 140, '2022-11-13 16:28:40', NULL, NULL),
	(343, 522, NULL, 70, 2, 6, 1, 140, '2022-11-13 16:28:40', NULL, NULL),
	(344, 523, NULL, 68, 10, 8, 1, 140, '2022-11-13 16:28:40', NULL, NULL),
	(345, 523, NULL, 69, 5, 6, 1, 140, '2022-11-13 16:28:40', NULL, NULL),
	(346, 523, NULL, 70, 2, 6, 1, 140, '2022-11-13 16:28:40', NULL, NULL),
	(347, 524, NULL, 68, 10, 8, 1, 140, '2022-11-13 16:28:40', NULL, NULL),
	(348, 524, NULL, 69, 5, 6, 1, 140, '2022-11-13 16:28:40', NULL, NULL),
	(349, 524, NULL, 70, 2, 6, 1, 140, '2022-11-13 16:28:40', NULL, NULL),
	(350, 525, NULL, 68, 10, 8, 1, 140, '2022-11-13 16:28:40', NULL, NULL),
	(351, 525, NULL, 69, 5, 6, 1, 140, '2022-11-13 16:28:40', NULL, NULL),
	(352, 525, NULL, 70, 2, 6, 1, 140, '2022-11-13 16:28:40', NULL, NULL),
	(353, 526, NULL, 68, 10, 8, 1, 140, '2022-11-13 16:28:40', NULL, NULL),
	(354, 526, NULL, 69, 5, 6, 1, 140, '2022-11-13 16:28:40', NULL, NULL),
	(355, 526, NULL, 70, 2, 6, 1, 140, '2022-11-13 16:28:40', NULL, NULL),
	(356, 527, NULL, 68, 10, 8, 1, 140, '2022-11-13 16:28:40', NULL, NULL),
	(357, 527, NULL, 69, 5, 6, 1, 140, '2022-11-13 16:28:41', NULL, NULL),
	(358, 527, NULL, 70, 2, 6, 1, 140, '2022-11-13 16:28:41', NULL, NULL),
	(359, 528, NULL, 68, 10, 8, 1, 140, '2022-11-13 16:28:41', NULL, NULL),
	(360, 528, NULL, 69, 5, 6, 1, 140, '2022-11-13 16:28:41', NULL, NULL),
	(361, 528, NULL, 70, 2, 6, 1, 140, '2022-11-13 16:28:41', NULL, NULL),
	(362, 529, NULL, 68, 10, 8, 1, 140, '2022-11-13 16:28:41', NULL, NULL),
	(363, 529, NULL, 69, 5, 6, 1, 140, '2022-11-13 16:28:41', NULL, NULL),
	(364, 529, NULL, 70, 2, 6, 1, 140, '2022-11-13 16:28:41', NULL, NULL),
	(365, 530, NULL, 68, 10, 8, 1, 140, '2022-11-13 16:28:41', NULL, NULL),
	(366, 530, NULL, 69, 5, 6, 1, 140, '2022-11-13 16:28:41', NULL, NULL),
	(367, 530, NULL, 70, 2, 6, 1, 140, '2022-11-13 16:28:41', NULL, NULL),
	(368, 531, NULL, 68, 10, 8, 1, 140, '2022-11-13 16:28:41', NULL, NULL),
	(369, 531, NULL, 69, 5, 6, 1, 140, '2022-11-13 16:28:41', NULL, NULL),
	(370, 531, NULL, 70, 2, 6, 1, 140, '2022-11-13 16:28:41', NULL, NULL),
	(371, 532, NULL, 68, 10, 8, 1, 140, '2022-11-13 16:28:41', NULL, NULL),
	(372, 532, NULL, 69, 5, 6, 1, 140, '2022-11-13 16:28:41', NULL, NULL),
	(373, 532, NULL, 70, 2, 6, 1, 140, '2022-11-13 16:28:41', NULL, NULL),
	(374, 533, NULL, 68, 10, 8, 1, 140, '2022-11-13 16:28:41', NULL, NULL),
	(375, 533, NULL, 69, 5, 6, 1, 140, '2022-11-13 16:28:41', NULL, NULL),
	(376, 533, NULL, 70, 2, 6, 1, 140, '2022-11-13 16:28:41', NULL, NULL),
	(377, 534, NULL, 68, 10, 8, 1, 140, '2022-11-13 16:28:41', NULL, NULL),
	(378, 534, NULL, 69, 5, 6, 1, 140, '2022-11-13 16:28:41', NULL, NULL),
	(379, 534, NULL, 70, 2, 6, 1, 140, '2022-11-13 16:28:41', NULL, NULL),
	(380, 535, NULL, 68, 10, 8, 1, 140, '2022-11-13 16:28:41', NULL, NULL),
	(381, 535, NULL, 69, 5, 6, 1, 140, '2022-11-13 16:28:41', NULL, NULL),
	(382, 535, NULL, 70, 2, 6, 1, 140, '2022-11-13 16:28:41', NULL, NULL),
	(383, 536, NULL, 68, 10, 8, 1, 140, '2022-11-13 16:28:41', NULL, NULL),
	(384, 536, NULL, 69, 5, 6, 1, 140, '2022-11-13 16:28:41', NULL, NULL),
	(385, 536, NULL, 70, 2, 6, 1, 140, '2022-11-13 16:28:41', NULL, NULL),
	(386, 537, NULL, 68, 10, 8, 1, 140, '2022-11-13 16:28:41', NULL, NULL),
	(387, 537, NULL, 69, 5, 6, 1, 140, '2022-11-13 16:28:41', NULL, NULL),
	(388, 537, NULL, 70, 2, 6, 1, 140, '2022-11-13 16:28:41', NULL, NULL),
	(389, 538, NULL, 68, 10, 8, 1, 140, '2022-11-13 16:28:41', NULL, NULL),
	(390, 538, NULL, 69, 5, 6, 1, 140, '2022-11-13 16:28:41', NULL, NULL),
	(391, 538, NULL, 70, 2, 6, 1, 140, '2022-11-13 16:28:41', NULL, NULL),
	(392, 539, NULL, 68, 10, 8, 1, 140, '2022-11-13 16:28:41', NULL, NULL),
	(393, 539, NULL, 69, 5, 6, 1, 140, '2022-11-13 16:28:41', NULL, NULL),
	(394, 539, NULL, 70, 2, 6, 1, 140, '2022-11-13 16:28:41', NULL, NULL),
	(395, 540, NULL, 68, 10, 8, 1, 140, '2022-11-13 16:28:41', NULL, NULL),
	(396, 540, NULL, 69, 5, 6, 1, 140, '2022-11-13 16:28:41', NULL, NULL),
	(397, 540, NULL, 70, 2, 6, 1, 140, '2022-11-13 16:28:41', NULL, NULL),
	(398, 541, NULL, 68, 10, 8, 1, 140, '2022-11-13 16:28:41', NULL, NULL),
	(399, 541, NULL, 69, 5, 6, 1, 140, '2022-11-13 16:28:41', NULL, NULL),
	(400, 541, NULL, 70, 2, 6, 1, 140, '2022-11-13 16:28:41', NULL, NULL),
	(401, 542, NULL, 68, 10, 8, 1, 140, '2022-11-13 16:28:41', NULL, NULL),
	(402, 542, NULL, 69, 5, 6, 1, 140, '2022-11-13 16:28:41', NULL, NULL),
	(403, 542, NULL, 70, 2, 6, 1, 140, '2022-11-13 16:28:41', NULL, NULL),
	(404, 543, NULL, 68, 10, 8, 1, 140, '2022-11-13 16:28:41', NULL, NULL),
	(405, 543, NULL, 69, 5, 6, 1, 140, '2022-11-13 16:28:41', NULL, NULL),
	(406, 543, NULL, 70, 2, 6, 1, 140, '2022-11-13 16:28:41', NULL, NULL),
	(407, 544, NULL, 68, 10, 8, 1, 140, '2022-11-13 16:28:41', NULL, NULL),
	(408, 544, NULL, 69, 5, 6, 1, 140, '2022-11-13 16:28:41', NULL, NULL),
	(409, 544, NULL, 70, 2, 6, 1, 140, '2022-11-13 16:28:41', NULL, NULL),
	(410, 545, NULL, 68, 10, 8, 1, 140, '2022-11-13 16:28:41', NULL, NULL),
	(411, 545, NULL, 69, 5, 6, 1, 140, '2022-11-13 16:28:41', NULL, NULL),
	(412, 545, NULL, 70, 2, 6, 1, 140, '2022-11-13 16:28:41', NULL, NULL),
	(413, 546, NULL, 68, 10, 8, 1, 140, '2022-11-13 16:28:41', NULL, NULL),
	(414, 546, NULL, 69, 5, 6, 1, 140, '2022-11-13 16:28:41', NULL, NULL),
	(415, 546, NULL, 70, 2, 6, 1, 140, '2022-11-13 16:28:41', NULL, NULL),
	(416, 547, NULL, 68, 10, 8, 1, 140, '2022-11-13 16:28:41', NULL, NULL),
	(417, 547, NULL, 69, 5, 6, 1, 140, '2022-11-13 16:28:41', NULL, NULL),
	(418, 547, NULL, 70, 2, 6, 1, 140, '2022-11-13 16:28:41', NULL, NULL),
	(419, 548, NULL, 68, 10, 8, 1, 140, '2022-11-13 16:28:41', NULL, NULL),
	(420, 548, NULL, 69, 5, 6, 1, 140, '2022-11-13 16:28:41', NULL, NULL),
	(421, 548, NULL, 70, 2, 6, 1, 140, '2022-11-13 16:28:41', NULL, NULL),
	(422, 549, NULL, 68, 10, 8, 1, 140, '2022-11-13 16:28:41', NULL, NULL),
	(423, 549, NULL, 69, 5, 6, 1, 140, '2022-11-13 16:28:41', NULL, NULL),
	(424, 549, NULL, 70, 2, 6, 1, 140, '2022-11-13 16:28:41', NULL, NULL),
	(425, 550, NULL, 68, 10, 8, 1, 140, '2022-11-13 16:28:41', NULL, NULL),
	(426, 550, NULL, 69, 5, 6, 1, 140, '2022-11-13 16:28:41', NULL, NULL),
	(427, 550, NULL, 70, 2, 6, 1, 140, '2022-11-13 16:28:41', NULL, NULL),
	(428, 551, NULL, 68, 10, 8, 1, 140, '2022-11-13 16:28:41', NULL, NULL),
	(429, 551, NULL, 69, 5, 6, 1, 140, '2022-11-13 16:28:41', NULL, NULL),
	(430, 551, NULL, 70, 2, 6, 1, 140, '2022-11-13 16:28:41', NULL, NULL),
	(431, 552, NULL, 68, 10, 8, 1, 140, '2022-11-13 16:28:41', NULL, NULL),
	(432, 552, NULL, 69, 5, 6, 1, 140, '2022-11-13 16:28:41', NULL, NULL),
	(433, 552, NULL, 70, 2, 6, 1, 140, '2022-11-13 16:28:41', NULL, NULL),
	(434, 553, NULL, 68, 10, 8, 1, 140, '2022-11-13 16:28:41', NULL, NULL),
	(435, 553, NULL, 69, 5, 6, 1, 140, '2022-11-13 16:28:41', NULL, NULL),
	(436, 553, NULL, 70, 2, 6, 1, 140, '2022-11-13 16:28:41', NULL, NULL),
	(437, 554, NULL, 68, 10, 8, 1, 140, '2022-11-13 16:28:41', NULL, NULL),
	(438, 554, NULL, 69, 5, 6, 1, 140, '2022-11-13 16:28:41', NULL, NULL),
	(439, 554, NULL, 70, 2, 6, 1, 140, '2022-11-13 16:28:41', NULL, NULL),
	(440, 555, NULL, 68, 10, 8, 1, 140, '2022-11-13 16:28:41', NULL, NULL),
	(441, 555, NULL, 69, 5, 6, 1, 140, '2022-11-13 16:28:41', NULL, NULL),
	(442, 555, NULL, 70, 2, 6, 1, 140, '2022-11-13 16:28:41', NULL, NULL),
	(443, 556, NULL, 68, 10, 8, 1, 140, '2022-11-13 16:28:41', NULL, NULL),
	(444, 556, NULL, 69, 5, 6, 1, 140, '2022-11-13 16:28:41', NULL, NULL),
	(445, 556, NULL, 70, 2, 6, 1, 140, '2022-11-13 16:28:41', NULL, NULL),
	(446, 557, NULL, 68, 10, 8, 1, 140, '2022-11-13 16:28:41', NULL, NULL),
	(447, 557, NULL, 69, 5, 6, 1, 140, '2022-11-13 16:28:41', NULL, NULL),
	(448, 557, NULL, 70, 2, 6, 1, 140, '2022-11-13 16:28:41', NULL, NULL),
	(449, 558, NULL, 68, 10, 8, 1, 140, '2022-11-13 16:28:42', NULL, NULL),
	(450, 558, NULL, 69, 5, 6, 1, 140, '2022-11-13 16:28:42', NULL, NULL),
	(451, 558, NULL, 70, 2, 6, 1, 140, '2022-11-13 16:28:42', NULL, NULL),
	(452, 559, NULL, 68, 10, 8, 1, 140, '2022-11-13 16:28:42', NULL, NULL),
	(453, 559, NULL, 69, 5, 6, 1, 140, '2022-11-13 16:28:42', NULL, NULL),
	(454, 559, NULL, 70, 2, 6, 1, 140, '2022-11-13 16:28:42', NULL, NULL),
	(455, 560, NULL, 68, 10, 8, 1, 140, '2022-11-13 16:28:42', NULL, NULL),
	(456, 560, NULL, 69, 5, 6, 1, 140, '2022-11-13 16:28:42', NULL, NULL),
	(457, 560, NULL, 70, 2, 6, 1, 140, '2022-11-13 16:28:42', NULL, NULL),
	(458, 561, NULL, 68, 10, 8, 1, 140, '2022-11-13 16:28:42', NULL, NULL),
	(459, 561, NULL, 69, 5, 6, 1, 140, '2022-11-13 16:28:42', NULL, NULL),
	(460, 561, NULL, 70, 2, 6, 1, 140, '2022-11-13 16:28:42', NULL, NULL),
	(461, 562, NULL, 68, 10, 8, 1, 140, '2022-11-13 16:28:42', NULL, NULL),
	(462, 562, NULL, 69, 5, 6, 1, 140, '2022-11-13 16:28:42', NULL, NULL),
	(463, 562, NULL, 70, 2, 6, 1, 140, '2022-11-13 16:28:42', NULL, NULL),
	(464, 563, NULL, 68, 10, 8, 1, 140, '2022-11-13 16:28:42', NULL, NULL),
	(465, 563, NULL, 69, 5, 6, 1, 140, '2022-11-13 16:28:42', NULL, NULL),
	(466, 563, NULL, 70, 2, 6, 1, 140, '2022-11-13 16:28:42', NULL, NULL),
	(467, 564, NULL, 68, 10, 8, 1, 140, '2022-11-13 16:28:42', NULL, NULL),
	(468, 564, NULL, 69, 5, 6, 1, 140, '2022-11-13 16:28:42', NULL, NULL),
	(469, 564, NULL, 70, 2, 6, 1, 140, '2022-11-13 16:28:42', NULL, NULL),
	(470, 565, NULL, 68, 10, 8, 1, 140, '2022-11-13 16:28:42', NULL, NULL),
	(471, 565, NULL, 69, 5, 6, 1, 140, '2022-11-13 16:28:42', NULL, NULL),
	(472, 565, NULL, 70, 2, 6, 1, 140, '2022-11-13 16:28:42', NULL, NULL),
	(473, 566, NULL, 68, 10, 8, 1, 140, '2022-11-13 16:28:42', NULL, NULL),
	(474, 566, NULL, 69, 5, 6, 1, 140, '2022-11-13 16:28:42', NULL, NULL),
	(475, 566, NULL, 70, 2, 6, 1, 140, '2022-11-13 16:28:42', NULL, NULL),
	(476, 567, NULL, 68, 10, 8, 1, 140, '2022-11-13 16:28:42', NULL, NULL),
	(477, 567, NULL, 69, 5, 6, 1, 140, '2022-11-13 16:28:42', NULL, NULL),
	(478, 567, NULL, 70, 2, 6, 1, 140, '2022-11-13 16:28:42', NULL, NULL),
	(479, 568, NULL, 68, 10, 8, 1, 140, '2022-11-13 16:28:42', NULL, NULL),
	(480, 568, NULL, 69, 5, 6, 1, 140, '2022-11-13 16:28:42', NULL, NULL),
	(481, 568, NULL, 70, 2, 6, 1, 140, '2022-11-13 16:28:42', NULL, NULL),
	(482, 569, NULL, 68, 10, 8, 1, 140, '2022-11-13 16:28:42', NULL, NULL),
	(483, 569, NULL, 69, 5, 6, 1, 140, '2022-11-13 16:28:42', NULL, NULL),
	(484, 569, NULL, 70, 2, 6, 1, 140, '2022-11-13 16:28:42', NULL, NULL),
	(485, 570, NULL, 68, 10, 8, 1, 140, '2022-11-13 16:28:42', NULL, NULL),
	(486, 570, NULL, 69, 5, 6, 1, 140, '2022-11-13 16:28:42', NULL, NULL),
	(487, 570, NULL, 70, 2, 6, 1, 140, '2022-11-13 16:28:42', NULL, NULL),
	(488, 571, NULL, 68, 10, 8, 1, 140, '2022-11-13 16:28:42', NULL, NULL),
	(489, 571, NULL, 69, 5, 6, 1, 140, '2022-11-13 16:28:42', NULL, NULL),
	(490, 571, NULL, 70, 2, 6, 1, 140, '2022-11-13 16:28:42', NULL, NULL),
	(491, 572, NULL, 68, 10, 8, 1, 140, '2022-11-13 16:28:42', NULL, NULL),
	(492, 572, NULL, 69, 5, 6, 1, 140, '2022-11-13 16:28:42', NULL, NULL),
	(493, 572, NULL, 70, 2, 6, 1, 140, '2022-11-13 16:28:42', NULL, NULL),
	(494, 573, NULL, 68, 10, 8, 1, 140, '2022-11-13 16:28:42', NULL, NULL),
	(495, 573, NULL, 69, 5, 6, 1, 140, '2022-11-13 16:28:42', NULL, NULL),
	(496, 573, NULL, 70, 2, 6, 1, 140, '2022-11-13 16:28:42', NULL, NULL),
	(497, 574, NULL, 68, 10, 8, 1, 140, '2022-11-13 16:28:42', NULL, NULL),
	(498, 574, NULL, 69, 5, 6, 1, 140, '2022-11-13 16:28:42', NULL, NULL),
	(499, 574, NULL, 70, 2, 6, 1, 140, '2022-11-13 16:28:42', NULL, NULL),
	(500, 575, NULL, 68, 10, 8, 1, 140, '2022-11-13 16:28:42', NULL, NULL),
	(501, 575, NULL, 69, 5, 6, 1, 140, '2022-11-13 16:28:42', NULL, NULL),
	(502, 575, NULL, 70, 2, 6, 1, 140, '2022-11-13 16:28:42', NULL, NULL),
	(503, 576, NULL, 68, 10, 8, 1, 140, '2022-11-13 16:28:42', NULL, NULL),
	(504, 576, NULL, 69, 5, 6, 1, 140, '2022-11-13 16:28:42', NULL, NULL),
	(505, 576, NULL, 70, 2, 6, 1, 140, '2022-11-13 16:28:42', NULL, NULL),
	(506, 577, NULL, 68, 10, 8, 1, 140, '2022-11-13 16:28:42', NULL, NULL),
	(507, 577, NULL, 69, 5, 6, 1, 140, '2022-11-13 16:28:42', NULL, NULL),
	(508, 577, NULL, 70, 2, 6, 1, 140, '2022-11-13 16:28:42', NULL, NULL),
	(509, 578, NULL, 68, 10, 8, 1, 140, '2022-11-13 16:28:42', NULL, NULL),
	(510, 578, NULL, 69, 5, 6, 1, 140, '2022-11-13 16:28:42', NULL, NULL),
	(511, 578, NULL, 70, 2, 6, 1, 140, '2022-11-13 16:28:42', NULL, NULL),
	(512, 579, NULL, 68, 10, 8, 1, 140, '2022-11-13 16:28:42', NULL, NULL),
	(513, 579, NULL, 69, 5, 6, 1, 140, '2022-11-13 16:28:42', NULL, NULL),
	(514, 579, NULL, 70, 2, 6, 1, 140, '2022-11-13 16:28:42', NULL, NULL),
	(515, 580, NULL, 68, 10, 8, 1, 140, '2022-11-13 16:28:42', NULL, NULL),
	(516, 580, NULL, 69, 5, 6, 1, 140, '2022-11-13 16:28:42', NULL, NULL),
	(517, 580, NULL, 70, 2, 6, 1, 140, '2022-11-13 16:28:42', NULL, NULL),
	(518, 581, NULL, 68, 10, 8, 1, 140, '2022-11-13 16:28:42', NULL, NULL),
	(519, 581, NULL, 69, 5, 6, 1, 140, '2022-11-13 16:28:42', NULL, NULL),
	(520, 581, NULL, 70, 2, 6, 1, 140, '2022-11-13 16:28:42', NULL, NULL),
	(521, 582, NULL, 68, 10, 8, 1, 140, '2022-11-13 16:28:42', NULL, NULL),
	(522, 582, NULL, 69, 5, 6, 1, 140, '2022-11-13 16:28:42', NULL, NULL),
	(523, 582, NULL, 70, 2, 6, 1, 140, '2022-11-13 16:28:42', NULL, NULL),
	(524, 583, NULL, 68, 10, 8, 1, 140, '2022-11-13 16:28:42', NULL, NULL),
	(525, 583, NULL, 69, 5, 6, 1, 140, '2022-11-13 16:28:42', NULL, NULL),
	(526, 583, NULL, 70, 2, 6, 1, 140, '2022-11-13 16:28:42', NULL, NULL),
	(527, 584, NULL, 68, 10, 8, 1, 140, '2022-11-13 16:28:42', NULL, NULL),
	(528, 584, NULL, 69, 5, 6, 1, 140, '2022-11-13 16:28:42', NULL, NULL),
	(529, 584, NULL, 70, 2, 6, 1, 140, '2022-11-13 16:28:42', NULL, NULL),
	(530, 585, NULL, 68, 10, 8, 1, 140, '2022-11-13 16:28:42', NULL, NULL),
	(531, 585, NULL, 69, 5, 6, 1, 140, '2022-11-13 16:28:42', NULL, NULL),
	(532, 585, NULL, 70, 2, 6, 1, 140, '2022-11-13 16:28:42', NULL, NULL),
	(533, 586, NULL, 68, 10, 8, 1, 140, '2022-11-13 16:28:43', NULL, NULL),
	(534, 586, NULL, 69, 5, 6, 1, 140, '2022-11-13 16:28:43', NULL, NULL),
	(535, 586, NULL, 70, 2, 6, 1, 140, '2022-11-13 16:28:43', NULL, NULL),
	(536, 587, NULL, 68, 10, 8, 1, 140, '2022-11-13 16:28:43', NULL, NULL),
	(537, 587, NULL, 69, 5, 6, 1, 140, '2022-11-13 16:28:43', NULL, NULL),
	(538, 587, NULL, 70, 2, 6, 1, 140, '2022-11-13 16:28:43', NULL, NULL),
	(539, 588, NULL, 68, 10, 8, 1, 140, '2022-11-13 16:28:43', NULL, NULL),
	(540, 588, NULL, 69, 5, 6, 1, 140, '2022-11-13 16:28:43', NULL, NULL),
	(541, 588, NULL, 70, 2, 6, 1, 140, '2022-11-13 16:28:43', NULL, NULL),
	(542, 589, NULL, 68, 10, 8, 1, 140, '2022-11-13 16:28:43', NULL, NULL),
	(543, 589, NULL, 69, 5, 6, 1, 140, '2022-11-13 16:28:43', NULL, NULL),
	(544, 589, NULL, 70, 2, 6, 1, 140, '2022-11-13 16:28:43', NULL, NULL),
	(545, 590, NULL, 68, 10, 8, 1, 140, '2022-11-13 16:28:43', NULL, NULL),
	(546, 590, NULL, 69, 5, 6, 1, 140, '2022-11-13 16:28:43', NULL, NULL),
	(547, 590, NULL, 70, 2, 6, 1, 140, '2022-11-13 16:28:43', NULL, NULL),
	(548, 591, NULL, 68, 10, 8, 1, 140, '2022-11-13 16:28:43', NULL, NULL),
	(549, 591, NULL, 69, 5, 6, 1, 140, '2022-11-13 16:28:43', NULL, NULL),
	(550, 591, NULL, 70, 2, 6, 1, 140, '2022-11-13 16:28:43', NULL, NULL),
	(551, 592, NULL, 68, 10, 8, 1, 140, '2022-11-13 16:28:43', NULL, NULL),
	(552, 592, NULL, 69, 5, 6, 1, 140, '2022-11-13 16:28:43', NULL, NULL),
	(553, 592, NULL, 70, 2, 6, 1, 140, '2022-11-13 16:28:43', NULL, NULL),
	(554, 593, NULL, 68, 10, 8, 1, 140, '2022-11-13 16:28:43', NULL, NULL),
	(555, 593, NULL, 69, 5, 6, 1, 140, '2022-11-13 16:28:43', NULL, NULL),
	(556, 593, NULL, 70, 2, 6, 1, 140, '2022-11-13 16:28:43', NULL, NULL),
	(557, 594, NULL, 68, 10, 8, 1, 140, '2022-11-13 16:28:43', NULL, NULL),
	(558, 594, NULL, 69, 5, 6, 1, 140, '2022-11-13 16:28:43', NULL, NULL),
	(559, 594, NULL, 70, 2, 6, 1, 140, '2022-11-13 16:28:43', NULL, NULL),
	(560, 595, NULL, 68, 10, 8, 1, 140, '2022-11-13 16:28:43', NULL, NULL),
	(561, 595, NULL, 69, 5, 6, 1, 140, '2022-11-13 16:28:43', NULL, NULL),
	(562, 595, NULL, 70, 2, 6, 1, 140, '2022-11-13 16:28:43', NULL, NULL),
	(563, 596, NULL, 68, 10, 8, 1, 140, '2022-11-13 16:28:43', NULL, NULL),
	(564, 596, NULL, 69, 5, 6, 1, 140, '2022-11-13 16:28:43', NULL, NULL),
	(565, 596, NULL, 70, 2, 6, 1, 140, '2022-11-13 16:28:43', NULL, NULL),
	(566, 597, NULL, 68, 10, 8, 1, 140, '2022-11-13 16:28:43', NULL, NULL),
	(567, 597, NULL, 69, 5, 6, 1, 140, '2022-11-13 16:28:43', NULL, NULL),
	(568, 597, NULL, 70, 2, 6, 1, 140, '2022-11-13 16:28:43', NULL, NULL),
	(569, 598, NULL, 68, 10, 8, 1, 140, '2022-11-13 16:28:43', NULL, NULL),
	(570, 598, NULL, 69, 5, 6, 1, 140, '2022-11-13 16:28:43', NULL, NULL),
	(571, 598, NULL, 70, 2, 6, 1, 140, '2022-11-13 16:28:43', NULL, NULL),
	(572, 599, NULL, 68, 10, 8, 1, 140, '2022-11-13 16:28:43', NULL, NULL),
	(573, 599, NULL, 69, 5, 6, 1, 140, '2022-11-13 16:28:43', NULL, NULL),
	(574, 599, NULL, 70, 2, 6, 1, 140, '2022-11-13 16:28:43', NULL, NULL),
	(575, 600, NULL, 68, 10, 8, 1, 140, '2022-11-13 16:28:43', NULL, NULL),
	(576, 600, NULL, 69, 5, 6, 1, 140, '2022-11-13 16:28:43', NULL, NULL),
	(577, 600, NULL, 70, 2, 6, 1, 140, '2022-11-13 16:28:43', NULL, NULL),
	(578, 601, NULL, 71, 1, 6, 1, 140, '2022-11-13 16:41:31', NULL, NULL),
	(579, 601, NULL, 72, 2, 6, 1, 140, '2022-11-13 16:41:31', NULL, NULL),
	(580, 601, NULL, 73, 2, 6, 1, 140, '2022-11-13 16:41:31', NULL, NULL),
	(581, 602, NULL, 71, 1, 6, 1, 140, '2022-11-13 16:41:31', NULL, NULL),
	(582, 602, NULL, 72, 2, 6, 1, 140, '2022-11-13 16:41:31', NULL, NULL),
	(583, 602, NULL, 73, 2, 6, 1, 140, '2022-11-13 16:41:31', NULL, NULL),
	(584, 467, NULL, 76, 2, 6, 1, 10, '2022-11-13 17:41:24', NULL, NULL),
	(585, 467, NULL, 77, 2, 6, 1, 10, '2022-11-13 17:41:24', NULL, NULL),
	(586, 467, NULL, 78, 2, 6, 1, 10, '2022-11-13 17:41:24', NULL, NULL),
	(587, 467, NULL, 79, 2, 6, 1, 10, '2022-11-13 17:41:24', NULL, NULL),
	(588, 467, NULL, 80, 2, 6, 1, 10, '2022-11-13 17:41:24', NULL, NULL),
	(589, 467, NULL, 81, 2, 6, 1, 10, '2022-11-13 17:41:24', NULL, NULL),
	(590, 467, NULL, 82, 2, 6, 1, 10, '2022-11-13 17:41:24', NULL, NULL),
	(591, 467, NULL, 83, 2, 6, 1, 10, '2022-11-13 17:41:24', NULL, NULL),
	(592, 467, NULL, 84, 2, 6, 1, 10, '2022-11-13 17:41:24', NULL, NULL),
	(593, 79, NULL, 10, 2, 6, 1, 10, '2022-11-14 11:19:58', NULL, NULL),
	(594, 79, NULL, 11, 2, 6, 1, 10, '2022-11-14 11:19:58', NULL, NULL),
	(595, 79, NULL, 64, 2, 6, 1, 10, '2022-11-14 11:19:58', NULL, NULL),
	(596, 79, NULL, 65, 2, 6, 1, 10, '2022-11-14 11:19:58', NULL, NULL),
	(597, 462, NULL, 66, 0, 0, 1, 146, '2022-11-17 12:08:49', NULL, NULL),
	(598, 603, NULL, 25, 1, 4, 1, 10, '2022-11-15 15:26:06', NULL, NULL),
	(599, 603, NULL, 26, 1, 8, 1, 10, '2022-11-15 15:26:06', NULL, NULL),
	(600, 603, NULL, 27, 1, 8, 1, 10, '2022-11-15 15:26:06', NULL, NULL),
	(601, 603, NULL, 28, 1, 6, 1, 10, '2022-11-15 15:26:06', NULL, NULL),
	(602, 603, NULL, 29, 1, 6, 1, 10, '2022-11-15 15:26:06', NULL, NULL),
	(603, 603, NULL, 30, 1, 6, 1, 10, '2022-11-15 15:26:06', NULL, NULL),
	(604, 603, NULL, 31, 1, 6, 1, 10, '2022-11-15 15:26:06', NULL, NULL),
	(605, 603, NULL, 32, 1, 6, 1, 10, '2022-11-15 15:26:06', NULL, NULL),
	(606, 603, NULL, 33, 1, 6, 1, 10, '2022-11-15 15:26:06', NULL, NULL),
	(607, 603, NULL, 34, 1, 6, 1, 10, '2022-11-15 15:26:06', NULL, NULL),
	(608, 603, NULL, 35, 1, 6, 1, 10, '2022-11-15 15:26:06', NULL, NULL),
	(609, 603, NULL, 36, 1, 6, 1, 10, '2022-11-15 15:26:06', NULL, NULL),
	(610, 603, NULL, 38, 1, 6, 1, 10, '2022-11-15 15:26:06', NULL, NULL),
	(611, 606, NULL, 13, 2, 6, 1, 10, '2022-12-02 10:28:31', NULL, NULL),
	(612, 607, NULL, 13, 2, 6, 1, 10, '2022-12-02 10:28:51', NULL, NULL),
	(613, 608, NULL, 13, 2, 6, 1, 10, '2022-11-20 20:31:40', NULL, NULL),
	(614, 609, NULL, 13, 2, 6, 1, 10, '2022-11-20 20:31:27', NULL, NULL),
	(615, 606, NULL, 80, 8, 6, 1, 10, '2022-12-02 10:28:31', NULL, NULL),
	(616, 39, NULL, 10, 1, 6, 1, 10, '2022-11-22 11:48:24', NULL, NULL),
	(617, 39, NULL, 11, 1, 6, 1, 10, '2022-11-22 11:48:24', NULL, NULL),
	(618, 39, NULL, 64, 1, 6, 1, 10, '2022-11-22 11:48:24', NULL, NULL),
	(619, 610, NULL, 12, 5, 6, 1, 10, '2022-11-25 16:52:20', NULL, NULL),
	(620, 610, NULL, 13, 2, 6, 1, 10, '2022-11-25 16:52:20', NULL, NULL),
	(621, 610, NULL, 80, 10, 6, 1, 10, '2022-11-25 16:52:20', NULL, NULL),
	(622, 610, NULL, 82, 1, 6, 1, 10, '2022-11-25 16:52:20', NULL, NULL),
	(623, 611, NULL, 12, 5, 6, 1, 10, '2022-11-25 16:53:21', NULL, NULL),
	(624, 611, NULL, 13, 2, 6, 1, 10, '2022-11-25 16:53:21', NULL, NULL),
	(625, 611, NULL, 80, 10, 6, 1, 10, '2022-11-25 16:53:21', NULL, NULL),
	(626, 611, NULL, 82, 1, 6, 1, 10, '2022-11-25 16:53:21', NULL, NULL),
	(627, 610, NULL, 79, 0, 28, 1, 10, '2022-11-25 16:52:20', NULL, NULL),
	(628, 612, NULL, 90, 4, 6, 1, 68, '2022-11-29 22:01:54', NULL, NULL),
	(629, 612, NULL, 91, 4, 4, 1, 68, '2022-11-29 22:01:54', NULL, NULL),
	(630, 612, NULL, 92, 1, 6, 1, 68, '2022-11-29 22:01:54', NULL, NULL),
	(631, 612, NULL, 93, 1, 6, 1, 68, '2022-11-29 22:01:54', NULL, NULL),
	(632, 613, NULL, 90, 4, 6, 1, 68, '2022-11-29 22:00:55', NULL, NULL),
	(633, 613, NULL, 91, 4, 4, 1, 68, '2022-11-29 22:00:55', NULL, NULL),
	(634, 613, NULL, 92, 1, 6, 1, 68, '2022-11-29 22:00:55', NULL, NULL),
	(635, 613, NULL, 93, 1, 6, 1, 68, '2022-11-29 22:00:55', NULL, NULL),
	(636, 614, NULL, 90, 4, 6, 1, 68, '2022-11-29 22:02:21', NULL, NULL),
	(637, 614, NULL, 91, 4, 4, 1, 68, '2022-11-29 22:02:21', NULL, NULL),
	(638, 614, NULL, 92, 1, 6, 1, 68, '2022-11-29 22:02:21', NULL, NULL),
	(639, 614, NULL, 93, 1, 6, 1, 68, '2022-11-29 22:02:21', NULL, NULL),
	(640, 615, NULL, 4, 2, 4, 1, 10, '2022-11-30 11:21:33', NULL, NULL),
	(641, 615, NULL, 5, 1, 6, 1, 10, '2022-11-30 11:21:33', NULL, NULL),
	(642, 616, NULL, 4, 2, 4, 1, 10, '2022-11-30 11:21:33', NULL, NULL),
	(643, 616, NULL, 5, 1, 6, 1, 10, '2022-11-30 11:21:33', NULL, NULL),
	(644, 617, NULL, 5, 1, 6, 1, 234, '2022-11-30 11:24:30', NULL, NULL),
	(645, 617, NULL, 7, 1, 6, 1, 234, '2022-11-30 11:24:30', NULL, NULL),
	(646, 617, NULL, 67, 5, 6, 1, 234, '2022-11-30 11:24:30', NULL, NULL),
	(647, 618, NULL, 5, 1, 6, 1, 234, '2022-11-30 11:24:30', NULL, NULL),
	(648, 618, NULL, 7, 1, 6, 1, 234, '2022-11-30 11:24:30', NULL, NULL),
	(649, 618, NULL, 67, 5, 6, 1, 234, '2022-11-30 11:24:30', NULL, NULL),
	(650, 619, NULL, 5, 1, 6, 1, 234, '2022-11-30 11:24:30', NULL, NULL),
	(651, 619, NULL, 7, 1, 6, 1, 234, '2022-11-30 11:24:30', NULL, NULL),
	(652, 619, NULL, 67, 5, 6, 1, 234, '2022-11-30 11:24:30', NULL, NULL),
	(653, 620, NULL, 5, 1, 6, 1, 234, '2022-11-30 11:24:30', NULL, NULL),
	(654, 620, NULL, 7, 1, 6, 1, 234, '2022-11-30 11:24:30', NULL, NULL),
	(655, 620, NULL, 67, 5, 6, 1, 234, '2022-11-30 11:24:30', NULL, NULL),
	(656, 621, NULL, 5, 1, 6, 1, 234, '2022-11-30 11:24:30', NULL, NULL),
	(657, 621, NULL, 7, 1, 6, 1, 234, '2022-11-30 11:24:30', NULL, NULL),
	(658, 621, NULL, 67, 5, 6, 1, 234, '2022-11-30 11:24:30', NULL, NULL),
	(659, 622, NULL, 99, 1, 32, 1, 279, '2022-11-30 11:30:05', NULL, NULL),
	(660, 623, NULL, 99, 1, 32, 1, 279, '2022-11-30 16:32:00', NULL, NULL),
	(661, 624, NULL, 99, 1, 32, 1, 279, '2022-11-30 11:24:35', NULL, NULL),
	(662, 625, NULL, 99, 1, 32, 1, 279, '2022-11-30 11:24:35', NULL, NULL),
	(663, 626, NULL, 99, 1, 32, 1, 279, '2022-11-30 11:24:35', NULL, NULL),
	(664, 627, NULL, 10, 2, 6, 1, 10, '2022-11-30 11:27:51', NULL, NULL),
	(665, 627, NULL, 11, 2, 6, 1, 10, '2022-11-30 11:27:51', NULL, NULL),
	(666, 627, NULL, 64, 2, 6, 1, 10, '2022-11-30 11:27:51', NULL, NULL),
	(667, 627, NULL, 65, 2, 6, 1, 10, '2022-11-30 11:27:51', NULL, NULL),
	(668, 628, NULL, 10, 2, 6, 1, 10, '2022-11-30 11:27:52', NULL, NULL),
	(669, 628, NULL, 11, 2, 6, 1, 10, '2022-11-30 11:27:52', NULL, NULL),
	(670, 628, NULL, 64, 2, 6, 1, 10, '2022-11-30 11:27:52', NULL, NULL),
	(671, 628, NULL, 65, 2, 6, 1, 10, '2022-11-30 11:27:52', NULL, NULL),
	(672, 629, NULL, 10, 2, 6, 1, 10, '2022-11-30 11:27:52', NULL, NULL),
	(673, 629, NULL, 11, 2, 6, 1, 10, '2022-11-30 11:27:52', NULL, NULL),
	(674, 629, NULL, 64, 2, 6, 1, 10, '2022-11-30 11:27:52', NULL, NULL),
	(675, 629, NULL, 65, 2, 6, 1, 10, '2022-11-30 11:27:52', NULL, NULL),
	(676, 630, NULL, 10, 2, 6, 1, 10, '2022-11-30 11:27:52', NULL, NULL),
	(677, 630, NULL, 11, 2, 6, 1, 10, '2022-11-30 11:27:52', NULL, NULL),
	(678, 630, NULL, 64, 2, 6, 1, 10, '2022-11-30 11:27:52', NULL, NULL),
	(679, 630, NULL, 65, 2, 6, 1, 10, '2022-11-30 11:27:52', NULL, NULL),
	(680, 631, NULL, 10, 2, 6, 1, 10, '2022-11-30 11:27:53', NULL, NULL),
	(681, 631, NULL, 11, 2, 6, 1, 10, '2022-11-30 11:27:53', NULL, NULL),
	(682, 631, NULL, 64, 2, 6, 1, 10, '2022-11-30 11:27:53', NULL, NULL),
	(683, 631, NULL, 65, 2, 6, 1, 10, '2022-11-30 11:27:53', NULL, NULL),
	(684, 632, NULL, 12, 10, 34, 1, 10, '2022-12-02 13:33:43', NULL, NULL),
	(685, 632, NULL, 13, 2, 34, 1, 10, '2022-12-02 13:33:43', NULL, NULL),
	(686, 632, NULL, 83, 2, 34, 1, 10, '2022-12-02 13:33:43', NULL, NULL),
	(687, 632, NULL, 84, 10, 34, 1, 10, '2022-12-02 13:33:43', NULL, NULL),
	(688, 633, NULL, 12, 10, 34, 1, 10, '2022-12-02 13:27:42', NULL, NULL),
	(689, 633, NULL, 13, 2, 34, 1, 10, '2022-12-02 13:27:42', NULL, NULL),
	(690, 633, NULL, 83, 2, 34, 1, 10, '2022-12-02 13:27:42', NULL, NULL),
	(691, 633, NULL, 84, 10, 34, 1, 10, '2022-12-02 13:27:42', NULL, NULL);
/*!40000 ALTER TABLE `quarters_inventory` ENABLE KEYS */;

-- Dumping structure for table staging_epro_kuarters_johor.quarters_offer_letter
CREATE TABLE IF NOT EXISTS `quarters_offer_letter` (
  `id` int(11) NOT NULL AUTO_INCREMENT,
  `application_id` int(11) DEFAULT '0',
  `letter_ref_no` varchar(50) NOT NULL,
  `running_no` int(11) NOT NULL DEFAULT '0',
  `letter_date` date DEFAULT NULL,
  `deposit` decimal(10,2) DEFAULT NULL,
  `rental_rate` decimal(10,2) DEFAULT NULL,
  `final_confirmation_date` date DEFAULT NULL,
  `manager` varchar(50) DEFAULT NULL,
  `data_status` tinyint(4) DEFAULT '1',
  `action_by` int(11) DEFAULT NULL,
  `action_on` datetime DEFAULT NULL,
  `delete_by` int(11) DEFAULT NULL,
  `delete_on` datetime DEFAULT NULL,
  PRIMARY KEY (`id`),
  KEY `FK_application` (`application_id`)
) ENGINE=InnoDB AUTO_INCREMENT=22 DEFAULT CHARSET=latin1;

-- Dumping data for table staging_epro_kuarters_johor.quarters_offer_letter: ~20 rows (approximately)
/*!40000 ALTER TABLE `quarters_offer_letter` DISABLE KEYS */;
INSERT INTO `quarters_offer_letter` (`id`, `application_id`, `letter_ref_no`, `running_no`, `letter_date`, `deposit`, `rental_rate`, `final_confirmation_date`, `manager`, `data_status`, `action_by`, `action_on`, `delete_by`, `delete_on`) VALUES
	(1, 21, 'SUKJ.BKP.200-9/3/', 1, '2022-11-25', NULL, 130.00, '2022-12-09', 'NISA', 1, 140, '2022-11-25 13:29:13', NULL, NULL),
	(2, 22, 'SUKJ.BKP.200-9/3/', 2, '2022-11-25', NULL, 130.00, '2022-12-09', 'NISA', 1, 140, '2022-11-25 13:29:13', NULL, NULL),
	(3, 23, 'SUKJ.BKP.200-9/3/', 3, '2022-11-25', NULL, 130.00, '2022-12-09', 'NISA', 1, 140, '2022-11-25 14:09:13', NULL, NULL),
	(4, 31, 'SUKJ.BKP.200-9/3/', 4, '2022-11-27', NULL, 130.00, '2022-12-11', 'NISA', 1, 140, '2022-11-27 19:23:15', NULL, NULL),
	(5, 32, 'SUKJ.BKP.200-9/3/', 5, '2022-11-28', NULL, 130.00, '2022-12-12', 'NISA', 1, 10, '2022-11-28 12:44:22', NULL, NULL),
	(6, 25, 'SUKJ.BKP.200-9/3/', 6, '2022-11-28', NULL, 130.00, '2022-12-12', 'NISA', 1, 140, '2022-11-28 22:49:55', NULL, NULL),
	(7, 33, 'SUKJ.BKP.200-9/3/', 7, '2022-11-28', NULL, 25.00, '2022-12-12', 'NISA', 1, 140, '2022-11-28 22:50:23', NULL, NULL),
	(8, 36, 'SUKJ.BKP.200-9/3/', 8, '2022-11-29', NULL, 130.00, '2022-12-13', 'NISA', 1, 10, '2022-11-29 07:33:17', NULL, NULL),
	(9, 29, 'SUKJ.BKP.200-9/3/', 9, '2022-11-29', NULL, 130.00, '2022-12-13', 'NISA', 1, 10, '2022-11-29 09:03:58', NULL, NULL),
	(10, 37, 'SUKJ.BKP.200-9/3/', 10, '2022-11-29', NULL, 130.00, '2022-12-13', 'NISA', 1, 10, '2022-11-29 09:40:56', NULL, NULL),
	(12, 9, 'SUKJ.BKP.200-9/3/', 11, '2022-11-29', NULL, 130.00, '2022-12-13', 'NISA', 1, 10, '2022-11-29 13:03:40', NULL, NULL),
	(13, 10, 'SUKJ.BKP.200-9/3/', 12, '2022-11-29', NULL, 35.00, '2022-12-13', 'NISA', 1, 10, '2022-11-29 13:03:40', NULL, NULL),
	(14, 11, 'SUKJ.BKP.200-9/3/', 13, '2022-11-29', NULL, 130.00, '2022-12-13', 'NISA', 1, 10, '2022-11-29 15:26:55', NULL, NULL),
	(15, 15, 'SUKJ.BKP.200-9/3/', 14, '2022-11-29', NULL, 130.00, '2022-12-13', 'NISA', 1, 68, '2022-11-29 22:23:12', NULL, NULL),
	(16, 16, 'SUKJ.BKP.200-9/3/', 15, '2022-11-30', NULL, 25.00, '2022-12-14', 'NISA', 1, 10, '2022-11-30 02:08:13', NULL, NULL),
	(17, 17, 'SUKJ.BKP.200-9/3/', 16, '2022-11-30', NULL, 25.00, '2022-12-14', 'NISA', 1, 10, '2022-11-30 12:42:01', NULL, NULL),
	(18, 19, 'SUKJ.BKP.200-9/3/', 17, '2022-11-30', NULL, 130.00, '2022-12-14', 'NISA', 1, 10, '2022-11-30 15:26:56', NULL, NULL),
	(19, 12, 'SUKJ.BKP.200-9/3/', 18, '2022-12-02', NULL, 30.00, '2022-12-16', 'NISA', 1, 10, '2022-12-02 07:21:46', NULL, NULL),
	(20, 30, 'SUKJ.BKP.200-9/3/', 19, '2022-12-02', NULL, 25.00, '2022-12-16', 'NISA', 1, 10, '2022-12-02 07:37:20', NULL, NULL),
	(21, 37, 'SUKJ.BKP.200-9/3/', 20, '2022-12-03', NULL, 30.00, '2022-12-17', 'NISA', 1, 10, '2022-12-03 22:02:45', NULL, NULL);
/*!40000 ALTER TABLE `quarters_offer_letter` ENABLE KEYS */;

-- Dumping structure for table staging_epro_kuarters_johor.quarters_option_no
CREATE TABLE IF NOT EXISTS `quarters_option_no` (
  `id` int(11) NOT NULL AUTO_INCREMENT,
  `option_no` int(11) DEFAULT NULL,
  `execution_date` varchar(50) DEFAULT NULL,
  `data_status` int(11) DEFAULT '1',
  `action_by` varchar(50) DEFAULT NULL,
  `action_on` varchar(50) DEFAULT NULL,
  `delete_by` varchar(50) DEFAULT NULL,
  `delete_on` varchar(50) DEFAULT NULL,
  PRIMARY KEY (`id`)
) ENGINE=InnoDB AUTO_INCREMENT=20 DEFAULT CHARSET=latin1;

-- Dumping data for table staging_epro_kuarters_johor.quarters_option_no: ~19 rows (approximately)
/*!40000 ALTER TABLE `quarters_option_no` DISABLE KEYS */;
INSERT INTO `quarters_option_no` (`id`, `option_no`, `execution_date`, `data_status`, `action_by`, `action_on`, `delete_by`, `delete_on`) VALUES
	(1, 2, '2022-11-01 00:00:00', 0, '140', '2022-11-30 10:14:42', '140', '2022-11-30 10:14:51'),
	(2, 5, '2022-11-01 00:00:00', 0, '201', '2022-11-07 03:33:58', '102', '2022-11-07 04:11:51'),
	(3, 3, '2022-11-01 00:00:00', 0, '10', '2022-11-07 04:13:30', '10', '2022-11-07 04:16:47'),
	(4, 2, '2022-11-07 00:00:00', 0, '10', '2022-11-07 08:16:49', '10', '2022-11-09 12:26:30'),
	(5, 10, '2022-11-03 00:00:00', 0, '106', '2022-11-10 18:56:11', '106', '2022-11-10 18:57:14'),
	(6, 4, '2022-11-15 00:00:00', 0, '10', '2022-11-11 10:47:20', '10', '2022-11-11 10:47:30'),
	(7, 9, '2022-11-29 00:00:00', 0, '10', '2022-11-11 10:43:20', '10', '2022-11-11 10:43:45'),
	(8, 3, '2022-11-20 00:00:00', 0, '10', '2022-11-11 17:17:43', '10', '2022-11-11 17:18:46'),
	(9, 45, '2022-11-29 00:00:00', 0, '110', '2022-11-11 11:12:23', '110', '2022-11-11 11:12:29'),
	(10, 13, '2022-11-01 00:00:00', 0, '106', '2022-11-16 21:19:27', '10', '2022-11-17 09:46:28'),
	(11, 9, '2022-11-01 00:00:00', 0, '10', '2022-11-17 08:46:14', '10', '2022-11-17 08:46:57'),
	(12, 101, '2022-11-01 00:00:00', 0, '10', '2022-11-19 11:48:23', '10', '2022-11-19 11:48:51'),
	(13, 4, '2022-11-23 00:00:00', 0, '138', '2022-11-23 15:58:12', '138', '2022-11-23 15:58:29'),
	(14, 4, '2022-12-01 00:00:00', 0, '10', '2022-11-25 00:09:27', '10', '2022-11-25 00:18:08'),
	(15, 2, '2022-12-02 00:00:00', 1, '10', '2022-11-30 10:13:40', NULL, NULL),
	(16, 2, '2022-11-01 00:00:00', 1, '278', '2022-11-30 10:13:50', NULL, NULL),
	(17, 2, '2022-12-02 00:00:00', 0, '140', '2022-11-30 10:13:58', '278', '2022-11-30 10:14:52'),
	(18, 50, '2022-11-30 00:00:00', 0, '105', '2022-11-30 10:23:32', '105', '2022-11-30 10:23:46'),
	(19, 8, '2022-12-01 00:00:00', 0, '10', '2022-12-02 00:58:30', '10', '2022-12-02 01:00:12');
/*!40000 ALTER TABLE `quarters_option_no` ENABLE KEYS */;

-- Dumping structure for table staging_epro_kuarters_johor.radius
CREATE TABLE IF NOT EXISTS `radius` (
  `id` int(11) NOT NULL AUTO_INCREMENT,
  `radius` decimal(10,1) DEFAULT NULL COMMENT 'IN KM',
  `date_start` date DEFAULT NULL,
  `data_status` tinyint(4) DEFAULT '1',
  `action_by` int(11) DEFAULT NULL,
  `action_on` datetime DEFAULT NULL,
  `delete_by` int(11) DEFAULT NULL,
  `delete_on` datetime DEFAULT NULL,
  PRIMARY KEY (`id`),
  KEY `FK_radius_users` (`action_by`),
  KEY `FK_radius_users_2` (`delete_by`),
  CONSTRAINT `FK_radius_users` FOREIGN KEY (`action_by`) REFERENCES `users` (`id`) ON DELETE NO ACTION ON UPDATE NO ACTION,
  CONSTRAINT `FK_radius_users_2` FOREIGN KEY (`delete_by`) REFERENCES `users` (`id`) ON DELETE NO ACTION ON UPDATE NO ACTION
) ENGINE=InnoDB AUTO_INCREMENT=57 DEFAULT CHARSET=latin1;

-- Dumping data for table staging_epro_kuarters_johor.radius: ~56 rows (approximately)
/*!40000 ALTER TABLE `radius` DISABLE KEYS */;
INSERT INTO `radius` (`id`, `radius`, `date_start`, `data_status`, `action_by`, `action_on`, `delete_by`, `delete_on`) VALUES
	(1, 33.0, '2022-10-20', 0, 10, '2022-10-10 03:56:29', 118, '2022-10-11 03:59:42'),
	(2, 40.0, '2022-10-27', 0, 10, '2022-10-10 03:56:41', 118, '2022-10-11 03:59:45'),
	(3, 32.0, '2022-10-11', 0, 15, '2022-10-11 04:35:50', 15, '2022-10-11 04:36:09'),
	(4, 25.0, '2022-10-01', 0, 15, '2022-10-11 07:36:16', 68, '2022-10-11 07:36:05'),
	(5, NULL, '2022-10-18', 0, 68, '2022-10-11 04:37:05', 10, '2022-10-11 07:35:48'),
	(6, NULL, '2022-10-21', 0, 106, '2022-10-11 06:47:46', 15, '2022-10-11 07:35:51'),
	(7, 2000.0, '2022-10-15', 0, 68, '2022-10-11 07:17:00', 15, '2022-10-11 07:35:56'),
	(8, 5.0, '2022-10-11', 0, 15, '2022-10-11 06:54:16', 68, '2022-10-11 07:36:10'),
	(9, NULL, '2022-10-27', 0, 110, '2022-10-11 06:50:03', 68, '2022-10-11 07:35:45'),
	(10, 22.0, '2022-10-11', 0, 15, '2022-10-11 06:51:22', 68, '2022-10-11 07:36:02'),
	(11, NULL, '2022-10-31', 0, 68, '2022-10-11 06:56:09', 15, '2022-10-11 07:35:47'),
	(12, 1212.0, '2022-10-11', 0, 10, '2022-10-11 07:36:05', 15, '2022-10-11 07:36:00'),
	(13, 35.5, '2022-10-31', 0, 15, '2022-10-11 07:38:22', 68, '2022-10-11 07:42:32'),
	(14, 40.0, '2022-10-24', 0, 68, '2022-10-11 07:36:42', 68, '2022-10-11 07:42:37'),
	(15, 30.5, '2022-10-15', 0, 15, '2022-10-11 07:38:08', 68, '2022-10-11 07:37:57'),
	(16, 10.0, '2022-10-30', 0, 68, '2022-10-11 07:37:36', 68, '2022-10-11 07:42:45'),
	(17, 20.0, '2022-11-01', 0, 68, '2022-10-11 07:38:16', 68, '2022-10-11 07:42:41'),
	(18, 20.0, '2022-11-02', 0, 68, '2022-10-11 07:39:00', 68, '2022-10-11 07:42:49'),
	(19, 30.0, '2022-11-06', 0, 68, '2022-10-11 07:39:19', 68, '2022-10-11 07:42:53'),
	(20, 15.0, '2022-11-08', 0, 68, '2022-10-11 07:39:43', 68, '2022-10-11 07:42:57'),
	(21, 20.0, '2022-11-08', 0, 68, '2022-10-11 07:40:16', 68, '2022-10-11 07:42:28'),
	(22, 10.0, '2022-10-11', 0, 68, '2022-10-11 07:43:12', 68, '2022-10-20 07:48:52'),
	(23, 20.0, '2022-10-11', 0, 68, '2022-10-11 07:43:27', 68, '2022-10-20 07:48:55'),
	(24, 6.7, '2022-10-30', 0, 106, '2022-10-11 07:48:38', 106, '2022-10-11 07:49:56'),
	(25, 5.0, '2022-10-30', 0, 106, '2022-10-11 07:49:03', 10, '2022-11-02 04:31:31'),
	(26, 23.0, '2022-10-12', 0, 10, '2022-10-12 08:33:45', 174, '2022-10-26 08:14:28'),
	(27, 5.0, '2022-10-20', 0, 110, '2022-10-13 00:20:03', 10, '2022-11-02 04:31:19'),
	(28, 23.0, '2022-10-21', 0, 10, '2022-10-17 02:52:25', 10, '2022-10-17 02:52:35'),
	(29, 8.0, '2022-10-19', 0, 10, '2022-10-19 02:08:05', 10, '2022-11-02 04:31:09'),
	(30, 25.0, '2022-10-28', 0, 10, '2022-10-19 02:09:13', 10, '2022-10-19 02:09:59'),
	(31, 20.0, '2022-11-01', 0, 68, '2022-10-20 07:47:43', 10, '2022-11-02 04:31:40'),
	(32, 25.0, '2022-11-02', 0, 68, '2022-10-20 07:48:31', 10, '2022-11-08 06:55:03'),
	(33, 20.0, '2022-11-03', 0, 68, '2022-10-20 07:48:44', 10, '2022-11-07 08:15:09'),
	(34, 8.0, '2022-10-26', 0, 10, '2022-11-02 04:40:46', 140, '2022-11-07 03:15:42'),
	(35, 5.0, '2022-10-29', 0, 10, '2022-10-27 03:18:39', 140, '2022-11-07 03:15:46'),
	(36, 150.0, '2022-10-28', 0, 10, '2022-10-31 02:30:08', 10, '2022-10-31 02:30:15'),
	(37, 22.0, '2022-11-04', 0, 10, '2022-11-02 04:33:04', 10, '2022-11-07 08:15:13'),
	(38, 12.9, '2022-12-01', 0, 10, '2022-11-02 17:19:45', 140, '2022-11-07 03:16:07'),
	(39, 42.0, '2022-10-01', 0, 10, '2022-11-03 06:13:09', 140, '2022-11-07 03:15:33'),
	(40, 42.0, '2022-10-02', 0, 10, '2022-11-03 06:12:53', 140, '2022-11-07 03:15:38'),
	(41, 59.3, '2022-11-10', 0, 10, '2022-11-06 02:29:56', 10, '2022-11-06 02:30:03'),
	(42, 42.0, '2022-12-24', 0, 10, '2022-11-06 04:38:36', 140, '2022-11-07 03:15:56'),
	(43, 0.5, '2022-11-11', 1, 130, '2022-11-11 15:06:01', NULL, NULL),
	(44, 5.0, '2022-11-07', 0, 10, '2022-11-07 03:59:22', 10, '2022-11-07 03:59:53'),
	(45, 37.0, '2022-11-07', 0, 10, '2022-11-07 04:14:45', 10, '2022-11-07 08:14:52'),
	(46, 20.2, '2022-10-15', 0, 106, '2022-11-10 17:23:04', 106, '2022-11-10 17:23:33'),
	(47, 50.5, '2022-11-20', 0, 10, '2022-11-11 10:40:23', 10, '2022-11-11 10:40:48'),
	(48, 55.0, '2022-11-28', 0, 10, '2022-11-11 10:39:16', 10, '2022-11-11 10:40:56'),
	(49, 25.0, '2022-11-20', 0, 10, '2022-11-11 10:46:03', 10, '2022-11-11 10:46:13'),
	(50, 5.0, '2022-11-24', 1, 10, '2022-11-21 10:40:25', NULL, NULL),
	(51, 12.5, '2022-11-19', 0, 10, '2022-11-19 11:36:21', 10, '2022-11-19 11:37:07'),
	(52, 54535.0, '2022-12-03', 0, 10, '2022-11-21 10:43:39', 10, '2022-11-21 10:43:44'),
	(53, 10.0, '2022-12-01', 0, 138, '2022-11-23 15:38:11', 138, '2022-11-23 15:38:18'),
	(54, 24.5, '2022-12-01', 1, 10, '2022-11-25 00:02:44', NULL, NULL),
	(55, 32.0, '2024-10-31', 1, 10, '2022-11-30 10:11:05', NULL, NULL),
	(56, 15.5, '2022-12-15', 0, 10, '2022-12-02 00:49:36', 10, '2022-12-02 00:52:09');
/*!40000 ALTER TABLE `radius` ENABLE KEYS */;

-- Dumping structure for table staging_epro_kuarters_johor.residence_type
CREATE TABLE IF NOT EXISTS `residence_type` (
  `id` int(11) NOT NULL AUTO_INCREMENT,
  `residence_type` varchar(255) DEFAULT NULL,
  `data_status` int(11) DEFAULT '1',
  PRIMARY KEY (`id`) USING BTREE
) ENGINE=InnoDB AUTO_INCREMENT=4 DEFAULT CHARSET=latin1;

-- Dumping data for table staging_epro_kuarters_johor.residence_type: ~3 rows (approximately)
/*!40000 ALTER TABLE `residence_type` DISABLE KEYS */;
INSERT INTO `residence_type` (`id`, `residence_type`, `data_status`) VALUES
	(1, 'RUMAH SENDIRI', 1),
	(2, 'MENYEWA', 1),
	(3, 'MENUMPANG', 1);
/*!40000 ALTER TABLE `residence_type` ENABLE KEYS */;

-- Dumping structure for table staging_epro_kuarters_johor.roles
CREATE TABLE IF NOT EXISTS `roles` (
  `id` int(11) NOT NULL AUTO_INCREMENT,
  `name` varchar(255) DEFAULT NULL,
  `is_district` int(11) DEFAULT NULL COMMENT '1:record filtered by district',
  `data_status` int(11) DEFAULT '1',
  `action_by` int(11) DEFAULT NULL,
  `action_on` datetime DEFAULT NULL,
  `delete_by` int(11) DEFAULT NULL,
  `delete_on` datetime DEFAULT NULL,
  PRIMARY KEY (`id`),
  KEY `FK_roles_users` (`action_by`),
  KEY `FK_roles_users_2` (`delete_by`),
  CONSTRAINT `FK_roles_users` FOREIGN KEY (`action_by`) REFERENCES `users` (`id`) ON DELETE NO ACTION ON UPDATE NO ACTION,
  CONSTRAINT `FK_roles_users_2` FOREIGN KEY (`delete_by`) REFERENCES `users` (`id`) ON DELETE NO ACTION ON UPDATE NO ACTION
) ENGINE=InnoDB AUTO_INCREMENT=71 DEFAULT CHARSET=latin1;

-- Dumping data for table staging_epro_kuarters_johor.roles: ~70 rows (approximately)
/*!40000 ALTER TABLE `roles` DISABLE KEYS */;
INSERT INTO `roles` (`id`, `name`, `is_district`, `data_status`, `action_by`, `action_on`, `delete_by`, `delete_on`) VALUES
	(1, 'SUPER ADMIN (PPTM)', 1, 0, 10, '2022-11-29 15:55:55', 140, '2022-11-30 10:40:12'),
	(2, 'SUPER ADMIN', 0, 0, 138, '2022-11-23 12:33:23', 10, '2022-11-29 15:56:06'),
	(3, 'PENOLONG JURUTERA', 0, 0, 234, '2022-11-30 11:09:49', 140, '2022-11-30 11:10:14'),
	(4, 'MESYUARAT PENGERUSI', NULL, 0, 15, '2022-10-13 03:32:24', 10, '2022-11-07 03:43:14'),
	(5, 'POLISI KUARTERS (ADMIN)', NULL, 0, 10, '2022-10-17 06:27:32', 10, '2022-10-17 06:45:58'),
	(6, 'XXX2022', NULL, 0, 10, '2022-10-17 06:29:56', 10, '2022-10-17 06:31:39'),
	(7, 'AAAA', NULL, 0, 10, '2022-10-17 06:33:04', 10, '2022-10-17 06:33:21'),
	(8, 'KUARTERS (ADMIN)', NULL, 0, 10, '2022-10-17 06:34:39', 10, '2022-10-17 06:47:58'),
	(9, 'XXX', NULL, 0, 10, '2022-10-17 06:45:21', 10, '2022-10-17 06:45:49'),
	(10, 'KUARTERS (ADMIN)', NULL, 0, 110, '2022-10-26 03:32:04', 10, '2022-10-27 02:30:34'),
	(11, 'POLISI OKTOBER', NULL, 0, 10, '2022-10-18 04:36:39', 10, '2022-10-18 05:27:46'),
	(12, 'XXX 2022', 1, 0, 10, '2022-10-18 05:25:07', 10, '2022-10-18 05:27:33'),
	(13, 'PENOLONG JURUTERA', NULL, 0, 10, '2022-10-26 02:34:21', 10, '2022-10-26 02:54:31'),
	(14, 'COBAAN', 1, 0, 118, '2022-10-26 04:30:26', 10, '2022-10-26 04:36:33'),
	(15, 'FIT TEST', NULL, 0, 110, '2022-10-26 03:12:44', 110, '2022-10-26 03:14:58'),
	(16, 'ZAINOL', NULL, 0, 110, '2022-10-26 03:14:14', 110, '2022-10-26 03:15:42'),
	(17, 'FIT TEST2', NULL, 0, 110, '2022-10-26 03:32:30', 110, '2022-10-26 04:35:51'),
	(18, 'ZIRA TEST', NULL, 0, 68, '2022-10-26 03:28:20', 10, '2022-10-26 03:34:57'),
	(19, 'PEMANTAUAN ADUAN', 1, 1, 10, '2022-11-18 22:46:22', NULL, NULL),
	(20, 'FIT TEST2', NULL, 0, 110, '2022-10-26 04:34:17', 10, '2022-10-26 04:36:39'),
	(21, 'FIT TEST2', NULL, 0, 110, '2022-10-26 04:35:41', 10, '2022-10-26 04:36:43'),
	(22, 'ADMIN TETAP 1', NULL, 0, 10, '2022-10-27 03:50:12', 10, '2022-10-27 03:51:52'),
	(23, 'A D M I N 2 0 2 2', NULL, 0, 10, '2022-10-27 03:54:29', 68, '2022-10-31 01:10:03'),
	(24, '2022', NULL, 0, 10, '2022-10-27 08:15:57', 10, '2022-10-27 08:35:32'),
	(25, '2022', NULL, 0, 10, '2022-10-27 08:15:57', 10, '2022-10-27 08:35:29'),
	(26, 'NAZIRA', NULL, 0, 68, '2022-10-30 09:03:05', 68, '2022-10-30 09:43:13'),
	(27, 'TEST PERANAN', 1, 0, 68, '2022-10-31 01:07:34', 10, '2022-11-03 04:09:01'),
	(28, 'XX', 1, 0, 10, '2022-10-31 01:46:23', 10, '2022-11-03 04:09:06'),
	(29, 'TRY', 1, 0, 10, '2022-11-01 01:32:16', 10, '2022-11-01 02:23:54'),
	(30, 'SUPER DUPER ADMIN', 1, 0, 10, '2022-11-03 04:01:51', 135, '2022-11-07 07:19:24'),
	(31, 'TEST', 1, 0, 10, '2022-11-04 04:40:18', 135, '2022-11-07 07:19:19'),
	(32, 'TSW - POLICY 112022', 1, 0, 189, '2022-11-06 02:44:28', 10, '2022-11-07 03:42:22'),
	(33, 'TESTING', 1, 0, 10, '2022-11-06 03:35:49', 10, '2022-11-06 03:36:18'),
	(34, 'TESTINGG', 0, 0, 10, '2022-11-06 03:41:12', 10, '2022-11-06 03:43:57'),
	(35, 'POLISI WAN', 0, 0, 194, '2022-11-06 06:52:12', 194, '2022-11-06 06:52:18'),
	(36, 'POLICY KUARTERS', 1, 0, 10, '2022-11-06 15:41:22', 10, '2022-11-06 16:33:44'),
	(37, 'TEST123', 0, 0, 10, '2022-11-06 16:38:08', 10, '2022-11-06 16:38:32'),
	(38, 'ABC', 1, 0, 10, '2022-11-06 16:44:09', 10, '2022-11-07 03:42:16'),
	(39, 'PANEL DALAMAN', 0, 1, 10, '2022-11-07 03:32:49', NULL, NULL),
	(40, 'PANEL LUAR', 0, 1, 10, '2022-11-29 15:59:44', NULL, NULL),
	(41, 'TEST PANEL', 0, 0, 10, '2022-11-07 03:38:30', 10, '2022-11-07 03:42:09'),
	(42, 'TEST FARHA', 0, 0, 105, '2022-11-07 03:53:59', 135, '2022-11-07 04:25:13'),
	(43, 'ADMIN KUARTERS', 0, 1, 10, '2022-11-11 12:59:40', NULL, NULL),
	(44, 'PEGAWAI PENYEMAK', 1, 1, 222, '2022-11-12 11:07:38', NULL, NULL),
	(45, 'TESTT', 0, 0, 10, '2022-11-10 16:54:47', 140, '2022-11-13 15:11:15'),
	(46, 'RERERERE', 0, 0, 140, '2022-11-08 04:21:17', 10, '2022-11-29 15:56:21'),
	(47, 'TESTINGSS', 1, 0, 10, '2022-11-10 15:15:17', 10, '2022-11-10 15:15:42'),
	(48, 'RUNNER', 1, 0, 130, '2022-11-11 12:06:18', 130, '2022-11-11 12:06:30'),
	(49, 'NOV RAIN 2022', 0, 0, 10, '2022-11-11 15:21:55', 10, '2022-11-11 15:28:14'),
	(50, 'TESTING', 1, 0, 10, '2022-11-12 02:51:59', 10, '2022-11-24 16:12:10'),
	(51, 'PEGAWAI PELULUS', 1, 1, 222, '2022-11-12 11:07:06', NULL, NULL),
	(52, 'PENDAFTAR AKAUN', 1, 1, 10, '2022-11-29 15:57:45', NULL, NULL),
	(53, 'ZAINAB', 1, 0, 10, '2022-11-15 16:02:46', 10, '2022-11-29 15:56:28'),
	(54, 'TEST', 0, 0, 106, '2022-11-15 16:46:18', 106, '2022-11-15 17:11:52'),
	(55, 'PERCUBAAN', 0, 0, 141, '2022-11-16 08:40:02', 10, '2022-11-29 15:56:34'),
	(56, 'XXX', 0, 0, 106, '2022-11-15 17:18:14', 106, '2022-11-15 17:28:41'),
	(57, 'HAI HAI SELAMAT MENGUNDI', 0, 0, 10, '2022-11-17 16:37:19', 10, '2022-11-29 15:56:45'),
	(58, 'ABCZZZ', 1, 0, 10, '2022-11-18 11:08:09', 10, '2022-11-18 11:09:24'),
	(59, 'TESTINGGGGGGG', 1, 0, 10, '2022-11-18 22:56:47', 10, '2022-11-18 22:57:23'),
	(60, 'UNDI 2022', 1, 0, 10, '2022-11-21 14:35:54', 10, '2022-11-21 14:39:36'),
	(61, 'TESTER', 1, 0, 138, '2022-11-23 12:25:17', 138, '2022-11-23 12:34:01'),
	(62, 'PM', 1, 0, 10, '2022-11-24 15:54:43', 10, '2022-11-29 15:56:55'),
	(63, 'PM10', 1, 0, 10, '2022-11-24 16:10:47', 10, '2022-11-29 15:57:05'),
	(64, 'ADMIN DAERAH', 0, 1, 274, '2022-11-30 10:23:47', NULL, NULL),
	(65, 'ADMIN BKP', 0, 0, 10, '2022-11-30 10:39:42', 10, '2022-11-30 10:39:55'),
	(66, 'ADMIN PEJ DAERAH', 0, 0, 274, '2022-11-30 10:39:23', 274, '2022-11-30 10:41:28'),
	(67, 'BKP', 1, 0, 278, '2022-11-30 10:43:55', 278, '2022-11-30 10:44:53'),
	(68, 'ADMIN BKP', 1, 1, 278, '2022-11-30 10:39:58', NULL, NULL),
	(69, 'SUPER ADMIN', 0, 1, 234, '2022-11-30 11:08:13', NULL, NULL),
	(70, 'TESTING LAGI', 1, 0, 10, '2022-12-02 15:06:51', 10, '2022-12-02 15:08:49');
/*!40000 ALTER TABLE `roles` ENABLE KEYS */;

-- Dumping structure for table staging_epro_kuarters_johor.roles_abilities
CREATE TABLE IF NOT EXISTS `roles_abilities` (
  `roles_id` int(11) NOT NULL DEFAULT '0',
  `config_menu_id` int(11) DEFAULT NULL,
  `config_submenu_id` int(11) DEFAULT NULL,
  `abilities` varchar(50) DEFAULT NULL COMMENT 'V-A-U-D-E -> View, Add, Update, Delete, Email',
  KEY `FK_roles_abilities_config_menu` (`config_menu_id`),
  KEY `FK_roles_abilities_config_submenu` (`config_submenu_id`),
  KEY `FK_roles_abilities_role` (`roles_id`),
  CONSTRAINT `FK_roles_abilities_config_menu` FOREIGN KEY (`config_menu_id`) REFERENCES `config_menu` (`id`) ON DELETE NO ACTION ON UPDATE NO ACTION,
  CONSTRAINT `FK_roles_abilities_role` FOREIGN KEY (`roles_id`) REFERENCES `roles` (`id`) ON DELETE NO ACTION ON UPDATE NO ACTION
) ENGINE=InnoDB DEFAULT CHARSET=latin1;

-- Dumping data for table staging_epro_kuarters_johor.roles_abilities: ~329 rows (approximately)
/*!40000 ALTER TABLE `roles_abilities` DISABLE KEYS */;
INSERT INTO `roles_abilities` (`roles_id`, `config_menu_id`, `config_submenu_id`, `abilities`) VALUES
	(39, 1, 40, ''),
	(39, 2, 2, ''),
	(39, 2, 1, ''),
	(39, 2, 3, ''),
	(39, 3, 62, ''),
	(39, 3, 63, ''),
	(39, 3, 9, ''),
	(39, 3, 11, ''),
	(39, 3, 10, ''),
	(39, 3, 4, ''),
	(39, 3, 5, ''),
	(39, 3, 12, ''),
	(39, 3, 56, ''),
	(39, 3, 55, ''),
	(39, 3, 60, ''),
	(39, 3, 44, ''),
	(39, 3, 13, ''),
	(39, 3, 58, ''),
	(39, 3, 42, ''),
	(39, 4, 14, ''),
	(39, 6, 45, ''),
	(39, 6, 47, ''),
	(39, 6, 16, ''),
	(39, 6, 49, ''),
	(39, 7, 17, ''),
	(39, 7, 59, 'A-U-V'),
	(39, 7, 18, 'U-V'),
	(39, 8, 61, ''),
	(39, 8, 54, ''),
	(39, 9, 22, ''),
	(39, 9, 23, ''),
	(39, 10, 24, ''),
	(39, 10, 26, ''),
	(39, 10, 25, ''),
	(39, 11, 27, ''),
	(39, 11, 28, ''),
	(39, 12, 29, ''),
	(39, 12, 30, ''),
	(39, 12, 31, ''),
	(39, 13, 33, ''),
	(39, 13, 32, ''),
	(39, 14, 52, ''),
	(39, 14, 38, ''),
	(39, 14, 37, ''),
	(39, 14, 36, ''),
	(39, 14, 39, ''),
	(39, 17, 43, ''),
	(39, 18, 53, ''),
	(39, 7, 59, 'A-U-V'),
	(39, 7, 18, 'U-V'),
	(43, 1, 40, 'V'),
	(43, 2, 2, 'A-U-V-D'),
	(43, 2, 1, 'A-U-V-D'),
	(43, 2, 3, 'U-V'),
	(43, 3, 62, 'V'),
	(43, 3, 63, 'V'),
	(43, 3, 9, 'V'),
	(43, 3, 11, 'V'),
	(43, 3, 10, 'V'),
	(43, 3, 55, 'A-U-V-D'),
	(43, 3, 44, 'A-U-V-D'),
	(43, 3, 13, 'A-U-V-D'),
	(43, 3, 58, 'A-U-V-D'),
	(43, 3, 42, 'A-U-V-D'),
	(43, 3, 4, 'A-U-V-D'),
	(43, 3, 5, 'A-U-V-D'),
	(43, 3, 12, 'A-U-V-D'),
	(43, 3, 56, 'A-U-V-D'),
	(43, 4, 14, 'A-U-V'),
	(43, 6, 45, 'A-U-V'),
	(43, 6, 47, 'U-V'),
	(43, 6, 16, 'U-V'),
	(43, 6, 49, 'U-V'),
	(43, 7, 59, 'A-U-V'),
	(43, 7, 17, 'A-U-V'),
	(43, 7, 18, 'U-V'),
	(51, 1, 40, 'V'),
	(51, 2, 2, ''),
	(51, 2, 1, ''),
	(51, 2, 3, ''),
	(51, 3, 62, ''),
	(51, 3, 63, ''),
	(51, 3, 9, ''),
	(51, 3, 11, ''),
	(51, 3, 10, ''),
	(51, 3, 55, ''),
	(51, 3, 44, ''),
	(51, 3, 13, ''),
	(51, 3, 58, ''),
	(51, 3, 42, ''),
	(51, 3, 4, ''),
	(51, 3, 5, ''),
	(51, 3, 12, ''),
	(51, 3, 56, ''),
	(51, 4, 14, ''),
	(51, 6, 45, ''),
	(51, 6, 47, ''),
	(51, 6, 16, 'V'),
	(51, 6, 49, 'U-V'),
	(51, 7, 17, ''),
	(51, 7, 59, ''),
	(51, 7, 18, ''),
	(51, 8, 54, ''),
	(51, 9, 23, ''),
	(51, 9, 22, ''),
	(51, 10, 25, ''),
	(51, 10, 24, ''),
	(51, 10, 26, ''),
	(51, 11, 28, ''),
	(51, 11, 27, ''),
	(51, 12, 31, ''),
	(51, 12, 29, ''),
	(51, 12, 30, ''),
	(51, 13, 33, ''),
	(51, 13, 32, ''),
	(51, 14, 52, ''),
	(51, 14, 38, ''),
	(51, 14, 37, ''),
	(51, 14, 36, ''),
	(51, 14, 39, ''),
	(51, 15, 65, ''),
	(51, 15, 66, ''),
	(51, 17, 43, ''),
	(51, 18, 53, ''),
	(51, 19, 60, ''),
	(51, 1, 40, 'V'),
	(51, 6, 16, 'V'),
	(51, 6, 49, 'U-V'),
	(44, 6, 16, 'U-V'),
	(44, 6, 49, 'V'),
	(44, 7, 17, 'A-U-V'),
	(44, 7, 59, 'A-U-V'),
	(44, 7, 18, 'U-V'),
	(19, 1, 40, 'V'),
	(19, 2, 2, 'V'),
	(19, 2, 1, 'V'),
	(19, 2, 3, 'V'),
	(19, 3, 62, 'V'),
	(19, 3, 63, 'V'),
	(19, 3, 9, 'V'),
	(19, 3, 11, 'V'),
	(19, 3, 10, 'V'),
	(19, 3, 55, 'V'),
	(19, 3, 44, 'V'),
	(19, 3, 13, 'V'),
	(19, 3, 58, 'V'),
	(19, 3, 42, 'A-U-V-D'),
	(19, 3, 4, 'V'),
	(19, 3, 5, 'V'),
	(19, 3, 12, 'A-U-V-D'),
	(19, 3, 56, 'V'),
	(19, 4, 14, 'V'),
	(19, 6, 45, 'V'),
	(19, 6, 47, 'V'),
	(19, 6, 16, 'V'),
	(19, 6, 49, 'V'),
	(19, 7, 17, 'V'),
	(19, 7, 59, 'V'),
	(19, 7, 18, 'V'),
	(19, 8, 54, 'V'),
	(19, 13, 33, 'U-V'),
	(19, 13, 32, 'U-V'),
	(19, 15, 65, 'V'),
	(19, 15, 66, 'V-D'),
	(19, 17, 43, 'V'),
	(19, 18, 53, 'V'),
	(19, 19, 60, 'V'),
	(52, 1, 40, 'V'),
	(52, 2, 2, 'A-U-V-D'),
	(52, 2, 1, 'A-U-V-D'),
	(52, 2, 3, 'U-V'),
	(52, 3, 55, 'A-U-V-D'),
	(52, 19, 60, 'V'),
	(40, 7, 17, 'U'),
	(40, 7, 59, 'A-U-V-D'),
	(40, 7, 18, 'U-V'),
	(64, 1, 40, 'V'),
	(64, 2, 2, 'A-U-V-D'),
	(64, 2, 1, 'A-U-V-D'),
	(64, 2, 3, 'U-V'),
	(64, 3, 62, 'V'),
	(64, 3, 63, 'V'),
	(64, 3, 9, 'V'),
	(64, 3, 11, 'V'),
	(64, 3, 10, 'V'),
	(64, 3, 55, 'A-U-V-D'),
	(64, 3, 44, 'A-U-V-D'),
	(64, 3, 13, 'A-U-V-D'),
	(64, 3, 58, 'A-U-V-D'),
	(64, 3, 42, 'A-U-V-D'),
	(64, 3, 4, 'A-U-V-D'),
	(64, 3, 5, 'A-U-V-D'),
	(64, 3, 12, 'A-U-V-D'),
	(64, 3, 56, 'A-U-V-D'),
	(64, 4, 14, 'A-U-V-D'),
	(64, 6, 45, 'A-U-V-D'),
	(64, 6, 47, 'U-V'),
	(64, 6, 16, 'U-V'),
	(64, 6, 49, 'U-V'),
	(64, 7, 17, 'A-U-V-D'),
	(64, 7, 59, 'A-U-V-D'),
	(64, 7, 18, 'U-V'),
	(64, 8, 54, 'A-U-V-D'),
	(64, 8, 19, 'V'),
	(64, 8, 20, 'V'),
	(64, 13, 33, 'U-V'),
	(64, 13, 32, 'U-V'),
	(64, 15, 65, 'V-D'),
	(64, 15, 66, 'V-D'),
	(64, 18, 53, 'A-U-V-D'),
	(64, 19, 60, 'A-U-V-D'),
	(64, 20, 28, 'V'),
	(68, 1, 40, 'V'),
	(68, 2, 2, ''),
	(68, 2, 1, ''),
	(68, 2, 3, ''),
	(68, 3, 62, ''),
	(68, 3, 63, ''),
	(68, 3, 9, ''),
	(68, 3, 11, ''),
	(68, 3, 10, ''),
	(68, 3, 55, ''),
	(68, 3, 44, ''),
	(68, 3, 13, ''),
	(68, 3, 58, ''),
	(68, 3, 42, ''),
	(68, 3, 4, ''),
	(68, 3, 5, ''),
	(68, 3, 12, ''),
	(68, 3, 56, ''),
	(68, 4, 14, ''),
	(68, 6, 45, ''),
	(68, 6, 47, ''),
	(68, 6, 16, ''),
	(68, 6, 49, ''),
	(68, 7, 17, ''),
	(68, 7, 59, ''),
	(68, 7, 18, ''),
	(68, 8, 54, ''),
	(68, 8, 19, ''),
	(68, 8, 20, ''),
	(68, 9, 22, ''),
	(68, 9, 23, ''),
	(68, 10, 26, ''),
	(68, 10, 25, ''),
	(68, 10, 24, ''),
	(68, 11, 27, ''),
	(68, 12, 31, ''),
	(68, 12, 29, ''),
	(68, 12, 30, ''),
	(68, 13, 33, ''),
	(68, 13, 32, ''),
	(68, 14, 52, ''),
	(68, 14, 38, ''),
	(68, 14, 37, ''),
	(68, 14, 36, ''),
	(68, 14, 39, ''),
	(68, 15, 65, ''),
	(68, 15, 66, ''),
	(68, 17, 43, ''),
	(68, 18, 53, ''),
	(68, 19, 60, ''),
	(68, 20, 28, ''),
	(68, 1, 40, 'V'),
	(69, 1, 40, ''),
	(69, 2, 2, ''),
	(69, 2, 1, ''),
	(69, 2, 3, ''),
	(69, 3, 62, 'V'),
	(69, 3, 63, 'V'),
	(69, 3, 9, 'V'),
	(69, 3, 11, 'V'),
	(69, 3, 10, 'V'),
	(69, 3, 55, 'A-U-V-D'),
	(69, 3, 44, 'A-U-V-D'),
	(69, 3, 13, 'A-U-V-D'),
	(69, 3, 58, 'A-U-V-D'),
	(69, 3, 42, 'A-U-V-D'),
	(69, 3, 4, 'A-U-V-D'),
	(69, 3, 5, 'A-U-V-D'),
	(69, 3, 12, 'A-U-V-D'),
	(69, 3, 56, 'A-U-V-D'),
	(69, 4, 14, ''),
	(69, 6, 45, ''),
	(69, 6, 47, ''),
	(69, 6, 16, ''),
	(69, 6, 49, ''),
	(69, 7, 17, ''),
	(69, 7, 59, ''),
	(69, 7, 18, ''),
	(69, 8, 54, ''),
	(69, 8, 19, ''),
	(69, 8, 20, ''),
	(69, 9, 22, ''),
	(69, 9, 23, ''),
	(69, 10, 26, ''),
	(69, 10, 25, ''),
	(69, 10, 24, ''),
	(69, 11, 27, ''),
	(69, 12, 31, ''),
	(69, 12, 29, ''),
	(69, 12, 30, ''),
	(69, 13, 33, ''),
	(69, 13, 32, ''),
	(69, 14, 52, ''),
	(69, 14, 38, ''),
	(69, 14, 37, ''),
	(69, 14, 36, ''),
	(69, 14, 39, ''),
	(69, 15, 65, ''),
	(69, 15, 66, ''),
	(69, 17, 43, ''),
	(69, 18, 53, ''),
	(69, 19, 60, ''),
	(69, 20, 28, ''),
	(69, 3, 62, 'V'),
	(69, 3, 63, 'V'),
	(69, 3, 9, 'V'),
	(69, 3, 11, 'V'),
	(69, 3, 10, 'V'),
	(69, 3, 55, 'A-U-V-D'),
	(69, 3, 44, 'A-U-V-D'),
	(69, 3, 13, 'A-U-V-D'),
	(69, 3, 58, 'A-U-V-D'),
	(69, 3, 42, 'A-U-V-D'),
	(69, 3, 4, 'A-U-V-D'),
	(69, 3, 5, 'A-U-V-D'),
	(69, 3, 12, 'A-U-V-D'),
	(69, 3, 56, 'A-U-V-D');
/*!40000 ALTER TABLE `roles_abilities` ENABLE KEYS */;

-- Dumping structure for table staging_epro_kuarters_johor.scoring_criteria
CREATE TABLE IF NOT EXISTS `scoring_criteria` (
  `id` int(11) NOT NULL AUTO_INCREMENT,
  `scoring_scheme_id` int(11) NOT NULL DEFAULT '0',
  `criteria_name` varchar(255) DEFAULT NULL,
  `calculation_method` int(11) DEFAULT '0' COMMENT '0:manual, 1:auto - select from scoring_mapping_hrmis',
  `scoring_mapping_hrmis_id` tinyint(4) DEFAULT '0',
  `data_status` tinyint(4) DEFAULT '1',
  `action_by` int(11) DEFAULT NULL,
  `action_on` timestamp NULL DEFAULT CURRENT_TIMESTAMP,
  `delete_by` int(11) DEFAULT NULL,
  `delete_on` datetime DEFAULT NULL,
  PRIMARY KEY (`id`)
) ENGINE=InnoDB AUTO_INCREMENT=156 DEFAULT CHARSET=latin1;

-- Dumping data for table staging_epro_kuarters_johor.scoring_criteria: ~145 rows (approximately)
/*!40000 ALTER TABLE `scoring_criteria` DISABLE KEYS */;
INSERT INTO `scoring_criteria` (`id`, `scoring_scheme_id`, `criteria_name`, `calculation_method`, `scoring_mapping_hrmis_id`, `data_status`, `action_by`, `action_on`, `delete_by`, `delete_on`) VALUES
	(1, 1, 'JUMLAH PENDAPATAN ISI RUMAH', 1, 6, 0, 10, '2022-10-10 03:01:17', 10, '2022-10-10 03:04:01'),
	(2, 1, 'TARAF JAWATAN', 1, 2, 0, 10, '2022-10-10 02:47:50', 10, '2022-10-10 03:04:01'),
	(3, 1, 'TARAF PERKAHWINAN', 1, 3, 0, 10, '2022-10-10 02:47:50', 10, '2022-10-10 03:04:01'),
	(4, 1, 'JUMLAH PENDAPATAN ISI RUMAH', 1, 6, 0, 10, '2022-10-10 02:47:50', 10, '2022-10-10 03:04:01'),
	(5, 1, 'JUMLAH PENDAPATAN ISI RUMAH', 1, 6, 0, 10, '2022-10-10 02:49:49', 10, '2022-10-10 03:04:01'),
	(6, 1, 'TARAF PERKAHWINAN', 1, 3, 0, 10, '2022-10-10 02:58:36', 10, '2022-10-10 03:04:01'),
	(7, 2, 'TARAF PERKHIDMATAN', 1, 1, 0, 68, '2022-10-12 03:50:10', 10, '2022-11-02 03:20:20'),
	(8, 2, 'TARAF JAWATAN', 1, 2, 0, 68, '2022-10-12 03:50:10', 10, '2022-11-02 03:20:20'),
	(9, 2, 'TEMPOH PERKHIDMATAN', 1, 4, 0, 68, '2022-10-12 03:50:10', 10, '2022-11-02 03:20:20'),
	(10, 2, 'TARAF PERKAHWINAN', 1, 3, 0, 68, '2022-10-12 03:50:10', 10, '2022-11-02 03:20:20'),
	(11, 2, 'BILANGAN ANAK', 1, 5, 0, 68, '2022-10-12 03:50:10', 10, '2022-11-02 03:20:20'),
	(12, 2, 'JUMLAH PENDAPATAN ISI RUMAH', 1, 6, 0, 68, '2022-10-12 03:50:10', 10, '2022-11-02 03:20:20'),
	(13, 2, 'JARAK TEMPAT TINGGAL SEMASA DENGAN TEMPAT BERTUGAS', 1, 7, 0, 68, '2022-10-12 03:50:10', 10, '2022-11-02 03:20:20'),
	(14, 2, 'FAKTOR KESIHATAN', 0, 0, 0, 68, '2022-10-12 03:50:10', 10, '2022-11-02 03:20:20'),
	(15, 2, 'TEMPOH PERMOHONAN', 1, 9, 0, 68, '2022-10-12 03:50:10', 10, '2022-11-02 03:20:20'),
	(16, 2, 'KEPENTINGAN JAWATAN DALAM PERKHIDMATAN', 0, 0, 0, 10, '2022-10-10 03:15:26', 10, '2022-11-02 03:20:20'),
	(17, 2, 'KEPENTINGAN JAWATAN DALAM PERKHIDMATAN', 0, 0, 0, 68, '2022-10-12 03:50:10', 10, '2022-11-02 03:20:20'),
	(18, 3, 'TARAF PERKHIDMATAN', 1, 1, 0, 10, '2022-10-20 05:09:32', 141, '2022-11-03 02:24:43'),
	(19, 4, 'TARAF PERKHIDMATAN', 1, 1, 0, 10, '2022-10-20 05:10:16', 10, '2022-10-20 05:10:43'),
	(20, 5, 'TARAF PERKHIDMATAN', 1, 1, 0, 10, '2022-10-31 02:43:26', 10, '2022-10-31 02:54:48'),
	(21, 5, 'BILANGAN ANAK', 1, 5, 0, 10, '2022-10-31 02:43:26', 10, '2022-10-31 02:54:48'),
	(22, 6, 'TARAF JAWATAN', 1, 2, 0, 10, '2022-11-01 01:21:27', 10, '2022-11-01 01:21:45'),
	(23, 6, 'JARAK TEMPAT TINGGAL SEMASA DENGAN TEMPAT BERTUGAS', 1, 7, 0, 10, '2022-11-01 01:21:27', 10, '2022-11-01 01:21:45'),
	(24, 7, 'TARAF PERKHIDMATAN', 1, 1, 0, 105, '2022-11-06 04:39:12', 10, '2022-11-11 13:52:16'),
	(25, 7, 'TARAF JAWATAN', 1, 2, 0, 105, '2022-11-06 04:39:12', 10, '2022-11-11 13:52:16'),
	(26, 7, 'TARAF PERKHIDMATAN', 1, 1, 0, 105, '2022-11-06 04:39:12', 10, '2022-11-11 13:52:16'),
	(27, 7, 'TEMPOH PERKHIDMATAN', 1, 4, 0, 105, '2022-11-06 04:39:12', 10, '2022-11-11 13:52:16'),
	(28, 7, 'TARAF PERKAHWINAN', 1, 3, 0, 105, '2022-11-06 04:39:12', 10, '2022-11-11 13:52:16'),
	(29, 7, 'BILANGAN ANAK', 1, 5, 0, 105, '2022-11-06 04:39:12', 10, '2022-11-11 13:52:16'),
	(30, 7, 'TEMPOH PERMOHONAN', 1, 9, 0, 105, '2022-11-06 04:39:12', 10, '2022-11-11 13:52:16'),
	(31, 7, 'JARAK TEMPAT TINGGAL SEMASA DENGAN TEMPAT BERTUGAS', 1, 7, 0, 105, '2022-11-06 04:39:12', 10, '2022-11-11 13:52:16'),
	(32, 7, 'JUMLAH PENDAPATAN ISI RUMAH', 1, 6, 0, 105, '2022-11-06 04:39:12', 10, '2022-11-11 13:52:16'),
	(33, 7, 'KEPENTINGAN DALAM PERKHIDMATAN', 0, 0, 0, 105, '2022-11-06 04:39:12', 10, '2022-11-11 13:52:16'),
	(34, 7, 'TARAF PERKHIDMATAN', 1, 1, 0, 10, '2022-11-02 06:46:44', 10, '2022-11-11 13:52:16'),
	(35, 7, 'TARAF JAWATAN', 1, 2, 0, 10, '2022-11-02 06:46:44', 10, '2022-11-11 13:52:16'),
	(36, 7, 'TARAF PERKHIDMATAN', 1, 1, 0, 10, '2022-11-02 06:46:44', 10, '2022-11-11 13:52:16'),
	(37, 7, 'TEMPOH PERKHIDMATAN', 1, 4, 0, 10, '2022-11-02 06:46:44', 10, '2022-11-11 13:52:16'),
	(38, 7, 'TARAF PERKAHWINAN', 1, 3, 0, 10, '2022-11-02 06:46:44', 10, '2022-11-11 13:52:16'),
	(39, 7, 'BILANGAN ANAK', 1, 5, 0, 10, '2022-11-02 06:46:44', 10, '2022-11-11 13:52:16'),
	(40, 7, 'TEMPOH PERMOHONAN', 1, 9, 0, 10, '2022-11-02 06:46:44', 10, '2022-11-11 13:52:16'),
	(41, 7, 'JARAK TEMPAT TINGGAL SEMASA DENGAN TEMPAT BERTUGAS', 1, 7, 0, 10, '2022-11-02 06:46:44', 10, '2022-11-11 13:52:16'),
	(42, 7, 'JUMLAH PENDAPATAN ISI RUMAH', 1, 6, 0, 10, '2022-11-02 06:46:44', 10, '2022-11-11 13:52:16'),
	(43, 7, 'KEPENTINGAN DALAM PERKHIDMATAN', 0, 0, 0, 10, '2022-11-02 06:46:44', 10, '2022-11-11 13:52:16'),
	(44, 8, 'TEMPOH PERKHIDMATAN', 1, 4, 0, 10, '2022-11-02 07:24:44', 10, '2022-11-02 07:25:04'),
	(45, 9, 'TARAF PERKHIDMATAN', 1, 1, 1, 10, '2022-12-01 09:48:36', NULL, NULL),
	(46, 9, 'TARAF JAWATAN', 1, 2, 1, 10, '2022-12-01 09:48:36', NULL, NULL),
	(47, 9, 'TARAF PERKAHWINAN', 1, 3, 1, 10, '2022-12-01 09:48:36', NULL, NULL),
	(48, 9, 'TEMPOH PERKHIDMATAN', 1, 4, 1, 10, '2022-12-01 09:48:36', NULL, NULL),
	(49, 9, 'BILANGAN ANAK', 1, 5, 1, 10, '2022-12-01 09:48:36', NULL, NULL),
	(50, 9, 'JUMLAH PENDAPATAN ISI RUMAH', 1, 6, 1, 10, '2022-12-01 09:48:36', NULL, NULL),
	(51, 9, 'JARAK TEMPAT TINGGAL SEMASA DENGAN TEMPAT BERTUGAS', 1, 7, 1, 10, '2022-12-01 09:48:36', NULL, NULL),
	(52, 9, 'TEMPOH PERMOHONAN', 1, 9, 1, 10, '2022-12-01 09:48:36', NULL, NULL),
	(53, 9, 'FAKTOR KESIHATAN', 0, 0, 1, 10, '2022-12-01 09:48:36', NULL, NULL),
	(54, 9, 'KEPENTINGAN DALAM JAWATAN', 0, 0, 1, 10, '2022-12-01 09:48:36', NULL, NULL),
	(55, 10, 'TARAF PERKHIDMATAN', 1, 1, 0, 118, '2022-11-03 02:36:50', 68, '2022-11-05 11:22:36'),
	(56, 10, 'BILANGAN ANAK', 1, 5, 0, 118, '2022-11-03 02:36:50', 68, '2022-11-05 11:22:36'),
	(57, 11, 'FAKTOR KESIHATAN', 0, 0, 0, 140, '2022-11-03 03:13:53', 140, '2022-11-03 03:14:13'),
	(58, 12, 'TARAF PERKHIDMATAN', 1, 1, 0, 118, '2022-11-03 06:48:32', 68, '2022-11-05 11:22:33'),
	(59, 12, 'BILANGAN ANAK', 1, 5, 0, 118, '2022-11-03 06:48:32', 68, '2022-11-05 11:22:33'),
	(60, 13, 'TARAF PERKHIDMATAN', 1, 1, 0, 10, '2022-11-04 07:47:01', 10, '2022-11-04 07:48:46'),
	(61, 13, 'TARAF PERKAHWINAN', 1, 3, 0, 10, '2022-11-04 07:42:53', 10, '2022-11-04 07:48:46'),
	(62, 13, 'TEMPOH PERKHIDMATAN', 1, 4, 0, 10, '2022-11-04 07:42:53', 10, '2022-11-04 07:48:46'),
	(63, 13, 'TARAF PERKHIDMATAN', 1, 1, 0, 10, '2022-11-04 07:45:57', 10, '2022-11-04 07:48:46'),
	(64, 13, 'TEMPOH PERKHIDMATAN', 1, 4, 0, 10, '2022-11-04 07:45:57', 10, '2022-11-04 07:48:46'),
	(65, 14, 'TARAF PERKHIDMATAN', 1, 1, 0, 131, '2022-11-13 08:23:34', 146, '2022-11-13 11:15:06'),
	(66, 14, 'TARAF PERKAHWINAN', 1, 3, 0, 131, '2022-11-13 08:23:37', 146, '2022-11-13 11:15:06'),
	(67, 14, 'BILANGAN ANAK', 1, 5, 0, 131, '2022-11-13 08:23:38', 146, '2022-11-13 11:15:06'),
	(68, 14, 'JUMLAH PENDAPATAN ISI RUMAH', 1, 6, 0, 131, '2022-11-13 08:23:40', 146, '2022-11-13 11:15:06'),
	(79, 15, 'TARAF PERKHIDMATAN', 1, 1, 0, 10, '2022-11-06 03:02:19', 10, '2022-11-07 07:07:37'),
	(80, 15, 'TARAF PERKAHWINAN', 1, 3, 0, 10, '2022-11-06 03:01:15', 10, '2022-11-07 07:07:37'),
	(81, 16, 'TARAF PERKHIDMATAN', 1, 1, 0, 131, '2022-11-12 17:49:34', 146, '2022-11-13 11:14:58'),
	(82, 16, 'TARAF JAWATAN', 1, 2, 0, 131, '2022-11-12 17:49:36', 146, '2022-11-13 11:14:58'),
	(83, 16, 'TARAF PERKAHWINAN', 1, 3, 0, 131, '2022-11-12 17:49:37', 146, '2022-11-13 11:14:58'),
	(84, 16, 'TEMPOH PERKHIDMATAN', 1, 4, 0, 131, '2022-11-12 17:49:39', 146, '2022-11-13 11:14:58'),
	(85, 16, 'BILANGAN ANAK', 1, 5, 0, 131, '2022-11-12 17:49:41', 146, '2022-11-13 11:14:58'),
	(86, 16, 'JUMLAH PENDAPATAN ISI RUMAH', 1, 6, 0, 131, '2022-11-12 17:49:44', 146, '2022-11-13 11:14:58'),
	(87, 16, 'JARAK TEMPAT TINGGAL SEMASA DENGAN TEMPAT BERTUGAS', 1, 7, 0, 131, '2022-11-12 17:49:46', 146, '2022-11-13 11:14:58'),
	(88, 16, 'TEMPOH PERMOHONAN', 1, 9, 0, 131, '2022-11-12 17:49:47', 146, '2022-11-13 11:14:58'),
	(89, 16, 'FAKTOR KESIHATAN', 0, 0, 0, 131, '2022-11-12 17:49:49', 146, '2022-11-13 11:14:58'),
	(90, 17, 'TARAF PERKHIDMATAN', 1, 1, 0, 10, '2022-11-08 12:42:40', 10, '2022-11-11 13:52:09'),
	(91, 17, 'TARAF JAWATAN', 1, 2, 0, 10, '2022-11-08 12:42:41', 10, '2022-11-11 13:52:09'),
	(92, 17, 'TARAF PERKAHWINAN', 1, 3, 0, 10, '2022-11-08 12:42:41', 10, '2022-11-11 13:52:09'),
	(93, 17, 'TEMPOH PERKHIDMATAN', 1, 4, 0, 10, '2022-11-08 12:42:41', 10, '2022-11-11 13:52:09'),
	(94, 17, 'BILANGAN ANAK', 1, 5, 0, 10, '2022-11-08 12:42:41', 10, '2022-11-11 13:52:09'),
	(95, 17, 'JUMLAH PENDAPATAN ISI RUMAH', 1, 6, 0, 10, '2022-11-08 12:42:41', 10, '2022-11-11 13:52:09'),
	(96, 17, 'JARAK TEMPAT TINGGAL SEMASA DENGAN TEMPAT BERTUGAS', 1, 7, 0, 10, '2022-11-08 12:42:41', 10, '2022-11-11 13:52:09'),
	(97, 17, 'TEMPOH PERMOHONAN', 1, 9, 0, 10, '2022-11-08 12:42:41', 10, '2022-11-11 13:52:09'),
	(98, 18, 'TESYT', 0, 0, 0, 10, '2022-11-10 21:37:07', 10, '2022-11-10 21:55:22'),
	(99, 19, 'TESYT', 0, 0, 0, 10, '2022-11-10 22:05:59', 10, '2022-11-10 22:06:30'),
	(100, 20, 'TARAF PERKHIDMATAN', 1, 1, 0, 141, '2022-11-11 16:37:12', 10, '2022-11-11 17:48:33'),
	(101, 20, 'TARAF JAWATAN', 1, 2, 0, 141, '2022-11-11 16:37:12', 10, '2022-11-11 17:48:33'),
	(102, 20, 'JUMLAH PENDAPATAN ISI RUMAH', 1, 6, 0, 141, '2022-11-11 16:37:12', 10, '2022-11-11 17:48:33'),
	(103, 21, 'TARAF PERKAHWINAN', 1, 3, 0, 141, '2022-11-11 16:39:56', 141, '2022-11-11 16:50:31'),
	(104, 21, 'TARAF JAWATAN', 0, 0, 0, 141, '2022-11-11 16:39:56', 141, '2022-11-11 16:50:31'),
	(105, 22, 'TARAF PERKHIDMATAN', 1, 1, 0, 141, '2022-11-11 16:40:36', 10, '2022-11-11 17:48:27'),
	(106, 23, 'TESYT', 0, 0, 0, 10, '2022-11-11 17:24:52', 10, '2022-11-11 17:25:43'),
	(107, 24, 'TARAF JAWATAN', 1, 2, 0, 10, '2022-11-12 23:02:20', 146, '2022-11-13 11:15:02'),
	(108, 25, 'TESYT', 0, 0, 0, 10, '2022-11-12 22:51:19', 10, '2022-11-12 22:51:35'),
	(109, 26, 'TARAF PERKHIDMATAN', 1, 1, 0, 106, '2022-11-13 17:06:14', 106, '2022-11-13 17:44:31'),
	(110, 26, 'TARAF PERKAHWINAN', 1, 3, 0, 106, '2022-11-13 17:06:14', 106, '2022-11-13 17:44:31'),
	(111, 27, 'TEMPOH PERKHIDMATAN', 1, 4, 0, 10, '2022-11-15 10:39:59', 10, '2022-11-17 11:06:25'),
	(112, 28, 'TARAF PERKHIDMATAN', 1, 1, 0, 141, '2022-11-14 12:19:51', 141, '2022-11-14 12:20:06'),
	(113, 29, 'TARAF PERKHIDMATAN', 1, 1, 0, 140, '2022-11-16 09:47:23', 140, '2022-11-16 09:48:55'),
	(114, 29, 'TARAF PERKHIDMATAN', 1, 1, 0, 140, '2022-11-16 09:47:23', 140, '2022-11-16 09:48:56'),
	(115, 29, 'TEST', 0, 0, 0, 140, '2022-11-16 09:47:23', 140, '2022-11-16 09:48:56'),
	(116, 30, 'BILANGAN ANAK', 1, 5, 0, 10, '2022-11-17 11:55:04', 10, '2022-11-17 16:42:15'),
	(117, 31, 'JUMLAH PENDAPATAN ISI RUMAH', 1, 6, 0, 10, '2022-11-17 17:20:48', 10, '2022-11-18 11:16:13'),
	(118, 32, 'TARAF PERKHIDMATAN', 1, 1, 1, 10, '2022-11-27 16:30:45', NULL, NULL),
	(119, 32, 'PENGLIBATAN', 0, 0, 1, 10, '2022-11-27 16:30:45', NULL, NULL),
	(120, 33, 'LAHIR MANA?', 0, 0, 0, 138, '2022-11-23 10:08:38', 138, '2022-11-23 10:09:03'),
	(121, 33, 'JARAK TEMPAT TINGGAL SEMASA DENGAN TEMPAT BERTUGAS', 1, 7, 0, 138, '2022-11-23 09:55:54', 138, '2022-11-23 10:09:03'),
	(122, 33, 'BILANGAN ANAK', 1, 5, 0, 138, '2022-11-23 10:00:15', 138, '2022-11-23 10:09:03'),
	(123, 33, 'JUMLAH PENDAPATAN ISI RUMAH', 1, 6, 0, 138, '2022-11-23 10:08:38', 138, '2022-11-23 10:09:03'),
	(124, 33, 'LAHIR MANA?', 0, 0, 0, 138, '2022-11-23 10:08:38', 138, '2022-11-23 10:09:03'),
	(125, 33, 'JUMLAH PENDAPATAN ISI RUMAH', 1, 6, 0, 138, '2022-11-23 10:08:38', 138, '2022-11-23 10:09:03'),
	(126, 33, 'YUI', 0, 0, 0, 138, '2022-11-23 10:07:50', 138, '2022-11-23 10:09:03'),
	(127, 34, 'TARAF PERKHIDMATAN', 1, 1, 0, 10, '2022-11-27 16:13:49', 10, '2022-11-27 16:51:34'),
	(128, 34, 'TARAF PERKAHWINAN', 1, 3, 0, 10, '2022-11-27 16:13:49', 10, '2022-11-27 16:51:34'),
	(129, 35, 'TARAF PERKHIDMATAN', 1, 1, 0, 10, '2022-11-29 14:35:33', 10, '2022-11-29 14:55:24'),
	(130, 36, 'TEMPOH PERMOHONAN', 1, 9, 0, 10, '2022-11-30 10:07:51', 10, '2022-11-30 10:18:38'),
	(131, 37, 'JARAK TEMPAT TINGGAL SEMASA DENGAN TEMPAT BERTUGAS', 1, 7, 0, 10, '2022-11-30 10:18:16', 10, '2022-11-30 11:11:07'),
	(132, 38, 'BILANGAN ANAK', 1, 5, 0, 10, '2022-11-30 10:19:57', 10, '2022-11-30 11:03:35'),
	(133, 38, 'TARAF JAWATAN', 1, 2, 0, 10, '2022-11-30 10:29:21', 10, '2022-11-30 11:03:35'),
	(134, 39, 'TESTING', 0, 0, 0, 10, '2022-11-30 10:43:11', 10, '2022-11-30 10:44:42'),
	(135, 39, 'TESTING 1', 0, 0, 0, 10, '2022-11-30 10:43:11', 10, '2022-11-30 10:44:42'),
	(136, 39, 'TESTING', 0, 0, 0, 10, '2022-11-30 10:43:50', 10, '2022-11-30 10:44:42'),
	(137, 40, 'JUMLAH PENDAPATAN ISI RUMAH', 1, 6, 0, 10, '2022-11-30 10:46:07', 10, '2022-11-30 11:04:30'),
	(138, 41, 'BILANGAN ANAK', 1, 5, 0, 10, '2022-11-30 10:55:18', 10, '2022-11-30 11:03:28'),
	(139, 41, 'TARAF PERKAHWINAN', 0, 0, 0, 10, '2022-11-30 10:52:28', 10, '2022-11-30 11:03:28'),
	(140, 41, 'TEMPOH PERKHIDMATAN', 1, 4, 0, 10, '2022-11-30 10:55:18', 10, '2022-11-30 11:03:28'),
	(141, 42, 'TARAF PERKHIDMATAN', 1, 1, 0, 278, '2022-11-30 12:24:27', 10, '2022-11-30 12:43:41'),
	(142, 43, 'TARAF PERKHIDMATAN', 1, 1, 1, 10, '2022-12-01 09:47:45', NULL, NULL),
	(143, 43, 'TARAF JAWATAN', 1, 2, 1, 10, '2022-12-01 09:47:45', NULL, NULL),
	(144, 43, 'TARAF PERKAHWINAN', 1, 3, 1, 10, '2022-12-01 09:47:45', NULL, NULL),
	(145, 44, 'TARAF PERKHIDMATAN', 1, 1, 0, 10, '2022-11-30 12:34:35', 10, '2022-11-30 12:34:46'),
	(146, 44, 'TARAF JAWATAN', 1, 2, 0, 10, '2022-11-30 12:34:35', 10, '2022-11-30 12:34:46'),
	(147, 44, 'TARAF PERKAHWINAN', 1, 3, 0, 10, '2022-11-30 12:34:35', 10, '2022-11-30 12:34:46'),
	(148, 44, 'TEMPOH PERKHIDMATAN', 1, 4, 0, 10, '2022-11-30 12:34:35', 10, '2022-11-30 12:34:46'),
	(149, 44, 'BILANGAN ANAK', 1, 5, 0, 10, '2022-11-30 12:34:35', 10, '2022-11-30 12:34:46'),
	(150, 44, 'JUMLAH PENDAPATAN ISI RUMAH', 1, 6, 0, 10, '2022-11-30 12:34:35', 10, '2022-11-30 12:34:46'),
	(151, 44, 'JARAK TEMPAT TINGGAL SEMASA DENGAN TEMPAT BERTUGAS', 1, 7, 0, 10, '2022-11-30 12:34:35', 10, '2022-11-30 12:34:46'),
	(152, 44, 'TEMPOH PERMOHONAN', 1, 9, 0, 10, '2022-11-30 12:34:35', 10, '2022-11-30 12:34:46'),
	(153, 44, 'FAKTOR KESIHATAN', 0, 0, 0, 10, '2022-11-30 12:34:35', 10, '2022-11-30 12:34:46'),
	(154, 44, 'KEPENTINGAN JAWATAN', 0, 0, 0, 10, '2022-11-30 12:34:35', 10, '2022-11-30 12:34:46'),
	(155, 45, 'TARAF PERKHIDMATAN', 1, 1, 0, 10, '2022-12-02 14:28:51', 10, '2022-12-02 14:33:01');
/*!40000 ALTER TABLE `scoring_criteria` ENABLE KEYS */;

-- Dumping structure for table staging_epro_kuarters_johor.scoring_mapping_hrmis
CREATE TABLE IF NOT EXISTS `scoring_mapping_hrmis` (
  `id` int(11) NOT NULL AUTO_INCREMENT,
  `mapping_name` varchar(100) DEFAULT NULL,
  `dropdown_table` varchar(255) DEFAULT NULL,
  `table` varchar(255) DEFAULT NULL,
  `column_id` varchar(255) DEFAULT NULL,
  `column_name` varchar(255) DEFAULT NULL,
  `label` varchar(255) DEFAULT NULL,
  `is_dropdown` tinyint(1) DEFAULT '0' COMMENT '1:1 table, 2:Multi table',
  `is_range` tinyint(1) DEFAULT NULL,
  `is_count` tinyint(1) DEFAULT '0',
  `is_sum` tinyint(1) DEFAULT '0',
  `is_exist` tinyint(1) DEFAULT '0',
  `is_date_diff` tinyint(1) DEFAULT '0',
  `is_distance` tinyint(1) DEFAULT '0',
  `collective_noun` varchar(100) DEFAULT NULL,
  `collective_noun_position` varchar(10) DEFAULT NULL,
  `data_status` int(11) DEFAULT '1',
  PRIMARY KEY (`id`)
) ENGINE=InnoDB AUTO_INCREMENT=10 DEFAULT CHARSET=latin1;

-- Dumping data for table staging_epro_kuarters_johor.scoring_mapping_hrmis: ~9 rows (approximately)
/*!40000 ALTER TABLE `scoring_mapping_hrmis` DISABLE KEYS */;
INSERT INTO `scoring_mapping_hrmis` (`id`, `mapping_name`, `dropdown_table`, `table`, `column_id`, `column_name`, `label`, `is_dropdown`, `is_range`, `is_count`, `is_sum`, `is_exist`, `is_date_diff`, `is_distance`, `collective_noun`, `collective_noun_position`, `data_status`) VALUES
	(1, 'TARAF PERKHIDMATAN', 'services_type', 'users', 'id', 'services_type_id', NULL, 1, 0, 0, 0, 0, 0, 0, NULL, NULL, 1),
	(2, 'TARAF JAWATAN', 'position_type', 'users', 'id', 'position_type_id', NULL, 1, 0, 0, 0, 0, 0, 0, NULL, NULL, 1),
	(3, 'TARAF PERKAHWINAN', 'marital_status', 'users', 'id', 'marital_status_id', NULL, 1, 0, 0, 0, 0, 0, 0, '', NULL, 1),
	(4, 'TEMPOH PERKHIDMATAN', '', 'users', 'id', 'date_of_service', NULL, 0, 1, 0, 0, 0, 1, 0, 'TAHUN', 'POST', 1),
	(5, 'BILANGAN ANAK', '', 'users_child', 'users_id', 'id', NULL, 0, 1, 1, 0, 0, 0, 0, 'ORANG', 'POST', 1),
	(6, 'JUMLAH PENDAPATAN ISI RUMAH', '', 'users_salary,users_spouse', 'application_id;new_ic,users_id', 'basic_salary,salary', NULL, 0, 1, 0, 1, 0, 0, 0, 'RM', 'PRE', 1),
	(7, 'JARAK TEMPAT TINGGAL SEMASA DENGAN TEMPAT BERTUGAS', '', 'users_address_house', 'users_id', 'distance', NULL, 0, 1, 0, 0, 0, 0, 1, 'KM', 'POST', 1),
	(8, 'FAKTOR KESIHATAN', 'family_health_factor', ',,users_child', '', 'is_cacat,is_cacat,is_cacat', 'PEMOHON,PASANGAN,ANAK', 1, 0, 0, 0, 1, 0, 0, NULL, NULL, 0),
	(9, 'TEMPOH PERMOHONAN', '', 'application', 'id', 'application_date_time', NULL, 0, 1, 0, 0, 0, 1, 0, 'TAHUN', 'POST', 1);
/*!40000 ALTER TABLE `scoring_mapping_hrmis` ENABLE KEYS */;

-- Dumping structure for table staging_epro_kuarters_johor.scoring_scheme
CREATE TABLE IF NOT EXISTS `scoring_scheme` (
  `id` int(11) NOT NULL AUTO_INCREMENT,
  `description` varchar(50) DEFAULT NULL,
  `execution_date` date DEFAULT NULL,
  `data_status` tinyint(4) DEFAULT '1',
  `action_by` int(11) DEFAULT NULL,
  `action_on` timestamp NULL DEFAULT CURRENT_TIMESTAMP,
  `delete_by` int(11) DEFAULT NULL,
  `delete_on` datetime DEFAULT NULL,
  PRIMARY KEY (`id`)
) ENGINE=InnoDB AUTO_INCREMENT=46 DEFAULT CHARSET=latin1;

-- Dumping data for table staging_epro_kuarters_johor.scoring_scheme: ~45 rows (approximately)
/*!40000 ALTER TABLE `scoring_scheme` DISABLE KEYS */;
INSERT INTO `scoring_scheme` (`id`, `description`, `execution_date`, `data_status`, `action_by`, `action_on`, `delete_by`, `delete_on`) VALUES
	(1, 'TESTING 1', '2022-10-11', 0, 10, '2022-10-10 03:01:17', 10, '2022-10-10 03:04:01'),
	(2, 'MARKAH PEMILIHAN KUARTERS', '2022-10-01', 0, 68, '2022-10-12 03:50:10', 10, '2022-11-02 03:20:20'),
	(3, 'KRITERIA PEMARKAHAN - KUARTERS 2022', '2022-11-01', 0, 10, '2022-10-20 05:09:32', 141, '2022-11-03 02:24:43'),
	(4, 'KRITERIA PEMARKAHAN - KUARTERS X', '2022-10-20', 0, 10, '2022-10-20 05:10:16', 10, '2022-10-20 05:10:43'),
	(5, 'TESTING', '2022-12-15', 0, 10, '2022-10-31 02:43:26', 10, '2022-10-31 02:54:48'),
	(6, 'TESTINGS', '2022-11-25', 0, 10, '2022-11-01 01:21:27', 10, '2022-11-01 01:21:45'),
	(7, 'KRITERIA PEMARKAHAN KUARTES', '2022-10-04', 0, 105, '2022-11-06 04:39:12', 10, '2022-11-11 13:52:16'),
	(8, 'TESTINGS', '2022-11-18', 0, 10, '2022-11-02 07:24:44', 10, '2022-11-02 07:25:04'),
	(9, 'KRITERIA PEMARKAHAN KUARTERS JGN DELETE', '2022-11-20', 1, 10, '2022-12-01 09:48:36', NULL, NULL),
	(10, 'KRITERIA PEMARKAHAN KUARTES', '2022-11-04', 0, 118, '2022-11-03 02:36:50', 68, '2022-11-05 11:22:36'),
	(11, 'TEST', '2022-09-06', 0, 140, '2022-11-03 03:13:53', 140, '2022-11-03 03:14:13'),
	(12, 'KRITERIA PEMARKAHAN KUARTES', '2022-11-09', 0, 118, '2022-11-03 06:48:32', 68, '2022-11-05 11:22:33'),
	(13, 'MARKAH NOV 2022', '2022-11-01', 0, 10, '2022-11-04 07:47:01', 10, '2022-11-04 07:48:46'),
	(14, 'JOM TESTING', '2022-10-29', 0, 131, '2022-11-13 08:23:34', 146, '2022-11-13 11:15:06'),
	(15, 'TESTING LAGI', '2022-11-08', 0, 10, '2022-11-06 03:02:19', 10, '2022-11-07 07:07:37'),
	(16, 'GROUP PEMARKAHAN', '2022-11-07', 0, 131, '2022-11-12 17:49:34', 146, '2022-11-13 11:14:58'),
	(17, 'TEST', '2022-11-08', 0, 10, '2022-11-08 12:42:40', 10, '2022-11-11 13:52:09'),
	(18, 'OK', '2022-11-14', 0, 10, '2022-11-10 21:37:07', 10, '2022-11-10 21:55:22'),
	(19, 'OK', '2022-11-29', 0, 10, '2022-11-10 22:05:59', 10, '2022-11-10 22:06:30'),
	(20, 'MARKAH UJIAN', '2022-11-11', 0, 141, '2022-11-11 16:37:12', 10, '2022-11-11 17:48:33'),
	(21, 'DSDSAD', '2022-11-12', 0, 141, '2022-11-11 16:39:56', 141, '2022-11-11 16:50:31'),
	(22, 'MARKAH UJIAN', '2022-11-18', 0, 141, '2022-11-11 16:40:36', 10, '2022-11-11 17:48:27'),
	(23, 'TEST', '2022-11-24', 0, 10, '2022-11-11 17:24:52', 10, '2022-11-11 17:25:43'),
	(24, 'TESTING LAGI', '2022-11-01', 0, 10, '2022-11-12 23:02:20', 146, '2022-11-13 11:15:02'),
	(25, 'OK', '2022-11-03', 0, 10, '2022-11-12 22:51:19', 10, '2022-11-12 22:51:35'),
	(26, 'KRITERIA PEMARKAHAN - KUARTERS 2022', '2022-11-13', 0, 106, '2022-11-13 17:06:14', 106, '2022-11-13 17:44:31'),
	(27, 'RGERER', '2022-11-01', 0, 10, '2022-11-15 10:39:59', 10, '2022-11-17 11:06:25'),
	(28, 'KRITERIA PEMARKAHAN TESTING', '2022-11-15', 0, 141, '2022-11-14 12:19:51', 141, '2022-11-14 12:20:06'),
	(29, 'TESTING', '2022-11-16', 0, 140, '2022-11-16 09:47:23', 140, '2022-11-16 09:48:55'),
	(30, 'KRITERIA PEMARKAHAN 1', '2022-11-14', 0, 10, '2022-11-17 11:55:04', 10, '2022-11-17 16:42:15'),
	(31, 'KRITERIA PEMARKAHAN 2', '2022-11-15', 0, 10, '2022-11-17 17:20:48', 10, '2022-11-18 11:16:13'),
	(32, 'KRITERIA PEMARKAHAN 2022', '2022-11-01', 1, 10, '2022-11-27 16:30:45', NULL, NULL),
	(33, 'TEST 23-11', '2022-11-30', 0, 138, '2022-11-23 10:08:38', 138, '2022-11-23 10:09:03'),
	(34, 'KRITERIA PEMARKAHAN - KUARTERS 2022', '2022-11-27', 0, 10, '2022-11-27 16:13:49', 10, '2022-11-27 16:51:34'),
	(35, 'KRITERIA PEMARKAHAN 1', '2022-11-29', 0, 10, '2022-11-29 14:35:33', 10, '2022-11-29 14:55:24'),
	(36, 'KRITERIA PEMARKAHAN 2', '2022-11-30', 0, 10, '2022-11-30 10:07:51', 10, '2022-11-30 10:18:38'),
	(37, 'KRITERIA PEMARKAHAN', '2022-11-22', 0, 10, '2022-11-30 10:18:16', 10, '2022-11-30 11:11:07'),
	(38, 'KRITERIA PEMARKAHAN 3', '2022-11-30', 0, 10, '2022-11-30 10:29:21', 10, '2022-11-30 11:03:35'),
	(39, 'KRITERIA PEMARKAHAN 4', '2022-11-03', 0, 10, '2022-11-30 10:43:50', 10, '2022-11-30 10:44:42'),
	(40, 'KRITERIA PEMARKAHAN', '2022-11-23', 0, 10, '2022-11-30 10:46:07', 10, '2022-11-30 11:04:30'),
	(41, 'KRITERIA PEMARKAHAN 6', '2022-12-02', 0, 10, '2022-11-30 10:55:18', 10, '2022-11-30 11:03:28'),
	(42, 'KRITERIA PEMARKAHAN', '2022-11-30', 0, 278, '2022-11-30 12:24:27', 10, '2022-11-30 12:43:41'),
	(43, 'KRITERIA', '2023-01-30', 1, 10, '2022-12-01 09:47:45', NULL, NULL),
	(44, 'KRITERIA PEMARKAHAN RN TEST', '2023-01-01', 0, 10, '2022-11-30 12:34:35', 10, '2022-11-30 12:34:46'),
	(45, 'TESTING LAGI', '2022-12-02', 0, 10, '2022-12-02 14:28:51', 10, '2022-12-02 14:33:01');
/*!40000 ALTER TABLE `scoring_scheme` ENABLE KEYS */;

-- Dumping structure for table staging_epro_kuarters_johor.scoring_sub_criteria
CREATE TABLE IF NOT EXISTS `scoring_sub_criteria` (
  `id` int(11) NOT NULL AUTO_INCREMENT,
  `scoring_criteria_id` int(11) DEFAULT '0',
  `item_id` int(11) DEFAULT '0',
  `remarks` varchar(255) DEFAULT NULL,
  `range_from` varchar(50) DEFAULT '0',
  `operator_id` int(11) DEFAULT '0',
  `range_to` varchar(50) DEFAULT '0',
  `mark` int(11) DEFAULT NULL,
  `data_status` tinyint(4) DEFAULT '1',
  `action_by` int(11) DEFAULT NULL,
  `action_on` timestamp NULL DEFAULT CURRENT_TIMESTAMP,
  `delete_by` int(11) DEFAULT NULL,
  `delete_on` datetime DEFAULT NULL,
  PRIMARY KEY (`id`),
  KEY `FK_scoring_sub_criteria_scoring_criteria` (`scoring_criteria_id`)
) ENGINE=InnoDB AUTO_INCREMENT=542 DEFAULT CHARSET=latin1;

-- Dumping data for table staging_epro_kuarters_johor.scoring_sub_criteria: ~397 rows (approximately)
/*!40000 ALTER TABLE `scoring_sub_criteria` DISABLE KEYS */;
INSERT INTO `scoring_sub_criteria` (`id`, `scoring_criteria_id`, `item_id`, `remarks`, `range_from`, `operator_id`, `range_to`, `mark`, `data_status`, `action_by`, `action_on`, `delete_by`, `delete_on`) VALUES
	(1, 1, 0, '', '1000', 2, '0', 1, 0, 10, '2022-10-10 03:01:17', 10, '2022-10-10 03:04:01'),
	(2, 1, 0, '', '0', 0, '0', 15, 0, 10, '2022-10-10 03:01:17', 10, '2022-10-10 03:04:01'),
	(3, 1, 0, '', '0', 0, '0', 15, 0, 10, '2022-10-10 03:01:17', 10, '2022-10-10 03:04:01'),
	(4, 1, 0, '', '0', 0, '0', 15, 0, 10, '2022-10-10 03:01:17', 10, '2022-10-10 03:04:01'),
	(5, 2, 1, '', '0', 0, '0', 20, 0, 10, '2022-10-10 02:47:50', 10, '2022-10-10 03:04:01'),
	(6, 2, 2, '', '0', 0, '0', 15, 0, 10, '2022-10-10 02:47:50', 10, '2022-10-10 03:04:01'),
	(7, 3, 1, '', '0', 0, '0', 10, 0, 10, '2022-10-10 02:47:50', 10, '2022-10-10 03:04:01'),
	(8, 3, 2, '', '0', 0, '0', 10, 0, 10, '2022-10-10 02:47:50', 10, '2022-10-10 03:04:01'),
	(9, 3, 3, '', '0', 0, '0', 10, 0, 10, '2022-10-10 02:47:50', 10, '2022-10-10 03:04:01'),
	(10, 3, 4, '', '0', 0, '0', 5, 0, 10, '2022-10-10 02:47:50', 10, '2022-10-10 03:04:01'),
	(11, 4, 0, '', '10000', 3, '0', 10, 0, 10, '2022-10-10 02:47:50', 10, '2022-10-10 03:04:01'),
	(12, 4, 0, '', '1800', 1, '0', 5, 0, 10, '2022-10-10 02:47:50', 10, '2022-10-10 03:04:01'),
	(13, 4, 0, '', '1500', 0, '0', 1, 0, 10, '2022-10-10 02:47:50', 10, '2022-10-10 03:04:01'),
	(14, 4, 0, '', '1100', 2, '0', 5, 0, 10, '2022-10-10 02:47:50', 10, '2022-10-10 03:04:01'),
	(15, 5, 0, '', '10000', 3, '0', 20, 0, 10, '2022-10-10 02:49:49', 10, '2022-10-10 03:04:01'),
	(16, 5, 0, '', '2000', 1, '0', 10, 0, 10, '2022-10-10 02:49:49', 10, '2022-10-10 03:04:01'),
	(17, 5, 0, '', '2500', 2, '0', 10, 0, 10, '2022-10-10 02:49:49', 10, '2022-10-10 03:04:01'),
	(18, 5, 0, '', '1000', 1, '0', 10, 0, 10, '2022-10-10 02:49:49', 10, '2022-10-10 03:04:01'),
	(19, 6, 0, '', '0', 0, '0', 20, 0, 10, '2022-10-10 02:58:36', 10, '2022-10-10 03:04:01'),
	(20, 6, 0, '', '0', 0, '0', 5, 0, 10, '2022-10-10 02:58:36', 10, '2022-10-10 03:04:01'),
	(21, 6, 0, '', '0', 0, '0', 10, 0, 10, '2022-10-10 02:58:36', 10, '2022-10-10 03:04:01'),
	(22, 6, 0, '', '0', 0, '0', 5, 0, 10, '2022-10-10 02:58:36', 10, '2022-10-10 03:04:01'),
	(23, 7, 1, '', '0', 0, '0', 20, 0, 68, '2022-10-12 03:50:10', 10, '2022-11-02 03:20:20'),
	(24, 7, 2, '', '0', 0, '0', 12, 0, 68, '2022-10-12 03:50:10', 10, '2022-11-02 03:20:20'),
	(25, 7, 3, '', '0', 0, '0', 8, 0, 68, '2022-10-12 03:50:10', 10, '2022-11-02 03:20:20'),
	(26, 7, 4, '', '0', 0, '0', 2, 0, 68, '2022-10-12 03:50:10', 10, '2022-11-02 03:20:20'),
	(27, 8, 1, '', '0', 0, '0', 10, 0, 68, '2022-10-12 03:50:10', 10, '2022-11-02 03:20:20'),
	(28, 8, 2, '', '0', 0, '0', 5, 0, 68, '2022-10-12 03:50:10', 10, '2022-11-02 03:20:20'),
	(29, 9, 0, '', '16', 1, '0', 6, 0, 68, '2022-10-12 03:50:10', 10, '2022-11-02 03:20:20'),
	(30, 9, 0, '', '11', 2, '15', 5, 0, 68, '2022-10-12 03:50:10', 10, '2022-11-02 03:20:20'),
	(31, 9, 0, '', '1', 2, '10', 4, 0, 68, '2022-10-12 03:50:10', 10, '2022-11-02 03:20:20'),
	(32, 10, 1, '', '0', 0, '0', 10, 0, 68, '2022-10-12 03:50:10', 10, '2022-11-02 03:20:20'),
	(33, 10, 2, '', '0', 0, '0', 10, 0, 68, '2022-10-12 03:50:10', 10, '2022-11-02 03:20:20'),
	(34, 10, 3, '', '0', 0, '0', 10, 0, 68, '2022-10-12 03:50:10', 10, '2022-11-02 03:20:20'),
	(35, 10, 4, '', '0', 0, '0', 5, 0, 68, '2022-10-12 03:50:10', 10, '2022-11-02 03:20:20'),
	(36, 11, 0, '', '6', 1, '0', 10, 0, 68, '2022-10-12 03:50:10', 10, '2022-11-02 03:20:20'),
	(37, 11, 0, '', '5', 0, '0', 8, 0, 68, '2022-10-12 03:50:10', 10, '2022-11-02 03:20:20'),
	(38, 11, 0, '', '4', 0, '0', 6, 0, 68, '2022-10-12 03:50:10', 10, '2022-11-02 03:20:20'),
	(39, 11, 0, '', '3', 0, '0', 4, 0, 68, '2022-10-12 03:50:10', 10, '2022-11-02 03:20:20'),
	(40, 11, 0, '', '2', 0, '0', 3, 0, 68, '2022-10-12 03:50:10', 10, '2022-11-02 03:20:20'),
	(41, 11, 0, '', '1', 0, '0', 2, 0, 68, '2022-10-12 03:50:10', 10, '2022-11-02 03:20:20'),
	(42, 12, 0, '', '2000.00', 3, '0', 10, 0, 68, '2022-10-12 03:50:10', 10, '2022-11-02 03:20:20'),
	(43, 12, 0, '', '2001.00', 2, '6000.00', 8, 0, 68, '2022-10-12 03:50:10', 10, '2022-11-02 03:20:20'),
	(44, 12, 0, '', '6001.00', 2, '10000.00', 6, 0, 68, '2022-10-12 03:50:10', 10, '2022-11-02 03:20:20'),
	(45, 12, 0, '', '10001', 1, '0', 4, 0, 68, '2022-10-12 03:50:10', 10, '2022-11-02 03:20:20'),
	(46, 13, 0, '', '66', 1, '0', 10, 0, 68, '2022-10-12 03:50:10', 10, '2022-11-02 03:20:20'),
	(47, 13, 0, '', '36', 2, '65', 8, 0, 68, '2022-10-12 03:50:10', 10, '2022-11-02 03:20:20'),
	(48, 13, 0, '', '21', 2, '35', 6, 0, 68, '2022-10-12 03:50:10', 10, '2022-11-02 03:20:20'),
	(49, 13, 0, '', '20', 3, '0', 4, 0, 68, '2022-10-12 03:50:10', 10, '2022-11-02 03:20:20'),
	(50, 14, 0, 'PEMOHON', '0', 0, '0', 8, 0, 68, '2022-10-12 03:50:10', 10, '2022-11-02 03:20:20'),
	(51, 14, 0, 'PASANGAN (SUAMI/ISTERI)', '0', 0, '0', 6, 0, 68, '2022-10-12 03:50:10', 10, '2022-11-02 03:20:20'),
	(52, 14, 0, 'ANAK - ANAK', '0', 0, '0', 6, 0, 68, '2022-10-12 03:50:10', 10, '2022-11-02 03:20:20'),
	(53, 15, 0, '', '3', 0, '0', 6, 0, 68, '2022-10-12 03:50:10', 10, '2022-11-02 03:20:20'),
	(54, 15, 0, '', '2', 0, '0', 4, 0, 68, '2022-10-12 03:50:10', 10, '2022-11-02 03:20:20'),
	(55, 15, 0, '', '1', 0, '0', 2, 0, 68, '2022-10-12 03:50:10', 10, '2022-11-02 03:20:20'),
	(56, 16, 0, '', '0', 0, '0', 10, 0, 10, '2022-10-10 03:15:26', 10, '2022-11-02 03:20:20'),
	(57, 17, 0, '', '0', 0, '0', 10, 0, 68, '2022-10-12 03:50:10', 10, '2022-11-02 03:20:20'),
	(58, 18, 1, '', '0', 0, '0', 20, 0, 10, '2022-10-20 05:09:32', 141, '2022-11-03 02:24:43'),
	(59, 18, 2, '', '0', 0, '0', 12, 0, 10, '2022-10-20 05:09:32', 141, '2022-11-03 02:24:43'),
	(60, 18, 3, '', '0', 0, '0', 8, 0, 10, '2022-10-20 05:09:32', 141, '2022-11-03 02:24:43'),
	(61, 18, 4, '', '0', 0, '0', 8, 0, 10, '2022-10-20 05:09:32', 141, '2022-11-03 02:24:43'),
	(62, 19, 1, '', '0', 0, '0', 10, 0, 10, '2022-10-20 05:10:16', 10, '2022-10-20 05:10:43'),
	(63, 19, 2, '', '0', 0, '0', 8, 0, 10, '2022-10-20 05:10:16', 10, '2022-10-20 05:10:43'),
	(64, 19, 3, '', '0', 0, '0', 8, 0, 10, '2022-10-20 05:10:16', 10, '2022-10-20 05:10:43'),
	(65, 19, 4, '', '0', 0, '0', 8, 0, 10, '2022-10-20 05:10:16', 10, '2022-10-20 05:10:43'),
	(66, 20, 1, '', '0', 0, '0', 10, 0, 10, '2022-10-31 02:43:26', 10, '2022-10-31 02:54:48'),
	(67, 20, 2, '', '0', 0, '0', 5, 0, 10, '2022-10-31 02:43:26', 10, '2022-10-31 02:54:48'),
	(68, 20, 3, '', '0', 0, '0', 3, 0, 10, '2022-10-31 02:43:26', 10, '2022-10-31 02:54:48'),
	(69, 20, 4, '', '0', 0, '0', 1, 0, 10, '2022-10-31 02:43:26', 10, '2022-10-31 02:54:48'),
	(70, 21, 0, '', '2', 2, '0', 7, 0, 10, '2022-10-31 02:43:26', 10, '2022-10-31 02:54:48'),
	(71, 21, 0, '', '5', 0, '0', 6, 0, 10, '2022-10-31 02:43:26', 10, '2022-10-31 02:54:48'),
	(72, 22, 1, '', '0', 0, '0', 10, 0, 10, '2022-11-01 01:21:27', 10, '2022-11-01 01:21:45'),
	(73, 22, 2, '', '0', 0, '0', 5, 0, 10, '2022-11-01 01:21:27', 10, '2022-11-01 01:21:45'),
	(74, 23, 0, '', '2', 2, '5', 7, 0, 10, '2022-11-01 01:21:27', 10, '2022-11-01 01:21:45'),
	(75, 24, 1, '', '0', 0, '0', 10, 0, 105, '2022-11-06 04:39:12', 10, '2022-11-11 13:52:16'),
	(76, 24, 2, '', '0', 0, '0', 5, 0, 105, '2022-11-06 04:39:12', 10, '2022-11-11 13:52:16'),
	(77, 24, 3, '', '0', 0, '0', 5, 0, 105, '2022-11-06 04:39:12', 10, '2022-11-11 13:52:16'),
	(78, 24, 4, '', '0', 0, '0', 5, 0, 105, '2022-11-06 04:39:12', 10, '2022-11-11 13:52:16'),
	(79, 25, 1, '', '0', 0, '0', 10, 0, 10, '2022-11-02 03:17:42', 10, '2022-11-11 13:52:16'),
	(80, 25, 2, '', '0', 0, '0', 8, 0, 10, '2022-11-02 03:17:42', 10, '2022-11-11 13:52:16'),
	(81, 25, 1, '', '0', 0, '0', 10, 0, 105, '2022-11-06 04:39:12', 10, '2022-11-11 13:52:16'),
	(82, 25, 2, '', '0', 0, '0', 5, 0, 105, '2022-11-06 04:39:12', 10, '2022-11-11 13:52:16'),
	(83, 26, 1, '', '0', 0, '0', 10, 0, 105, '2022-11-06 04:39:12', 10, '2022-11-11 13:52:16'),
	(84, 26, 2, '', '0', 0, '0', 5, 0, 105, '2022-11-06 04:39:12', 10, '2022-11-11 13:52:16'),
	(85, 26, 3, '', '0', 0, '0', 5, 0, 105, '2022-11-06 04:39:12', 10, '2022-11-11 13:52:16'),
	(86, 26, 4, '', '0', 0, '0', 5, 0, 105, '2022-11-06 04:39:12', 10, '2022-11-11 13:52:16'),
	(87, 27, 0, '', '7', 1, '0', 10, 0, 105, '2022-11-06 04:39:12', 10, '2022-11-11 13:52:16'),
	(88, 27, 0, '', '4', 2, '6', 5, 0, 105, '2022-11-06 04:39:12', 10, '2022-11-11 13:52:16'),
	(89, 27, 0, '', '0', 2, '3', 3, 0, 105, '2022-11-06 04:39:12', 10, '2022-11-11 13:52:16'),
	(90, 28, 1, '', '0', 0, '0', 10, 0, 10, '2022-11-02 04:59:38', 10, '2022-11-11 13:52:16'),
	(91, 28, 1, '', '0', 0, '0', 10, 0, 105, '2022-11-06 04:39:12', 10, '2022-11-11 13:52:16'),
	(92, 28, 2, '', '0', 0, '0', 5, 0, 105, '2022-11-06 04:39:12', 10, '2022-11-11 13:52:16'),
	(93, 28, 3, '', '0', 0, '0', 5, 0, 105, '2022-11-06 04:39:12', 10, '2022-11-11 13:52:16'),
	(94, 28, 4, '', '0', 0, '0', 5, 0, 105, '2022-11-06 04:39:12', 10, '2022-11-11 13:52:16'),
	(95, 29, 0, '', '5', 1, '0', 10, 0, 105, '2022-11-06 04:39:12', 10, '2022-11-11 13:52:16'),
	(96, 29, 0, '', '3', 2, '4', 5, 0, 105, '2022-11-06 04:39:12', 10, '2022-11-11 13:52:16'),
	(97, 29, 0, '', '0', 2, '2', 3, 0, 105, '2022-11-06 04:39:12', 10, '2022-11-11 13:52:16'),
	(98, 30, 0, '', '4', 1, '0', 10, 0, 105, '2022-11-06 04:39:12', 10, '2022-11-11 13:52:16'),
	(99, 30, 0, '', '2', 2, '3', 5, 0, 105, '2022-11-06 04:39:12', 10, '2022-11-11 13:52:16'),
	(100, 30, 0, '', '0', 2, '1', 3, 0, 105, '2022-11-06 04:39:12', 10, '2022-11-11 13:52:16'),
	(101, 31, 0, '', '21', 1, '0', 10, 0, 105, '2022-11-06 04:39:12', 10, '2022-11-11 13:52:16'),
	(102, 31, 0, '', '11', 2, '20', 5, 0, 105, '2022-11-06 04:39:12', 10, '2022-11-11 13:52:16'),
	(103, 31, 0, '', '0', 1, '10', 3, 0, 105, '2022-11-06 04:39:12', 10, '2022-11-11 13:52:16'),
	(104, 32, 0, '', '0', 2, '2000', 10, 0, 105, '2022-11-06 04:39:12', 10, '2022-11-11 13:52:16'),
	(105, 32, 0, '', '2001', 2, '5000', 5, 0, 105, '2022-11-06 04:39:12', 10, '2022-11-11 13:52:16'),
	(106, 32, 0, '', '5001', 1, '0', 3, 0, 105, '2022-11-06 04:39:12', 10, '2022-11-11 13:52:16'),
	(107, 33, 0, '', '0', 0, '0', 10, 0, 105, '2022-11-06 04:39:12', 10, '2022-11-11 13:52:16'),
	(108, 33, 0, '', '0', 0, '0', 5, 0, 141, '2022-11-03 02:25:00', 10, '2022-11-11 13:52:16'),
	(109, 33, 0, '', '0', 0, '0', 3, 0, 141, '2022-11-03 02:25:00', 10, '2022-11-11 13:52:16'),
	(110, 33, 0, '', '0', 0, '0', 1, 0, 141, '2022-11-03 02:25:00', 10, '2022-11-11 13:52:16'),
	(111, 34, 1, '', '0', 0, '0', 10, 0, 10, '2022-11-02 06:46:44', 10, '2022-11-11 13:52:16'),
	(112, 34, 2, '', '0', 0, '0', 5, 0, 10, '2022-11-02 06:46:44', 10, '2022-11-11 13:52:16'),
	(113, 34, 3, '', '0', 0, '0', 5, 0, 10, '2022-11-02 06:46:44', 10, '2022-11-11 13:52:16'),
	(114, 34, 4, '', '0', 0, '0', 5, 0, 10, '2022-11-02 06:46:44', 10, '2022-11-11 13:52:16'),
	(115, 35, 1, '', '0', 0, '0', 10, 0, 10, '2022-11-02 06:46:44', 10, '2022-11-11 13:52:16'),
	(116, 35, 2, '', '0', 0, '0', 5, 0, 10, '2022-11-02 06:46:44', 10, '2022-11-11 13:52:16'),
	(117, 36, 1, '', '0', 0, '0', 10, 0, 10, '2022-11-02 06:46:44', 10, '2022-11-11 13:52:16'),
	(118, 36, 2, '', '0', 0, '0', 5, 0, 10, '2022-11-02 06:46:44', 10, '2022-11-11 13:52:16'),
	(119, 36, 3, '', '0', 0, '0', 5, 0, 10, '2022-11-02 06:46:44', 10, '2022-11-11 13:52:16'),
	(120, 36, 4, '', '0', 0, '0', 5, 0, 10, '2022-11-02 06:46:44', 10, '2022-11-11 13:52:16'),
	(121, 37, 0, '', '0', 2, '0', 5, 0, 10, '2022-11-02 06:46:44', 10, '2022-11-11 13:52:16'),
	(122, 37, 0, '', '4', 2, '0', 10, 0, 10, '2022-11-02 06:46:44', 10, '2022-11-11 13:52:16'),
	(123, 37, 0, '', '7', 1, '0', 15, 0, 10, '2022-11-02 06:46:44', 10, '2022-11-11 13:52:16'),
	(124, 38, 1, '', '0', 0, '0', 10, 0, 10, '2022-11-02 06:46:44', 10, '2022-11-11 13:52:16'),
	(125, 38, 2, '', '0', 0, '0', 5, 0, 10, '2022-11-02 06:46:44', 10, '2022-11-11 13:52:16'),
	(126, 38, 3, '', '0', 0, '0', 5, 0, 10, '2022-11-02 06:46:44', 10, '2022-11-11 13:52:16'),
	(127, 38, 4, '', '0', 0, '0', 5, 0, 10, '2022-11-02 06:46:44', 10, '2022-11-11 13:52:16'),
	(128, 39, 0, '', '0', 2, '0', 5, 0, 10, '2022-11-02 06:46:44', 10, '2022-11-11 13:52:16'),
	(129, 39, 0, '', '3', 2, '0', 10, 0, 10, '2022-11-02 06:46:44', 10, '2022-11-11 13:52:16'),
	(130, 39, 0, '', '5', 1, '0', 15, 0, 10, '2022-11-02 06:46:44', 10, '2022-11-11 13:52:16'),
	(131, 40, 0, '', '0', 2, '0', 5, 0, 10, '2022-11-02 06:46:44', 10, '2022-11-11 13:52:16'),
	(132, 40, 0, '', '2', 2, '0', 10, 0, 10, '2022-11-02 06:46:44', 10, '2022-11-11 13:52:16'),
	(133, 40, 0, '', '4', 1, '0', 15, 0, 10, '2022-11-02 06:46:44', 10, '2022-11-11 13:52:16'),
	(134, 41, 0, '', '0', 2, '0', 5, 0, 10, '2022-11-02 06:46:44', 10, '2022-11-11 13:52:16'),
	(135, 41, 0, '', '11', 2, '0', 10, 0, 10, '2022-11-02 06:46:44', 10, '2022-11-11 13:52:16'),
	(136, 41, 0, '', '21', 1, '0', 15, 0, 10, '2022-11-02 06:46:44', 10, '2022-11-11 13:52:16'),
	(137, 42, 0, '', '1000', 2, '0', 5, 0, 10, '2022-11-02 06:46:44', 10, '2022-11-11 13:52:16'),
	(138, 42, 0, '', '2001', 2, '0', 10, 0, 10, '2022-11-02 06:46:44', 10, '2022-11-11 13:52:16'),
	(139, 42, 0, '', '6001', 1, '0', 15, 0, 10, '2022-11-02 06:46:44', 10, '2022-11-11 13:52:16'),
	(140, 43, 0, '', '0', 0, '0', 10, 0, 10, '2022-11-02 06:46:44', 10, '2022-11-11 13:52:16'),
	(141, 43, 0, '', '0', 0, '0', 5, 0, 10, '2022-11-02 06:46:44', 10, '2022-11-11 13:52:16'),
	(142, 43, 0, '', '0', 0, '0', 3, 0, 10, '2022-11-02 06:46:06', 10, '2022-11-11 13:52:16'),
	(143, 43, 0, '', '0', 0, '0', 1, 0, 10, '2022-11-02 06:46:06', 10, '2022-11-11 13:52:16'),
	(144, 44, 0, '', '2', 0, '0', 10, 0, 10, '2022-11-02 07:24:44', 10, '2022-11-02 07:25:04'),
	(145, 44, 0, '', '7', 2, '0', 5, 0, 10, '2022-11-02 07:24:44', 10, '2022-11-02 07:25:04'),
	(146, 44, 0, '', '10', 2, '0', 3, 0, 10, '2022-11-02 07:24:44', 10, '2022-11-02 07:25:04'),
	(147, 45, 1, '', '0', 0, '0', 8, 1, 10, '2022-12-01 09:48:36', NULL, NULL),
	(148, 45, 2, '', '0', 0, '0', 10, 1, 10, '2022-12-01 09:48:36', NULL, NULL),
	(149, 45, 3, '', '0', 0, '0', 20, 1, 10, '2022-12-01 09:48:36', NULL, NULL),
	(150, 45, 4, '', '0', 0, '0', 6, 1, 10, '2022-12-01 09:48:36', NULL, NULL),
	(151, 46, 1, '', '0', 0, '0', 10, 1, 10, '2022-12-01 09:48:36', NULL, NULL),
	(152, 46, 2, '', '0', 0, '0', 6, 1, 10, '2022-12-01 09:48:36', NULL, NULL),
	(153, 47, 1, '', '0', 0, '0', 10, 1, 10, '2022-12-01 09:48:36', NULL, NULL),
	(154, 47, 2, '', '0', 0, '0', 8, 1, 10, '2022-12-01 09:48:36', NULL, NULL),
	(155, 47, 3, '', '0', 0, '0', 6, 1, 10, '2022-12-01 09:48:36', NULL, NULL),
	(156, 47, 4, '', '0', 0, '0', 4, 1, 10, '2022-12-01 09:48:36', NULL, NULL),
	(157, 48, 0, '', '61', 1, '0', 10, 1, 10, '2022-12-01 09:48:36', NULL, NULL),
	(158, 48, 0, '', '41', 2, '60', 8, 1, 10, '2022-12-01 09:48:36', NULL, NULL),
	(159, 48, 0, '', '11', 2, '40', 6, 1, 10, '2022-12-01 09:48:36', NULL, NULL),
	(160, 48, 0, '', '1', 2, '10', 4, 1, 10, '2022-12-01 09:48:36', NULL, NULL),
	(161, 49, 0, '', '6', 0, '0', 10, 1, 10, '2022-12-01 09:48:36', NULL, NULL),
	(162, 49, 0, '', '5', 0, '0', 8, 1, 10, '2022-12-01 09:48:36', NULL, NULL),
	(163, 49, 0, '', '4', 0, '0', 6, 1, 10, '2022-12-01 09:48:36', NULL, NULL),
	(164, 49, 0, '', '3', 0, '0', 4, 1, 10, '2022-12-01 09:48:36', NULL, NULL),
	(165, 49, 0, '', '2', 0, '0', 3, 1, 10, '2022-12-01 09:48:36', NULL, NULL),
	(166, 49, 0, '', '1', 0, '0', 2, 1, 10, '2022-12-01 09:48:36', NULL, NULL),
	(167, 50, 0, '', '100001', 1, '0', 2, 1, 10, '2022-12-01 09:48:36', NULL, NULL),
	(168, 50, 0, '', '5001', 2, '10000', 4, 1, 10, '2022-12-01 09:48:36', NULL, NULL),
	(169, 50, 0, '', '2001', 2, '5000', 6, 1, 10, '2022-12-01 09:48:36', NULL, NULL),
	(170, 50, 0, '', '2000', 3, '0', 8, 1, 10, '2022-12-01 09:48:36', NULL, NULL),
	(171, 51, 0, '', '60', 1, '0', 8, 1, 10, '2022-12-01 09:48:36', NULL, NULL),
	(172, 51, 0, '', '50', 2, '59', 6, 1, 10, '2022-12-01 09:48:36', NULL, NULL),
	(173, 51, 0, '', '21', 2, '49', 4, 1, 10, '2022-12-01 09:48:36', NULL, NULL),
	(174, 51, 0, '', '20', 3, '0', 2, 1, 10, '2022-12-01 09:48:36', NULL, NULL),
	(175, 52, 0, '', '3', 0, '0', 14, 1, 10, '2022-12-01 09:48:36', NULL, NULL),
	(176, 52, 0, '', '2', 0, '0', 6, 1, 10, '2022-12-01 09:48:36', NULL, NULL),
	(177, 52, 0, '', '1', 0, '0', 2, 1, 10, '2022-12-01 09:48:36', NULL, NULL),
	(178, 53, 0, 'PEMOHON', '0', 0, '0', 6, 1, 10, '2022-12-01 09:48:36', NULL, NULL),
	(179, 53, 0, 'PASANGAN', '0', 0, '0', 4, 1, 10, '2022-12-01 09:48:36', NULL, NULL),
	(180, 53, 0, 'ANAK-ANAK', '0', 0, '0', 4, 1, 10, '2022-12-01 09:48:36', 10, '2022-11-30 11:19:56'),
	(181, 54, 0, '', '0', 0, '0', 10, 1, 10, '2022-12-01 09:48:36', NULL, NULL),
	(182, 55, 1, '', '0', 0, '0', 10, 0, 118, '2022-11-03 02:36:50', 68, '2022-11-05 11:22:36'),
	(183, 55, 2, '', '0', 0, '0', 8, 0, 118, '2022-11-03 02:36:50', 68, '2022-11-05 11:22:36'),
	(184, 55, 3, '', '0', 0, '0', 6, 0, 118, '2022-11-03 02:36:50', 68, '2022-11-05 11:22:36'),
	(185, 55, 4, '', '0', 0, '0', 6, 0, 118, '2022-11-03 02:36:50', 68, '2022-11-05 11:22:36'),
	(186, 56, 0, '', '3', 1, '0', 10, 0, 118, '2022-11-03 02:36:50', 68, '2022-11-05 11:22:36'),
	(187, 56, 0, '', '2', 3, '0', 8, 0, 118, '2022-11-03 02:36:50', 68, '2022-11-05 11:22:36'),
	(188, 57, 0, '2', '0', 0, '0', 10, 0, 140, '2022-11-03 03:13:53', 140, '2022-11-03 03:14:13'),
	(189, 57, 0, '2', '0', 0, '0', 10, 0, 140, '2022-11-03 03:13:53', 140, '2022-11-03 03:14:13'),
	(190, 58, 1, '', '0', 0, '0', 10, 0, 118, '2022-11-03 06:48:32', 68, '2022-11-05 11:22:33'),
	(191, 58, 2, '', '0', 0, '0', 8, 0, 118, '2022-11-03 06:48:32', 68, '2022-11-05 11:22:33'),
	(192, 58, 3, '', '0', 0, '0', 8, 0, 118, '2022-11-03 06:48:32', 68, '2022-11-05 11:22:33'),
	(193, 58, 4, '', '0', 0, '0', 6, 0, 118, '2022-11-03 06:48:32', 68, '2022-11-05 11:22:33'),
	(194, 59, 0, '', '3', 1, '0', 10, 0, 118, '2022-11-03 06:48:32', 68, '2022-11-05 11:22:33'),
	(195, 59, 0, '', '2', 3, '0', 8, 0, 118, '2022-11-03 06:45:09', 68, '2022-11-05 11:22:33'),
	(196, 60, 1, '', '0', 0, '0', 10, 0, 10, '2022-11-04 07:47:01', 10, '2022-11-04 07:48:46'),
	(197, 60, 2, '', '0', 0, '0', 8, 0, 10, '2022-11-04 07:47:01', 10, '2022-11-04 07:48:46'),
	(198, 60, 3, '', '0', 0, '0', 8, 0, 10, '2022-11-04 07:47:01', 10, '2022-11-04 07:48:46'),
	(199, 60, 4, '', '0', 0, '0', 8, 0, 10, '2022-11-04 07:47:01', 10, '2022-11-04 07:48:46'),
	(200, 61, 0, '', '0', 0, '0', 10, 0, 10, '2022-11-04 07:42:53', 10, '2022-11-04 07:48:46'),
	(201, 61, 0, '', '0', 0, '0', 8, 0, 10, '2022-11-04 07:42:53', 10, '2022-11-04 07:48:46'),
	(202, 61, 0, '', '0', 0, '0', 8, 0, 10, '2022-11-04 07:42:53', 10, '2022-11-04 07:48:46'),
	(203, 61, 0, '', '0', 0, '0', 6, 0, 10, '2022-11-04 07:42:53', 10, '2022-11-04 07:48:46'),
	(204, 62, 0, '', '5', 1, '0', 10, 0, 10, '2022-11-04 07:42:53', 10, '2022-11-04 07:48:46'),
	(205, 62, 0, '', '10', 1, '0', 20, 0, 10, '2022-11-04 07:42:53', 10, '2022-11-04 07:48:46'),
	(206, 63, 1, '', '0', 0, '0', 10, 0, 10, '2022-11-04 07:45:57', 10, '2022-11-04 07:48:46'),
	(207, 63, 2, '', '0', 0, '0', 8, 0, 10, '2022-11-04 07:45:57', 10, '2022-11-04 07:48:46'),
	(208, 63, 3, '', '0', 0, '0', 8, 0, 10, '2022-11-04 07:45:57', 10, '2022-11-04 07:48:46'),
	(209, 63, 4, '', '0', 0, '0', 8, 0, 10, '2022-11-04 07:45:57', 10, '2022-11-04 07:48:46'),
	(210, 64, 0, '', '5', 1, '0', 10, 0, 10, '2022-11-04 07:45:57', 10, '2022-11-04 07:48:46'),
	(211, 64, 0, '', '10', 1, '0', 20, 0, 10, '2022-11-04 07:45:57', 10, '2022-11-04 07:48:46'),
	(212, 65, 1, '', '0', 0, '0', 10, 0, 131, '2022-11-13 08:23:35', 146, '2022-11-13 11:15:06'),
	(213, 65, 2, '', '0', 0, '0', 8, 0, 131, '2022-11-13 08:23:35', 146, '2022-11-13 11:15:06'),
	(214, 65, 3, '', '0', 0, '0', 8, 0, 131, '2022-11-13 08:23:36', 146, '2022-11-13 11:15:06'),
	(215, 65, 4, '', '0', 0, '0', 8, 0, 131, '2022-11-13 08:23:36', 146, '2022-11-13 11:15:06'),
	(216, 66, 1, '', '0', 0, '0', 10, 0, 131, '2022-11-13 08:23:37', 146, '2022-11-13 11:15:06'),
	(217, 66, 2, '', '0', 0, '0', 8, 0, 131, '2022-11-13 08:23:37', 146, '2022-11-13 11:15:06'),
	(218, 66, 3, '', '0', 0, '0', 8, 0, 131, '2022-11-13 08:23:38', 146, '2022-11-13 11:15:06'),
	(219, 66, 4, '', '0', 0, '0', 6, 0, 131, '2022-11-13 08:23:38', 146, '2022-11-13 11:15:06'),
	(220, 67, 0, '', '5', 1, '0', 10, 0, 131, '2022-11-13 08:23:39', 146, '2022-11-13 11:15:06'),
	(221, 67, 0, '', '2', 3, '0', 8, 0, 131, '2022-11-13 08:23:39', 146, '2022-11-13 11:15:06'),
	(222, 68, 0, '', '3000', 3, '0', 10, 0, 131, '2022-11-13 08:23:40', 146, '2022-11-13 11:15:06'),
	(223, 68, 0, '', '4000', 2, '5000', 8, 0, 131, '2022-11-13 08:23:41', 146, '2022-11-13 11:15:06'),
	(224, 68, 0, '', '5000', 2, '10000', 6, 0, 131, '2022-11-13 08:23:41', 146, '2022-11-13 11:15:06'),
	(225, 68, 0, '', '10000', 1, '0', 4, 0, 131, '2022-11-13 08:23:41', 146, '2022-11-13 11:15:06'),
	(254, 79, 1, '', '0', 0, '0', 20, 0, 10, '2022-11-06 03:02:19', 10, '2022-11-07 07:07:37'),
	(255, 79, 2, '', '0', 0, '0', 15, 0, 10, '2022-11-06 03:02:19', 10, '2022-11-07 07:07:37'),
	(256, 79, 3, '', '0', 0, '0', 15, 0, 10, '2022-11-06 03:02:19', 10, '2022-11-07 07:07:37'),
	(257, 79, 4, '', '0', 0, '0', 5, 0, 10, '2022-11-06 03:02:19', 10, '2022-11-07 07:07:37'),
	(258, 80, 0, '', '0', 0, '0', 20, 0, 10, '2022-11-06 03:01:15', 10, '2022-11-07 07:07:37'),
	(259, 80, 0, '', '0', 0, '0', 15, 0, 10, '2022-11-06 03:01:15', 10, '2022-11-07 07:07:37'),
	(260, 80, 0, '', '0', 0, '0', 10, 0, 10, '2022-11-06 03:01:15', 10, '2022-11-07 07:07:37'),
	(261, 80, 0, '', '0', 0, '0', 5, 0, 10, '2022-11-06 03:01:15', 10, '2022-11-07 07:07:37'),
	(262, 81, 1, '', '0', 0, '0', 20, 0, 131, '2022-11-12 17:49:34', 146, '2022-11-13 11:14:58'),
	(263, 81, 2, '', '0', 0, '0', 10, 0, 131, '2022-11-12 17:49:35', 146, '2022-11-13 11:14:58'),
	(264, 81, 3, '', '0', 0, '0', 8, 0, 131, '2022-11-12 17:49:35', 146, '2022-11-13 11:14:58'),
	(265, 81, 4, '', '0', 0, '0', 6, 0, 131, '2022-11-12 17:49:36', 146, '2022-11-13 11:14:58'),
	(266, 82, 1, '', '0', 0, '0', 10, 0, 131, '2022-11-12 17:49:36', 146, '2022-11-13 11:14:58'),
	(267, 82, 2, '', '0', 0, '0', 5, 0, 131, '2022-11-12 17:49:37', 146, '2022-11-13 11:14:58'),
	(268, 83, 1, '', '0', 0, '0', 10, 0, 131, '2022-11-12 17:49:37', 146, '2022-11-13 11:14:58'),
	(269, 83, 2, '', '0', 0, '0', 5, 0, 131, '2022-11-12 17:49:38', 146, '2022-11-13 11:14:58'),
	(270, 83, 3, '', '0', 0, '0', 5, 0, 131, '2022-11-12 17:49:38', 146, '2022-11-13 11:14:58'),
	(271, 83, 4, '', '0', 0, '0', 5, 0, 131, '2022-11-12 17:49:39', 146, '2022-11-13 11:14:58'),
	(272, 84, 0, '', '3', 0, '0', 10, 0, 131, '2022-11-12 17:49:39', 146, '2022-11-13 11:14:58'),
	(273, 84, 0, '', '2', 0, '0', 8, 0, 131, '2022-11-12 17:49:40', 146, '2022-11-13 11:14:58'),
	(274, 84, 0, '', '1', 0, '0', 6, 0, 131, '2022-11-12 17:49:40', 146, '2022-11-13 11:14:58'),
	(275, 85, 0, '', '6', 0, '0', 10, 0, 131, '2022-11-12 17:49:41', 146, '2022-11-13 11:14:58'),
	(276, 85, 0, '', '5', 0, '0', 8, 0, 131, '2022-11-12 17:49:42', 146, '2022-11-13 11:14:58'),
	(277, 85, 0, '', '4', 0, '0', 6, 0, 131, '2022-11-12 17:49:42', 146, '2022-11-13 11:14:58'),
	(278, 85, 0, '', '3', 0, '0', 3, 0, 131, '2022-11-12 17:49:42', 146, '2022-11-13 11:14:58'),
	(279, 85, 0, '', '2', 0, '0', 2, 0, 131, '2022-11-12 17:49:43', 146, '2022-11-13 11:14:58'),
	(280, 85, 0, '', '1', 0, '0', 1, 0, 131, '2022-11-12 17:49:43', 146, '2022-11-13 11:14:58'),
	(281, 86, 0, '', '800', 2, '1500', 10, 0, 131, '2022-11-12 17:49:44', 146, '2022-11-13 11:14:58'),
	(282, 86, 0, '', '1501', 2, '2500', 8, 0, 131, '2022-11-12 17:49:44', 146, '2022-11-13 11:14:58'),
	(283, 86, 0, '', '2501', 2, '4000', 6, 0, 131, '2022-11-12 17:49:45', 146, '2022-11-13 11:14:58'),
	(284, 86, 0, '', '4001', 2, '8000', 4, 0, 131, '2022-11-12 17:49:45', 146, '2022-11-13 11:14:58'),
	(285, 87, 0, '', '60', 1, '0', 10, 0, 131, '2022-11-12 17:49:46', 146, '2022-11-13 11:14:58'),
	(286, 87, 0, '', '59', 2, '30', 8, 0, 131, '2022-11-12 17:49:46', 146, '2022-11-13 11:14:58'),
	(287, 87, 0, '', '29', 2, '10', 6, 0, 131, '2022-11-12 17:49:47', 146, '2022-11-13 11:14:58'),
	(288, 88, 0, '', '10', 1, '0', 10, 0, 131, '2022-11-12 17:49:48', 146, '2022-11-13 11:14:58'),
	(289, 88, 0, '', '6', 2, '9', 8, 0, 131, '2022-11-12 17:49:48', 146, '2022-11-13 11:14:58'),
	(290, 88, 0, '', '1', 2, '5', 6, 0, 131, '2022-11-12 17:49:48', 146, '2022-11-13 11:14:58'),
	(291, 89, 0, 'OKU', '0', 0, '0', 10, 0, 131, '2022-11-12 17:49:49', 146, '2022-11-13 11:14:58'),
	(292, 89, 0, 'SIHAT', '0', 0, '0', 5, 0, 131, '2022-11-12 17:49:50', 146, '2022-11-13 11:14:58'),
	(293, 90, 1, '', '0', 0, '0', 10, 0, 10, '2022-11-08 12:42:40', 10, '2022-11-11 13:52:09'),
	(294, 90, 2, '', '0', 0, '0', 8, 0, 10, '2022-11-08 12:42:40', 10, '2022-11-11 13:52:09'),
	(295, 90, 3, '', '0', 0, '0', 6, 0, 10, '2022-11-08 12:42:41', 10, '2022-11-11 13:52:09'),
	(296, 90, 4, '', '0', 0, '0', 6, 0, 10, '2022-11-08 12:42:41', 10, '2022-11-11 13:52:09'),
	(297, 91, 1, '', '0', 0, '0', 10, 0, 10, '2022-11-08 12:42:41', 10, '2022-11-11 13:52:09'),
	(298, 91, 2, '', '0', 0, '0', 8, 0, 10, '2022-11-08 12:42:41', 10, '2022-11-11 13:52:09'),
	(299, 92, 1, '', '0', 0, '0', 10, 0, 10, '2022-11-08 12:42:41', 10, '2022-11-11 13:52:09'),
	(300, 92, 2, '', '0', 0, '0', 8, 0, 10, '2022-11-08 12:42:41', 10, '2022-11-11 13:52:09'),
	(301, 92, 3, '', '0', 0, '0', 6, 0, 10, '2022-11-08 12:42:41', 10, '2022-11-11 13:52:09'),
	(302, 92, 4, '', '0', 0, '0', 6, 0, 10, '2022-11-08 12:42:41', 10, '2022-11-11 13:52:09'),
	(303, 93, 0, '', '10', 1, '0', 10, 0, 10, '2022-11-08 12:42:41', 10, '2022-11-11 13:52:09'),
	(304, 93, 0, '', '5', 2, '9', 8, 0, 10, '2022-11-08 12:42:41', 10, '2022-11-11 13:52:09'),
	(305, 93, 0, '', '3', 2, '4', 6, 0, 10, '2022-11-08 12:42:41', 10, '2022-11-11 13:52:09'),
	(306, 94, 0, '', '5', 1, '0', 10, 0, 10, '2022-11-08 12:42:41', 10, '2022-11-11 13:52:09'),
	(307, 94, 0, '', '3', 2, '4', 8, 0, 10, '2022-11-08 12:42:41', 10, '2022-11-11 13:52:09'),
	(308, 94, 0, '', '2', 3, '0', 6, 0, 10, '2022-11-08 12:42:41', 10, '2022-11-11 13:52:09'),
	(309, 95, 0, '', '5000', 1, '0', 20, 0, 10, '2022-11-08 12:42:41', 10, '2022-11-11 13:52:09'),
	(310, 95, 0, '', '5000', 3, '0', 10, 0, 10, '2022-11-08 12:42:41', 10, '2022-11-11 13:52:09'),
	(311, 96, 0, '', '5', 1, '0', 20, 0, 10, '2022-11-08 12:42:41', 10, '2022-11-11 13:52:09'),
	(312, 96, 0, '', '4', 3, '0', 10, 0, 10, '2022-11-08 12:42:41', 10, '2022-11-11 13:52:09'),
	(313, 97, 0, '', '3', 1, '0', 10, 0, 10, '2022-11-08 12:42:41', 10, '2022-11-11 13:52:09'),
	(314, 97, 0, '', '2', 3, '0', 8, 0, 10, '2022-11-08 12:42:41', 10, '2022-11-11 13:52:09'),
	(315, 98, 0, 'OK', '0', 0, '0', 1, 0, 10, '2022-11-10 21:37:07', 10, '2022-11-10 21:55:22'),
	(316, 99, 0, 'OK', '0', 0, '0', 1, 0, 10, '2022-11-10 22:05:59', 10, '2022-11-10 22:06:30'),
	(317, 100, 1, '', '0', 0, '0', 10, 0, 141, '2022-11-11 16:37:12', 10, '2022-11-11 17:48:33'),
	(318, 100, 2, '', '0', 0, '0', 8, 0, 141, '2022-11-11 16:37:12', 10, '2022-11-11 17:48:33'),
	(319, 100, 3, '', '0', 0, '0', 6, 0, 141, '2022-11-11 16:37:12', 10, '2022-11-11 17:48:33'),
	(320, 100, 4, '', '0', 0, '0', 4, 0, 141, '2022-11-11 16:37:12', 10, '2022-11-11 17:48:33'),
	(321, 101, 1, '', '0', 0, '0', 40, 0, 141, '2022-11-11 16:37:12', 10, '2022-11-11 17:48:33'),
	(322, 101, 2, '', '0', 0, '0', 1, 0, 141, '2022-11-11 16:37:12', 10, '2022-11-11 17:48:33'),
	(323, 102, 0, '', '345', 2, '0', 1, 0, 141, '2022-11-11 16:37:12', 10, '2022-11-11 17:48:33'),
	(324, 102, 0, '', '542', 2, '0', 1, 0, 141, '2022-11-11 16:34:33', 10, '2022-11-11 17:48:33'),
	(325, 103, 1, '', '0', 0, '0', 13, 0, 141, '2022-11-11 16:39:56', 141, '2022-11-11 16:50:31'),
	(326, 103, 2, '', '0', 0, '0', 2, 0, 141, '2022-11-11 16:39:56', 141, '2022-11-11 16:50:31'),
	(327, 103, 3, '', '0', 0, '0', 34, 0, 141, '2022-11-11 16:39:56', 141, '2022-11-11 16:50:31'),
	(328, 103, 4, '', '0', 0, '0', 5, 0, 141, '2022-11-11 16:39:56', 141, '2022-11-11 16:50:31'),
	(329, 104, 0, 'DASDADA', '0', 0, '0', 1, 0, 141, '2022-11-11 16:39:56', 141, '2022-11-11 16:50:31'),
	(330, 104, 0, 'DADASD', '0', 0, '0', 2, 0, 141, '2022-11-11 16:39:56', 141, '2022-11-11 16:50:31'),
	(331, 104, 0, 'DSASDA', '0', 0, '0', 3, 0, 141, '2022-11-11 16:39:56', 141, '2022-11-11 16:50:31'),
	(332, 105, 1, '', '0', 0, '0', 10, 0, 141, '2022-11-11 16:40:36', 10, '2022-11-11 17:48:27'),
	(333, 105, 2, '', '0', 0, '0', 8, 0, 141, '2022-11-11 16:40:36', 10, '2022-11-11 17:48:27'),
	(334, 105, 3, '', '0', 0, '0', 6, 0, 141, '2022-11-11 16:40:36', 10, '2022-11-11 17:48:27'),
	(335, 105, 4, '', '0', 0, '0', 4, 0, 141, '2022-11-11 16:40:36', 10, '2022-11-11 17:48:27'),
	(336, 106, 0, 'OK', '0', 0, '0', 4, 0, 10, '2022-11-11 17:24:52', 10, '2022-11-11 17:25:43'),
	(337, 107, 1, '', '0', 0, '0', 20, 0, 10, '2022-11-12 23:02:20', 146, '2022-11-13 11:15:02'),
	(338, 107, 2, '', '0', 0, '0', 15, 0, 10, '2022-11-12 23:02:20', 146, '2022-11-13 11:15:02'),
	(339, 108, 0, 'OK', '0', 0, '0', 4, 0, 10, '2022-11-12 22:51:19', 10, '2022-11-12 22:51:35'),
	(340, 65, 5, '', '0', 0, '0', 0, 0, 131, '2022-11-13 08:23:36', 146, '2022-11-13 11:15:06'),
	(341, 109, 1, '', '0', 0, '0', 10, 0, 106, '2022-11-13 17:06:14', 106, '2022-11-13 17:44:31'),
	(342, 109, 2, '', '0', 0, '0', 8, 0, 106, '2022-11-13 17:06:14', 106, '2022-11-13 17:44:31'),
	(343, 109, 3, '', '0', 0, '0', 8, 0, 106, '2022-11-13 17:06:14', 106, '2022-11-13 17:44:31'),
	(344, 109, 4, '', '0', 0, '0', 8, 0, 106, '2022-11-13 17:06:14', 106, '2022-11-13 17:44:31'),
	(345, 109, 5, '', '0', 0, '0', 8, 0, 106, '2022-11-13 17:06:14', 106, '2022-11-13 17:44:31'),
	(346, 110, 1, '', '0', 0, '0', 20, 0, 106, '2022-11-13 17:06:14', 106, '2022-11-13 17:44:31'),
	(347, 110, 2, '', '0', 0, '0', 12, 0, 106, '2022-11-13 17:06:14', 106, '2022-11-13 17:44:31'),
	(348, 110, 3, '', '0', 0, '0', 12, 0, 106, '2022-11-13 17:06:14', 106, '2022-11-13 17:44:31'),
	(349, 110, 4, '', '0', 0, '0', 12, 0, 106, '2022-11-13 17:06:14', 106, '2022-11-13 17:44:31'),
	(350, 110, 5, '', '0', 0, '0', 12, 0, 106, '2022-11-13 17:06:14', 106, '2022-11-13 17:44:31'),
	(351, 110, 6, '', '0', 0, '0', 0, 0, 106, '2022-11-13 17:06:14', 106, '2022-11-13 17:44:31'),
	(352, 111, 0, '', '1', 3, '0', 1, 0, 10, '2022-11-15 10:39:59', 10, '2022-11-17 11:06:25'),
	(353, 111, 0, '', '2', 2, '0', 2, 0, 10, '2022-11-15 10:39:59', 10, '2022-11-17 11:06:25'),
	(354, 111, 0, '', '3', 1, '0', 3, 0, 10, '2022-11-15 10:39:59', 10, '2022-11-17 11:06:25'),
	(355, 112, 1, '', '0', 0, '0', 2, 0, 141, '2022-11-14 12:19:51', 141, '2022-11-14 12:20:06'),
	(356, 112, 2, '', '0', 0, '0', 1, 0, 141, '2022-11-14 12:19:51', 141, '2022-11-14 12:20:06'),
	(357, 112, 3, '', '0', 0, '0', 1, 0, 141, '2022-11-14 12:19:51', 141, '2022-11-14 12:20:06'),
	(358, 112, 4, '', '0', 0, '0', 1, 0, 141, '2022-11-14 12:19:51', 141, '2022-11-14 12:20:06'),
	(359, 112, 5, '', '0', 0, '0', 1, 0, 141, '2022-11-14 12:19:51', 141, '2022-11-14 12:20:06'),
	(360, 45, 5, '', '0', 0, '0', 1, 1, 10, '2022-12-01 09:48:36', NULL, NULL),
	(361, 46, 3, '', '0', 0, '0', 8, 1, 10, '2022-12-01 09:48:36', NULL, NULL),
	(362, 46, 4, '', '0', 0, '0', 2, 1, 10, '2022-12-01 09:48:36', NULL, NULL),
	(363, 46, 5, '', '0', 0, '0', 2, 1, 10, '2022-12-01 09:48:36', NULL, NULL),
	(364, 46, 6, '', '0', 0, '0', 2, 1, 10, '2022-12-01 09:48:36', NULL, NULL),
	(365, 46, 7, '', '0', 0, '0', 2, 1, 10, '2022-12-01 09:48:36', NULL, NULL),
	(366, 46, 8, '', '0', 0, '0', 2, 1, 10, '2022-12-01 09:48:36', NULL, NULL),
	(367, 46, 9, '', '0', 0, '0', 2, 1, 10, '2022-12-01 09:48:36', NULL, NULL),
	(368, 46, 10, '', '0', 0, '0', 6, 1, 10, '2022-12-01 09:48:36', NULL, NULL),
	(369, 46, 11, '', '0', 0, '0', 2, 1, 10, '2022-12-01 09:48:36', NULL, NULL),
	(370, 46, 12, '', '0', 0, '0', 2, 1, 10, '2022-12-01 09:48:36', NULL, NULL),
	(371, 46, 13, '', '0', 0, '0', 2, 1, 10, '2022-12-01 09:48:36', NULL, NULL),
	(372, 46, 14, '', '0', 0, '0', 2, 1, 10, '2022-12-01 09:48:36', NULL, NULL),
	(373, 46, 15, '', '0', 0, '0', 2, 1, 10, '2022-12-01 09:48:36', NULL, NULL),
	(374, 47, 5, '', '0', 0, '0', 8, 1, 10, '2022-12-01 09:48:36', NULL, NULL),
	(375, 47, 6, '', '0', 0, '0', 0, 1, 10, '2022-12-01 09:48:36', NULL, NULL),
	(376, 113, 1, '', '0', 0, '0', 5, 0, 140, '2022-11-16 09:47:23', 140, '2022-11-16 09:48:55'),
	(377, 113, 2, '', '0', 0, '0', 4, 0, 140, '2022-11-16 09:47:23', 140, '2022-11-16 09:48:55'),
	(378, 113, 3, '', '0', 0, '0', 3, 0, 140, '2022-11-16 09:47:23', 140, '2022-11-16 09:48:55'),
	(379, 113, 4, '', '0', 0, '0', 2, 0, 140, '2022-11-16 09:47:23', 140, '2022-11-16 09:48:55'),
	(380, 113, 5, '', '0', 0, '0', 1, 0, 140, '2022-11-16 09:47:23', 140, '2022-11-16 09:48:55'),
	(381, 114, 1, '', '0', 0, '0', 5, 0, 140, '2022-11-16 09:47:23', 140, '2022-11-16 09:48:56'),
	(382, 114, 2, '', '0', 0, '0', 4, 0, 140, '2022-11-16 09:47:23', 140, '2022-11-16 09:48:56'),
	(383, 114, 3, '', '0', 0, '0', 3, 0, 140, '2022-11-16 09:47:23', 140, '2022-11-16 09:48:56'),
	(384, 114, 4, '', '0', 0, '0', 2, 0, 140, '2022-11-16 09:47:23', 140, '2022-11-16 09:48:56'),
	(385, 114, 5, '', '0', 0, '0', 1, 0, 140, '2022-11-16 09:47:23', 140, '2022-11-16 09:48:56'),
	(386, 115, 0, 'YEAHHH', '0', 0, '0', 10, 0, 140, '2022-11-16 09:47:23', 140, '2022-11-16 09:48:56'),
	(387, 116, 0, '', '24', 3, '0', 20, 0, 10, '2022-11-17 11:55:04', 10, '2022-11-17 16:42:15'),
	(388, 116, 0, '', '20', 0, '0', 15, 0, 10, '2022-11-17 11:55:04', 10, '2022-11-17 16:42:15'),
	(389, 117, 0, '', '10', 1, '0', 20, 0, 10, '2022-11-17 17:20:48', 10, '2022-11-18 11:16:13'),
	(390, 118, 1, '', '0', 0, '0', 5, 1, 10, '2022-11-27 16:30:45', NULL, NULL),
	(391, 118, 2, '', '0', 0, '0', 4, 1, 10, '2022-11-27 16:30:45', NULL, NULL),
	(392, 118, 3, '', '0', 0, '0', 3, 1, 10, '2022-11-27 16:30:45', NULL, NULL),
	(393, 118, 4, '', '0', 0, '0', 2, 1, 10, '2022-11-27 16:30:45', NULL, NULL),
	(394, 118, 5, '', '0', 0, '0', 1, 1, 10, '2022-11-27 16:30:45', NULL, NULL),
	(395, 119, 0, 'KEBANGSAAN', '0', 0, '0', 10, 1, 10, '2022-11-27 16:30:45', NULL, NULL),
	(396, 120, 0, 'JOHOR', '0', 0, '0', 10, 0, 138, '2022-11-23 10:00:15', 138, '2022-11-23 10:09:03'),
	(397, 120, 0, 'MELAKA', '0', 0, '0', 5, 0, 138, '2022-11-23 10:00:15', 138, '2022-11-23 10:09:03'),
	(398, 120, 0, 'JOHOR', '0', 0, '0', 1, 0, 138, '2022-11-23 10:08:38', 138, '2022-11-23 10:09:03'),
	(399, 121, 0, '', '129', 1, '0', 40, 0, 138, '2022-11-23 09:55:54', 138, '2022-11-23 10:09:03'),
	(400, 121, 0, '', '100', 2, '127', 41, 0, 138, '2022-11-23 09:55:54', 138, '2022-11-23 10:09:03'),
	(401, 122, 0, '', '23', 0, '32', 34, 0, 138, '2022-11-23 10:00:15', 138, '2022-11-23 10:09:03'),
	(402, 123, 0, '', '1000', 3, '0', 90, 0, 138, '2022-11-23 10:08:38', 138, '2022-11-23 10:09:03'),
	(403, 123, 0, '', '1200', 2, '1500', 50, 0, 138, '2022-11-23 10:08:38', 138, '2022-11-23 10:09:03'),
	(404, 123, 0, '', '1600', 1, '0', 10, 0, 138, '2022-11-23 10:08:38', 138, '2022-11-23 10:09:03'),
	(405, 124, 0, 'JOHOR', '0', 0, '0', 1, 0, 138, '2022-11-23 10:08:38', 138, '2022-11-23 10:09:03'),
	(406, 125, 0, '', '1000', 3, '0', 90, 0, 138, '2022-11-23 10:08:38', 138, '2022-11-23 10:09:03'),
	(407, 125, 0, '', '1200', 2, '0', 50, 0, 138, '2022-11-23 10:08:38', 138, '2022-11-23 10:09:03'),
	(408, 125, 0, '', '1600', 1, '0', 10, 0, 138, '2022-11-23 10:08:38', 138, '2022-11-23 10:09:03'),
	(409, 126, 0, 'IUL', '0', 0, '0', 87, 0, 138, '2022-11-23 10:07:50', 138, '2022-11-23 10:09:03'),
	(410, 127, 1, '', '0', 0, '0', 10, 0, 10, '2022-11-27 16:13:49', 10, '2022-11-27 16:51:34'),
	(411, 127, 2, '', '0', 0, '0', 8, 0, 10, '2022-11-27 16:13:49', 10, '2022-11-27 16:51:34'),
	(412, 127, 3, '', '0', 0, '0', 8, 0, 10, '2022-11-27 16:13:49', 10, '2022-11-27 16:51:34'),
	(413, 127, 4, '', '0', 0, '0', 8, 0, 10, '2022-11-27 16:13:49', 10, '2022-11-27 16:51:34'),
	(414, 127, 5, '', '0', 0, '0', 8, 0, 10, '2022-11-27 16:13:49', 10, '2022-11-27 16:51:34'),
	(415, 128, 0, '', '0', 0, '0', 10, 0, 10, '2022-11-27 16:13:49', 10, '2022-11-27 16:51:34'),
	(416, 128, 0, '', '0', 0, '0', 8, 0, 10, '2022-11-27 16:13:49', 10, '2022-11-27 16:51:34'),
	(417, 128, 0, '', '0', 0, '0', 8, 0, 10, '2022-11-27 16:13:49', 10, '2022-11-27 16:51:34'),
	(418, 128, 0, '', '0', 0, '0', 7, 0, 10, '2022-11-27 16:13:49', 10, '2022-11-27 16:51:34'),
	(419, 128, 0, '', '0', 0, '0', 7, 0, 10, '2022-11-27 16:13:49', 10, '2022-11-27 16:51:34'),
	(420, 129, 1, '', '0', 0, '0', 20, 0, 10, '2022-11-29 14:35:33', 10, '2022-11-29 14:55:24'),
	(421, 129, 2, '', '0', 0, '0', 15, 0, 10, '2022-11-29 14:35:33', 10, '2022-11-29 14:55:24'),
	(422, 129, 3, '', '0', 0, '0', 15, 0, 10, '2022-11-29 14:35:33', 10, '2022-11-29 14:55:24'),
	(423, 129, 4, '', '0', 0, '0', 15, 0, 10, '2022-11-29 14:35:33', 10, '2022-11-29 14:55:24'),
	(424, 129, 5, '', '0', 0, '0', 5, 0, 10, '2022-11-29 14:35:33', 10, '2022-11-29 14:55:24'),
	(425, 130, 0, '', '10', 2, '2', 20, 0, 10, '2022-11-30 10:07:51', 10, '2022-11-30 10:18:38'),
	(426, 131, 0, '', '10', 0, '0', 30, 0, 10, '2022-11-30 10:18:16', 10, '2022-11-30 11:11:07'),
	(427, 132, 0, '', '10', 0, '3', 30, 0, 10, '2022-11-30 10:19:57', 10, '2022-11-30 11:03:35'),
	(428, 133, 1, '', '0', 0, '0', 20, 0, 10, '2022-11-30 10:29:21', 10, '2022-11-30 11:03:35'),
	(429, 133, 2, '', '0', 0, '0', 20, 0, 10, '2022-11-30 10:29:21', 10, '2022-11-30 11:03:35'),
	(430, 133, 3, '', '0', 0, '0', 5, 0, 10, '2022-11-30 10:29:21', 10, '2022-11-30 11:03:35'),
	(431, 133, 4, '', '0', 0, '0', 10, 0, 10, '2022-11-30 10:29:21', 10, '2022-11-30 11:03:35'),
	(432, 133, 5, '', '0', 0, '0', 10, 0, 10, '2022-11-30 10:29:21', 10, '2022-11-30 11:03:35'),
	(433, 133, 6, '', '0', 0, '0', 5, 0, 10, '2022-11-30 10:29:21', 10, '2022-11-30 11:03:35'),
	(434, 133, 7, '', '0', 0, '0', 30, 0, 10, '2022-11-30 10:29:21', 10, '2022-11-30 11:03:35'),
	(435, 133, 8, '', '0', 0, '0', 10, 0, 10, '2022-11-30 10:29:21', 10, '2022-11-30 11:03:35'),
	(436, 133, 9, '', '0', 0, '0', 5, 0, 10, '2022-11-30 10:29:21', 10, '2022-11-30 11:03:35'),
	(437, 133, 10, '', '0', 0, '0', 1, 0, 10, '2022-11-30 10:29:21', 10, '2022-11-30 11:03:35'),
	(438, 133, 11, '', '0', 0, '0', 5, 0, 10, '2022-11-30 10:29:21', 10, '2022-11-30 11:03:35'),
	(439, 133, 12, '', '0', 0, '0', 1, 0, 10, '2022-11-30 10:29:21', 10, '2022-11-30 11:03:35'),
	(440, 133, 13, '', '0', 0, '0', 3, 0, 10, '2022-11-30 10:29:21', 10, '2022-11-30 11:03:35'),
	(441, 133, 14, '', '0', 0, '0', 5, 0, 10, '2022-11-30 10:29:21', 10, '2022-11-30 11:03:35'),
	(442, 133, 15, '', '0', 0, '0', 5, 0, 10, '2022-11-30 10:29:21', 10, '2022-11-30 11:03:35'),
	(443, 134, 0, 'TESTING', '0', 0, '0', 30, 0, 10, '2022-11-30 10:43:11', 10, '2022-11-30 10:44:42'),
	(444, 135, 0, 'TESTING 3', '0', 0, '0', 5, 0, 10, '2022-11-30 10:43:11', 10, '2022-11-30 10:44:42'),
	(445, 136, 0, 'TESTING', '0', 0, '0', 30, 0, 10, '2022-11-30 10:43:50', 10, '2022-11-30 10:44:42'),
	(446, 136, 0, 'TETDING', '0', 0, '0', 5, 0, 10, '2022-11-30 10:43:50', 10, '2022-11-30 10:44:42'),
	(447, 137, 0, '', '10', 0, '3', 2, 0, 10, '2022-11-30 10:46:07', 10, '2022-11-30 11:04:30'),
	(448, 137, 0, '', '5', 0, '0', 3, 0, 10, '2022-11-30 10:46:07', 10, '2022-11-30 11:04:30'),
	(449, 137, 0, '', '15', 0, '0', 2, 0, 10, '2022-11-30 10:46:07', 10, '2022-11-30 11:04:30'),
	(450, 138, 0, '', '10', 0, '0', 20, 0, 10, '2022-11-30 10:52:28', 10, '2022-11-30 11:03:28'),
	(451, 138, 0, '', '5', 0, '0', 20, 0, 10, '2022-11-30 10:52:28', 10, '2022-11-30 11:03:28'),
	(452, 138, 0, '', '10', 1, '0', 5, 0, 10, '2022-11-30 10:55:18', 10, '2022-11-30 11:03:28'),
	(453, 139, 0, 'BUJANG', '0', 0, '0', 2, 0, 10, '2022-11-30 10:52:28', 10, '2022-11-30 11:03:28'),
	(454, 139, 0, 'BERKAHWIN', '0', 0, '0', 10, 0, 10, '2022-11-30 10:52:28', 10, '2022-11-30 11:03:28'),
	(455, 140, 0, '', '5', 1, '0', 10, 0, 10, '2022-11-30 10:55:18', 10, '2022-11-30 11:03:28'),
	(456, 140, 0, '', '5', 0, '0', 5, 0, 10, '2022-11-30 10:55:18', 10, '2022-11-30 11:03:28'),
	(457, 140, 0, '', '3', 0, '0', 10, 0, 10, '2022-11-30 10:55:19', 10, '2022-11-30 11:03:28'),
	(458, 141, 1, '', '0', 0, '0', 20, 0, 278, '2022-11-30 12:24:27', 10, '2022-11-30 12:43:41'),
	(459, 141, 2, '', '0', 0, '0', 10, 0, 278, '2022-11-30 12:24:27', 10, '2022-11-30 12:43:41'),
	(460, 141, 3, '', '0', 0, '0', 8, 0, 278, '2022-11-30 12:24:27', 10, '2022-11-30 12:43:41'),
	(461, 141, 4, '', '0', 0, '0', 6, 0, 278, '2022-11-30 12:24:27', 10, '2022-11-30 12:43:41'),
	(462, 141, 5, '', '0', 0, '0', 2, 0, 278, '2022-11-30 12:24:27', 10, '2022-11-30 12:43:41'),
	(463, 142, 1, '', '0', 0, '0', 20, 1, 10, '2022-12-01 09:47:45', NULL, NULL),
	(464, 142, 2, '', '0', 0, '0', 60, 1, 10, '2022-12-01 09:47:45', NULL, NULL),
	(465, 142, 3, '', '0', 0, '0', 10, 1, 10, '2022-12-01 09:47:45', NULL, NULL),
	(466, 143, 1, '', '0', 0, '0', 1, 1, 10, '2022-12-01 09:47:45', NULL, NULL),
	(467, 143, 2, '', '0', 0, '0', 5, 1, 10, '2022-12-01 09:47:45', NULL, NULL),
	(468, 143, 3, '', '0', 0, '0', 9, 1, 10, '2022-12-01 09:47:45', NULL, NULL),
	(469, 143, 4, '', '0', 0, '0', 5, 1, 10, '2022-12-01 09:47:45', NULL, NULL),
	(470, 143, 5, '', '0', 0, '0', 6, 1, 10, '2022-12-01 09:47:45', NULL, NULL),
	(471, 143, 6, '', '0', 0, '0', 7, 1, 10, '2022-12-01 09:47:45', NULL, NULL),
	(472, 143, 7, '', '0', 0, '0', 6, 1, 10, '2022-12-01 09:47:45', NULL, NULL),
	(473, 143, 8, '', '0', 0, '0', 4, 1, 10, '2022-12-01 09:47:45', NULL, NULL),
	(474, 143, 9, '', '0', 0, '0', 6, 1, 10, '2022-12-01 09:47:45', NULL, NULL),
	(475, 143, 10, '', '0', 0, '0', 8, 1, 10, '2022-12-01 09:47:45', NULL, NULL),
	(476, 143, 11, '', '0', 0, '0', 9, 1, 10, '2022-12-01 09:47:45', NULL, NULL),
	(477, 144, 1, '', '0', 0, '0', 2, 1, 10, '2022-12-01 09:47:45', NULL, NULL),
	(478, 144, 2, '', '0', 0, '0', 5, 1, 10, '2022-12-01 09:47:45', NULL, NULL),
	(479, 144, 3, '', '0', 0, '0', 6, 1, 10, '2022-12-01 09:47:45', NULL, NULL),
	(480, 144, 4, '', '0', 0, '0', 8, 1, 10, '2022-12-01 09:47:45', NULL, NULL),
	(481, 144, 5, '', '0', 0, '0', 8, 1, 10, '2022-12-01 09:47:45', NULL, NULL),
	(482, 145, 1, '', '0', 0, '0', 20, 0, 10, '2022-11-30 12:34:35', 10, '2022-11-30 12:34:46'),
	(483, 145, 2, '', '0', 0, '0', 10, 0, 10, '2022-11-30 12:34:35', 10, '2022-11-30 12:34:46'),
	(484, 145, 3, '', '0', 0, '0', 8, 0, 10, '2022-11-30 12:34:35', 10, '2022-11-30 12:34:46'),
	(485, 145, 4, '', '0', 0, '0', 6, 0, 10, '2022-11-30 12:34:35', 10, '2022-11-30 12:34:46'),
	(486, 145, 5, '', '0', 0, '0', 2, 0, 10, '2022-11-30 12:34:35', 10, '2022-11-30 12:34:46'),
	(487, 146, 1, '', '0', 0, '0', 20, 0, 10, '2022-11-30 12:34:35', 10, '2022-11-30 12:34:46'),
	(488, 146, 2, '', '0', 0, '0', 10, 0, 10, '2022-11-30 12:34:35', 10, '2022-11-30 12:34:46'),
	(489, 146, 3, '', '0', 0, '0', 10, 0, 10, '2022-11-30 12:34:35', 10, '2022-11-30 12:34:46'),
	(490, 146, 4, '', '0', 0, '0', 10, 0, 10, '2022-11-30 12:34:35', 10, '2022-11-30 12:34:46'),
	(491, 146, 5, '', '0', 0, '0', 8, 0, 10, '2022-11-30 12:34:35', 10, '2022-11-30 12:34:46'),
	(492, 146, 6, '', '0', 0, '0', 8, 0, 10, '2022-11-30 12:34:35', 10, '2022-11-30 12:34:46'),
	(493, 146, 7, '', '0', 0, '0', 8, 0, 10, '2022-11-30 12:34:35', 10, '2022-11-30 12:34:46'),
	(494, 146, 8, '', '0', 0, '0', 6, 0, 10, '2022-11-30 12:34:35', 10, '2022-11-30 12:34:46'),
	(495, 146, 9, '', '0', 0, '0', 6, 0, 10, '2022-11-30 12:34:35', 10, '2022-11-30 12:34:46'),
	(496, 146, 10, '', '0', 0, '0', 4, 0, 10, '2022-11-30 12:34:35', 10, '2022-11-30 12:34:46'),
	(497, 146, 11, '', '0', 0, '0', 3, 0, 10, '2022-11-30 12:34:35', 10, '2022-11-30 12:34:46'),
	(498, 146, 12, '', '0', 0, '0', 2, 0, 10, '2022-11-30 12:34:35', 10, '2022-11-30 12:34:46'),
	(499, 146, 13, '', '0', 0, '0', 1, 0, 10, '2022-11-30 12:34:35', 10, '2022-11-30 12:34:46'),
	(500, 146, 14, '', '0', 0, '0', 1, 0, 10, '2022-11-30 12:34:35', 10, '2022-11-30 12:34:46'),
	(501, 146, 15, '', '0', 0, '0', 1, 0, 10, '2022-11-30 12:34:35', 10, '2022-11-30 12:34:46'),
	(502, 147, 1, '', '0', 0, '0', 10, 0, 10, '2022-11-30 12:34:35', 10, '2022-11-30 12:34:46'),
	(503, 147, 2, '', '0', 0, '0', 10, 0, 10, '2022-11-30 12:34:35', 10, '2022-11-30 12:34:46'),
	(504, 147, 3, '', '0', 0, '0', 10, 0, 10, '2022-11-30 12:34:35', 10, '2022-11-30 12:34:46'),
	(505, 147, 4, '', '0', 0, '0', 2, 0, 10, '2022-11-30 12:34:35', 10, '2022-11-30 12:34:46'),
	(506, 147, 5, '', '0', 0, '0', 10, 0, 10, '2022-11-30 12:34:35', 10, '2022-11-30 12:34:46'),
	(507, 148, 0, '', '60', 0, '0', 8, 0, 10, '2022-11-30 12:34:35', 10, '2022-11-30 12:34:46'),
	(508, 148, 0, '', '30', 2, '59', 6, 0, 10, '2022-11-30 12:34:35', 10, '2022-11-30 12:34:46'),
	(509, 149, 0, '', '6', 0, '0', 10, 0, 10, '2022-11-30 12:34:35', 10, '2022-11-30 12:34:46'),
	(510, 149, 0, '', '5', 0, '0', 8, 0, 10, '2022-11-30 12:34:35', 10, '2022-11-30 12:34:46'),
	(511, 149, 0, '', '4', 0, '0', 6, 0, 10, '2022-11-30 12:34:35', 10, '2022-11-30 12:34:46'),
	(512, 149, 0, '', '3', 0, '0', 4, 0, 10, '2022-11-30 12:34:35', 10, '2022-11-30 12:34:46'),
	(513, 149, 0, '', '2', 0, '0', 3, 0, 10, '2022-11-30 12:34:35', 10, '2022-11-30 12:34:46'),
	(514, 149, 0, '', '1', 0, '0', 2, 0, 10, '2022-11-30 12:34:35', 10, '2022-11-30 12:34:46'),
	(515, 149, 0, '', '0', 0, '0', 1, 0, 10, '2022-11-30 12:34:35', 10, '2022-11-30 12:34:46'),
	(516, 150, 0, '', '6001', 0, '0', 6, 0, 10, '2022-11-30 12:34:35', 10, '2022-11-30 12:34:46'),
	(517, 150, 0, '', '3001', 2, '6000', 4, 0, 10, '2022-11-30 12:34:35', 10, '2022-11-30 12:34:46'),
	(518, 151, 0, '', '60', 1, '0', 6, 0, 10, '2022-11-30 12:34:35', 10, '2022-11-30 12:34:46'),
	(519, 151, 0, '', '30', 2, '59', 4, 0, 10, '2022-11-30 12:34:35', 10, '2022-11-30 12:34:46'),
	(520, 151, 0, '', '21', 2, '29', 3, 0, 10, '2022-11-30 12:34:35', 10, '2022-11-30 12:34:46'),
	(521, 151, 0, '', '20', 3, '0', 2, 0, 10, '2022-11-30 12:34:35', 10, '2022-11-30 12:34:46'),
	(522, 152, 0, '', '3', 0, '0', 6, 0, 10, '2022-11-30 12:34:35', 10, '2022-11-30 12:34:46'),
	(523, 152, 0, '', '2', 0, '0', 6, 0, 10, '2022-11-30 12:34:35', 10, '2022-11-30 12:34:46'),
	(524, 152, 0, '', '1', 0, '0', 4, 0, 10, '2022-11-30 12:34:35', 10, '2022-11-30 12:34:46'),
	(525, 153, 0, 'PEMOHON', '0', 0, '0', 6, 0, 10, '2022-11-30 12:34:35', 10, '2022-11-30 12:34:46'),
	(526, 153, 0, 'PASANGAN', '0', 0, '0', 4, 0, 10, '2022-11-30 12:34:35', 10, '2022-11-30 12:34:46'),
	(527, 153, 0, 'ANAK - ANAK', '0', 0, '0', 2, 0, 10, '2022-11-30 12:34:35', 10, '2022-11-30 12:34:46'),
	(528, 154, 0, '', '0', 0, '0', 8, 0, 10, '2022-11-30 12:34:35', 10, '2022-11-30 12:34:46'),
	(529, 147, 6, '', '0', 0, '0', 0, 0, 10, '2022-11-30 12:34:35', 10, '2022-11-30 12:34:46'),
	(530, 142, 4, '', '0', 0, '0', 0, 1, 10, '2022-12-01 09:47:45', NULL, NULL),
	(531, 142, 5, '', '0', 0, '0', 0, 1, 10, '2022-12-01 09:47:45', NULL, NULL),
	(532, 143, 12, '', '0', 0, '0', 0, 1, 10, '2022-12-01 09:47:45', NULL, NULL),
	(533, 143, 13, '', '0', 0, '0', 0, 1, 10, '2022-12-01 09:47:45', NULL, NULL),
	(534, 143, 14, '', '0', 0, '0', 0, 1, 10, '2022-12-01 09:47:45', NULL, NULL),
	(535, 143, 15, '', '0', 0, '0', 0, 1, 10, '2022-12-01 09:47:45', NULL, NULL),
	(536, 144, 6, '', '0', 0, '0', 0, 1, 10, '2022-12-01 09:47:45', NULL, NULL),
	(537, 155, 1, '', '0', 0, '0', 10, 0, 10, '2022-12-02 14:28:51', 10, '2022-12-02 14:33:01'),
	(538, 155, 2, '', '0', 0, '0', 8, 0, 10, '2022-12-02 14:28:51', 10, '2022-12-02 14:33:01'),
	(539, 155, 3, '', '0', 0, '0', 8, 0, 10, '2022-12-02 14:28:51', 10, '2022-12-02 14:33:01'),
	(540, 155, 4, '', '0', 0, '0', 8, 0, 10, '2022-12-02 14:28:51', 10, '2022-12-02 14:33:01'),
	(541, 155, 5, '', '0', 0, '0', 8, 0, 10, '2022-12-02 14:28:51', 10, '2022-12-02 14:33:01');
/*!40000 ALTER TABLE `scoring_sub_criteria` ENABLE KEYS */;

-- Dumping structure for table staging_epro_kuarters_johor.services_type
CREATE TABLE IF NOT EXISTS `services_type` (
  `id` int(50) NOT NULL AUTO_INCREMENT,
  `services_type` varchar(50) DEFAULT NULL,
  `code` varchar(5) DEFAULT NULL,
  `data_status` tinyint(4) DEFAULT '1',
  `action_by` int(11) DEFAULT NULL,
  `action_on` datetime DEFAULT NULL,
  `delete_by` int(11) DEFAULT NULL,
  `delete_on` datetime DEFAULT NULL,
  PRIMARY KEY (`id`),
  KEY `FK_services_category_users` (`action_by`),
  KEY `FK_services_category_users_2` (`delete_by`),
  CONSTRAINT `FK_services_category_users` FOREIGN KEY (`action_by`) REFERENCES `users` (`id`) ON DELETE NO ACTION ON UPDATE NO ACTION,
  CONSTRAINT `FK_services_category_users_2` FOREIGN KEY (`delete_by`) REFERENCES `users` (`id`) ON DELETE NO ACTION ON UPDATE NO ACTION
) ENGINE=InnoDB AUTO_INCREMENT=6 DEFAULT CHARSET=latin1;

-- Dumping data for table staging_epro_kuarters_johor.services_type: ~5 rows (approximately)
/*!40000 ALTER TABLE `services_type` DISABLE KEYS */;
INSERT INTO `services_type` (`id`, `services_type`, `code`, `data_status`, `action_by`, `action_on`, `delete_by`, `delete_on`) VALUES
	(1, 'Badan Berkanun Negeri', 'BBN', 1, NULL, NULL, NULL, NULL),
	(2, 'Badan Berkanun Persekutuan', 'BBP', 1, NULL, NULL, NULL, NULL),
	(3, 'Perkhidmatan Awam Negeri', 'PAN', 1, NULL, NULL, NULL, NULL),
	(4, 'Perkhidmatan Awam Persekutuan', 'PAP', 1, NULL, NULL, NULL, NULL),
	(5, 'Pihak Berkuasa Tempatan', 'PBT', 1, NULL, NULL, NULL, NULL);
/*!40000 ALTER TABLE `services_type` ENABLE KEYS */;

-- Dumping structure for table staging_epro_kuarters_johor.special_permission
CREATE TABLE IF NOT EXISTS `special_permission` (
  `id` int(11) NOT NULL AUTO_INCREMENT,
  `user_id` int(11) DEFAULT NULL,
  `remarks` text,
  `data_status` int(11) DEFAULT NULL,
  `action_by` varchar(50) DEFAULT NULL,
  `action_on` varchar(50) DEFAULT NULL,
  `delete_by` varchar(50) DEFAULT NULL,
  `delete_on` varchar(50) DEFAULT NULL,
  PRIMARY KEY (`id`)
) ENGINE=InnoDB AUTO_INCREMENT=46 DEFAULT CHARSET=latin1;

-- Dumping data for table staging_epro_kuarters_johor.special_permission: ~45 rows (approximately)
/*!40000 ALTER TABLE `special_permission` DISABLE KEYS */;
INSERT INTO `special_permission` (`id`, `user_id`, `remarks`, `data_status`, `action_by`, `action_on`, `delete_by`, `delete_on`) VALUES
	(1, 68, NULL, 0, '68', '2022-10-20 01:59:17', '68', '2022-10-20 01:59:29'),
	(2, 68, NULL, 0, '68', '2022-10-20 07:08:51', '68', '2022-10-20 07:42:03'),
	(3, 68, NULL, 0, '68', '2022-10-20 07:42:14', '119', '2022-11-09 15:38:10'),
	(4, 164, NULL, 0, '10', '2022-10-25 05:34:05', '10', '2022-11-02 17:02:16'),
	(5, 65, NULL, 0, '10', '2022-10-25 05:40:28', '10', '2022-10-25 05:40:52'),
	(6, 73, NULL, 0, '10', '2022-10-31 02:24:39', '10', '2022-10-31 02:24:46'),
	(7, 65, NULL, 0, '10', '2022-11-02 17:07:34', '10', '2022-11-03 05:48:47'),
	(8, 10, NULL, 0, '10', '2022-11-03 02:37:39', '10', '2022-11-03 02:38:05'),
	(9, 65, NULL, 0, '10', '2022-11-03 05:49:13', '141', '2022-11-09 15:51:28'),
	(10, 43, NULL, 0, '10', '2022-11-06 02:20:23', '10', '2022-11-06 02:20:59'),
	(11, 188, NULL, 0, '10', '2022-11-06 04:28:05', '141', '2022-11-09 15:51:31'),
	(12, 168, NULL, 0, '10', '2022-11-07 04:10:46', '141', '2022-11-09 15:51:37'),
	(13, 104, 'OKNYMDTHJDJ', 1, '10', '2022-11-21 16:53:26', NULL, NULL),
	(14, 105, 'BOLEH BAGI GREENLANE', 0, '141', '2022-11-09 15:52:06', '106', '2022-11-11 09:03:51'),
	(15, 102, 'KEBENARAN KHAS 2022', 0, '106', '2022-11-11 02:15:56', '106', '2022-11-11 02:19:00'),
	(16, 108, 'TESTING 2022', 1, '10', '2022-11-11 16:10:22', NULL, NULL),
	(17, 102, 'TESTING ULASAN KEBENARAN KHAS 2022 $$$$', 0, '106', '2022-11-11 09:32:09', '106', '2022-11-11 09:32:17'),
	(18, 222, 'PULANG BERMALAM DI KAMPUNG', 0, '130', '2022-11-11 11:42:59', '130', '2022-11-11 11:50:47'),
	(19, 223, 'TEST ULASAN', 0, '131', '2022-11-11 11:42:46', '131', '2022-11-11 11:45:19'),
	(20, 222, 'TELAH MEMILIKI RUMAH', 1, '102', '2022-12-01 09:49:49', NULL, NULL),
	(21, 224, 'ULASAN KEBENARAN KHAS', 0, '106', '2022-11-11 23:21:23', '106', '2022-11-11 23:22:24'),
	(22, 121, 'ULASAN KEBENARAN KHAS', 0, '106', '2022-11-12 21:07:24', '106', '2022-11-12 21:08:06'),
	(23, 121, 'ULASAN PERMOHONAN', 1, '106', '2022-11-12 21:14:47', NULL, NULL),
	(24, 131, 'KAKITANGAN INI DIBERI KEBENARAN KHAS KERANA TIADA TEMPAT TINGGAL SEMENTARA. YE', 0, '10', '2022-11-12 21:43:17', '10', '2022-12-01 11:13:57'),
	(25, 102, 'PULANG CUTI KECEMASAN EMAK SAKIT', 0, '140', '2022-11-13 17:04:38', '140', '2022-11-13 17:04:59'),
	(26, 74, 'DAFTAR KEBENARAN KHAS (NOV 2022)', 0, '106', '2022-11-14 21:29:05', '106', '2022-11-14 21:31:52'),
	(27, 74, 'XXX', 0, '10', '2022-11-17 11:01:46', '10', '2022-11-17 11:03:48'),
	(28, 74, 'TESTING KEBENARAN KHAS', 0, '10', '2022-11-20 16:03:50', '10', '2022-11-20 16:04:03'),
	(29, 136, 'RGR', 1, '138', '2022-11-23 17:07:16', NULL, NULL),
	(30, 74, 'KEBENARAN KHAS', 0, '10', '2022-11-25 14:07:24', '10', '2022-11-25 14:09:35'),
	(31, 141, 'OKAY', 0, '10', '2022-12-01 09:32:06', '10', '2022-12-01 09:42:54'),
	(32, 141, 'PERMOHONAN KEBENARAN KHAS', 1, '10', '2022-12-01 09:47:24', NULL, NULL),
	(33, 249, 'DAPAT JE.. CABLE TAU HA. HAU ADE?', 0, '10', '2022-12-01 11:00:20', '10', '2022-12-01 11:18:23'),
	(34, 277, 'URGENT', 0, '282', '2022-12-01 09:49:08', '282', '2022-12-01 09:49:31'),
	(35, 279, 'DDDSDFFG', 0, '274', '2022-12-01 09:49:12', '274', '2022-12-01 09:49:33'),
	(36, 74, 'KEBENARAN OLEH JABATAN BAGI PERMOHONAN KEBENARAN KHAS 1', 0, '10', '2022-12-01 09:49:07', '10', '2022-12-01 09:49:25'),
	(37, 233, 'KEBERNARAN DARI JABATAN', 1, '10', '2022-12-01 09:47:40', NULL, NULL),
	(38, 275, 'KEBENARAN OLEH JABATAN BAGI PERMOHONAN KEBENARAN KHAS', 0, '278', '2022-12-01 09:49:10', '10', '2022-12-01 11:14:33'),
	(39, 293, 'KEBENARAN OLEH JABATAN BAGI PERMOHONAN KEBENARAN KHAS', 0, '293', '2022-12-01 09:49:27', '293', '2022-12-01 09:49:40'),
	(40, 251, 'TELAH MEMILIKI RUMAH', 0, '102', '2022-12-01 09:52:24', '102', '2022-12-01 09:52:36'),
	(41, 275, '122', 0, '10', '2022-12-01 11:14:57', '10', '2022-12-01 11:15:05'),
	(42, 275, '12345', 1, '10', '2022-12-01 11:15:28', NULL, NULL),
	(43, 248, 'TEST', 0, '10', '2022-12-01 15:21:07', '10', '2022-12-01 15:22:00'),
	(44, 248, 'TEST', 1, '10', '2022-12-01 15:22:35', NULL, NULL),
	(45, 74, 'ULASAN', 0, '10', '2022-12-02 13:22:56', '10', '2022-12-02 13:24:38');
/*!40000 ALTER TABLE `special_permission` ENABLE KEYS */;

-- Dumping structure for table staging_epro_kuarters_johor.special_permission_attachment
CREATE TABLE IF NOT EXISTS `special_permission_attachment` (
  `id` int(11) NOT NULL AUTO_INCREMENT,
  `special_permission_id` int(11) DEFAULT NULL,
  `path_document` text,
  `data_status` tinyint(4) DEFAULT '1',
  `action_by` int(11) DEFAULT NULL,
  `action_on` datetime DEFAULT NULL,
  `delete_by` int(11) DEFAULT NULL,
  `delete_on` datetime DEFAULT NULL,
  PRIMARY KEY (`id`) USING BTREE
) ENGINE=InnoDB AUTO_INCREMENT=72 DEFAULT CHARSET=latin1;

-- Dumping data for table staging_epro_kuarters_johor.special_permission_attachment: ~71 rows (approximately)
/*!40000 ALTER TABLE `special_permission_attachment` DISABLE KEYS */;
INSERT INTO `special_permission_attachment` (`id`, `special_permission_id`, `path_document`, `data_status`, `action_by`, `action_on`, `delete_by`, `delete_on`) VALUES
	(1, 13, 'documents/special_permission_attachment/surat_tawaran_kuarters.pdf', 1, 141, '2022-11-09 15:06:29', NULL, NULL),
	(2, 14, 'documents/special_permission_attachment/Untitled-1.png', 0, 119, '2022-11-09 15:35:03', 106, '2022-11-11 09:03:51'),
	(3, 14, 'documents/special_permission_attachment/surat_tawaran_kuarters.pdf', 0, 141, '2022-11-09 15:52:06', 106, '2022-11-11 09:03:51'),
	(4, 15, 'documents/special_permission_attachment/IC.jpg', 0, 106, '2022-11-11 02:01:18', 106, '2022-11-11 02:16:23'),
	(5, 15, 'documents/special_permission_attachment/Bluberry Cheecake.jpg', 0, 106, '2022-11-11 02:01:18', 106, '2022-11-11 02:12:56'),
	(6, 15, 'documents/special_permission_attachment/master cert.png', 0, 106, '2022-11-11 02:11:24', 106, '2022-11-11 02:12:51'),
	(7, 15, 'documents/special_permission_attachment/Lily.jpg', 0, 106, '2022-11-11 02:15:56', 106, '2022-11-11 02:16:09'),
	(8, 16, 'documents/special_permission_attachment/IC.jpg', 1, 106, '2022-11-11 02:20:45', NULL, NULL),
	(9, 16, 'documents/special_permission_attachment/master cert.png', 0, 106, '2022-11-11 02:20:45', 106, '2022-11-11 02:24:53'),
	(10, 16, 'documents/special_permission_attachment/Receipt (1).pdf', 0, 106, '2022-11-11 02:23:55', 106, '2022-11-11 02:24:43'),
	(11, 17, 'documents/special_permission_attachment/IC.jpg', 0, 106, '2022-11-11 09:31:04', 106, '2022-11-11 09:32:17'),
	(12, 17, 'documents/special_permission_attachment/Fresh watermelon.jpg', 0, 106, '2022-11-11 09:31:04', 106, '2022-11-11 09:32:17'),
	(13, 17, 'documents/special_permission_attachment/CRISPY-CHICKEN-SALAD.jpg', 0, 106, '2022-11-11 09:31:04', 106, '2022-11-11 09:32:17'),
	(14, 17, 'documents/special_permission_attachment/Spaghetti Carbonara.jpg', 0, 106, '2022-11-11 09:31:46', 106, '2022-11-11 09:32:17'),
	(15, 18, 'documents/special_permission_attachment/Laporan-Senarai-Lawatan08112022-093529.pdf', 0, 130, '2022-11-11 11:40:56', 130, '2022-11-11 11:50:47'),
	(16, 18, 'documents/special_permission_attachment/Laporan-Senarai-Makanan-Minuman-07112022-155541.pdf', 0, 130, '2022-11-11 11:42:19', 130, '2022-11-11 11:42:40'),
	(17, 19, 'documents/special_permission_attachment/POS Cenderahati - resit-belian-pdf (2).pdf', 0, 131, '2022-11-11 11:42:46', 131, '2022-11-11 11:44:46'),
	(18, 19, 'documents/special_permission_attachment/POS Cenderahati - resit-belian-pdf (1).pdf', 0, 131, '2022-11-11 11:42:46', 130, '2022-11-11 11:43:41'),
	(19, 18, 'documents/special_permission_attachment/Laporan-Senarai-Makanan-Minuman-07112022-155541.pdf', 0, 130, '2022-11-11 11:42:59', 130, '2022-11-11 11:49:07'),
	(20, 20, 'documents/special_permission_attachment/Laporan-Senarai-Makanan-Minuman-07112022-155541.pdf', 1, 130, '2022-11-11 11:59:28', NULL, NULL),
	(21, 20, 'documents/special_permission_attachment/Laporan-Senarai-Lawatan08112022-093529.pdf', 1, 130, '2022-11-11 12:03:08', NULL, NULL),
	(22, 16, 'documents/special_permission_attachment/Fresh watermelon.jpg', 0, 10, '2022-11-11 16:04:26', 10, '2022-11-11 16:05:16'),
	(23, 16, 'documents/special_permission_attachment/Spaghetti Carbonara.jpg', 1, 10, '2022-11-11 16:08:37', NULL, NULL),
	(24, 16, 'documents/special_permission_attachment/Fresh Orange.jpeg', 0, 10, '2022-11-11 16:08:37', 10, '2022-11-11 16:10:16'),
	(25, 21, 'documents/special_permission_attachment/IC.jpg', 0, 106, '2022-11-11 23:17:21', 106, '2022-11-11 23:22:24'),
	(26, 21, 'documents/special_permission_attachment/Receipt (1).pdf', 0, 106, '2022-11-11 23:17:21', 106, '2022-11-11 23:21:19'),
	(27, 21, 'documents/special_permission_attachment/master cert.png', 0, 106, '2022-11-11 23:17:21', 106, '2022-11-11 23:21:12'),
	(28, 22, 'documents/special_permission_attachment/IC.jpg', 0, 106, '2022-11-12 21:07:24', 106, '2022-11-12 21:08:06'),
	(29, 22, 'documents/special_permission_attachment/Receipt (1).pdf', 0, 106, '2022-11-12 21:07:24', 106, '2022-11-12 21:08:06'),
	(30, 23, 'documents/special_permission_attachment/IC.jpg', 1, 106, '2022-11-12 21:08:53', NULL, NULL),
	(31, 23, 'documents/special_permission_attachment/Receipt (1).pdf', 0, 106, '2022-11-12 21:08:53', 106, '2022-11-12 21:14:24'),
	(32, 23, 'documents/special_permission_attachment/Receipt (1).pdf', 0, 106, '2022-11-12 21:11:19', 106, '2022-11-12 21:14:20'),
	(33, 23, 'documents/special_permission_attachment/master cert.png', 0, 106, '2022-11-12 21:11:19', 106, '2022-11-12 21:14:13'),
	(34, 23, 'documents/special_permission_attachment/master cert.png', 1, 106, '2022-11-12 21:14:47', NULL, NULL),
	(35, 24, 'documents/special_permission_attachment/naruto.jpg', 0, 10, '2022-11-12 21:42:31', 10, '2022-12-01 11:13:57'),
	(36, 24, 'documents/special_permission_attachment/japan autumn.jpg', 0, 10, '2022-11-12 21:43:17', 10, '2022-12-01 11:13:57'),
	(37, 25, 'documents/special_permission_attachment/Logo-Majlis-Agama-Islam-Wilayah-Persekutuan-MAIWP-2018.png', 0, 140, '2022-11-13 17:04:39', 140, '2022-11-13 17:04:59'),
	(38, 25, 'documents/special_permission_attachment/kaligrafi-amin-ya-rabbal-alamin-58.webp', 0, 140, '2022-11-13 17:01:45', 140, '2022-11-13 17:04:59'),
	(39, 25, 'documents/special_permission_attachment/maal-hijrah-thuluth.jpg', 0, 140, '2022-11-13 17:04:39', 140, '2022-11-13 17:04:59'),
	(40, 26, 'documents/special_permission_attachment/IC.jpg', 0, 106, '2022-11-14 21:29:05', 106, '2022-11-14 21:31:52'),
	(41, 26, 'documents/special_permission_attachment/Receipt (1).pdf', 0, 106, '2022-11-14 21:16:28', 106, '2022-11-14 21:20:19'),
	(42, 26, 'documents/special_permission_attachment/master cert.png', 0, 106, '2022-11-14 21:16:29', 106, '2022-11-14 21:17:50'),
	(43, 26, 'documents/special_permission_attachment/IC.jpg', 0, 106, '2022-11-14 21:23:39', 106, '2022-11-14 21:25:18'),
	(44, 27, 'documents/special_permission_attachment/IC.jpg', 0, 10, '2022-11-17 10:47:21', 10, '2022-11-17 11:03:48'),
	(45, 27, 'documents/special_permission_attachment/Bluberry Cheecake.jpg', 0, 10, '2022-11-17 10:47:21', 10, '2022-11-17 10:59:38'),
	(46, 13, 'documents/special_permission_attachment/IC.jpg', 1, 10, '2022-11-17 15:28:49', NULL, NULL),
	(47, 28, 'documents/special_permission_attachment/IC.jpg', 0, 10, '2022-11-20 15:53:39', 10, '2022-11-20 16:04:04'),
	(48, 28, 'documents/special_permission_attachment/master cert.png', 0, 10, '2022-11-20 15:53:40', 10, '2022-11-20 15:58:47'),
	(49, 28, 'documents/special_permission_attachment/master cert.png', 0, 10, '2022-11-20 16:00:00', 10, '2022-11-20 16:03:38'),
	(50, 29, 'documents/special_permission_attachment/Screenshot_20221111_033837.png', 1, 138, '2022-11-23 17:07:16', NULL, NULL),
	(51, 30, 'documents/special_permission_attachment/Receipt (1).pdf', 0, 10, '2022-11-25 13:53:41', 10, '2022-11-25 14:09:35'),
	(52, 30, 'documents/special_permission_attachment/IC.jpg', 0, 10, '2022-11-25 14:07:24', 10, '2022-11-25 14:09:35'),
	(53, 31, 'documents/special_permission_attachment/jiran membuat bising.jpg', 0, 10, '2022-12-01 09:24:35', 10, '2022-12-01 09:27:04'),
	(54, 20, 'documents/special_permission_attachment/dokumen sokongan.png', 0, 10, '2022-12-01 09:42:36', 102, '2022-12-01 09:50:51'),
	(55, 32, 'documents/special_permission_attachment/dokumen sokongan.png', 1, 10, '2022-12-01 09:43:40', NULL, NULL),
	(56, 33, 'documents/special_permission_attachment/lampiran tanggungjawab.pdf', 0, 10, '2022-12-01 09:45:01', 10, '2022-12-01 11:18:23'),
	(57, 33, 'documents/special_permission_attachment/lampiran tanggungjawab.pdf', 0, 10, '2022-12-01 09:45:01', 10, '2022-12-01 11:18:23'),
	(58, 32, 'documents/special_permission_attachment/salinan surat pengesahan jabatan.webp', 1, 10, '2022-12-01 09:47:24', NULL, NULL),
	(59, 34, 'documents/special_permission_attachment/download (2).jfif', 0, 282, '2022-12-01 09:47:27', 282, '2022-12-01 09:49:31'),
	(60, 35, 'documents/special_permission_attachment/Screenshot (1).png', 0, 274, '2022-12-01 09:47:32', 274, '2022-12-01 09:49:33'),
	(61, 36, 'documents/special_permission_attachment/borang_masuk_kuarters.pdf', 0, 10, '2022-12-01 09:47:33', 10, '2022-12-01 09:49:25'),
	(62, 37, 'documents/special_permission_attachment/25 jln nusaria 10-5.pdf', 1, 10, '2022-12-01 09:47:40', NULL, NULL),
	(63, 38, 'documents/special_permission_attachment/mesy apc.pdf', 0, 278, '2022-12-01 09:48:25', 10, '2022-12-01 11:14:33'),
	(64, 39, 'documents/special_permission_attachment/WhatsApp Image 2022-11-09 at 11.09.02 PM.jpeg', 0, 293, '2022-12-01 09:48:25', 293, '2022-12-01 09:49:40'),
	(65, 40, 'documents/special_permission_attachment/pat sistem kuaters.pdf', 0, 102, '2022-12-01 09:52:24', 102, '2022-12-01 09:52:36'),
	(66, 41, 'documents/special_permission_attachment/borang-permohonan.pdf', 0, 10, '2022-12-01 11:14:57', 10, '2022-12-01 11:15:05'),
	(67, 42, 'documents/special_permission_attachment/borang-permohonan.pdf', 1, 10, '2022-12-01 11:15:28', NULL, NULL),
	(68, 43, 'documents/special_permission_attachment/surat_setuju_terima (1).pdf', 0, 10, '2022-12-01 15:21:07', 10, '2022-12-01 15:22:00'),
	(69, 44, 'documents/special_permission_attachment/borang_masuk_kuarters (1).pdf', 1, 10, '2022-12-01 15:22:21', NULL, NULL),
	(70, 45, 'documents/special_permission_attachment/IC.jpg', 0, 10, '2022-12-02 13:19:07', 10, '2022-12-02 13:24:38'),
	(71, 45, 'documents/special_permission_attachment/Receipt (1).pdf', 0, 10, '2022-12-02 13:22:56', 10, '2022-12-02 13:24:38');
/*!40000 ALTER TABLE `special_permission_attachment` ENABLE KEYS */;

-- Dumping structure for table staging_epro_kuarters_johor.system
CREATE TABLE IF NOT EXISTS `system` (
  `id` int(11) NOT NULL AUTO_INCREMENT,
  `name` varchar(50) DEFAULT NULL,
  `data_status` int(11) DEFAULT '1',
  PRIMARY KEY (`id`)
) ENGINE=InnoDB AUTO_INCREMENT=3 DEFAULT CHARSET=latin1;

-- Dumping data for table staging_epro_kuarters_johor.system: ~2 rows (approximately)
/*!40000 ALTER TABLE `system` DISABLE KEYS */;
INSERT INTO `system` (`id`, `name`, `data_status`) VALUES
	(1, 'ADMIN & PORTAL', 1),
	(2, 'PORTAL', 1);
/*!40000 ALTER TABLE `system` ENABLE KEYS */;

-- Dumping structure for table staging_epro_kuarters_johor.tenants
CREATE TABLE IF NOT EXISTS `tenants` (
  `id` int(11) NOT NULL AUTO_INCREMENT,
  `user_id` int(11) DEFAULT NULL,
  `application_id` int(11) DEFAULT NULL,
  `quarters_category_id` int(11) DEFAULT NULL,
  `quarters_id` varchar(255) DEFAULT NULL,
  `quarters_offer_date` date DEFAULT NULL,
  `quarters_acceptance_date` date DEFAULT NULL,
  `address_1` varchar(255) DEFAULT NULL,
  `address_2` varchar(255) DEFAULT NULL,
  `address_3` varchar(255) DEFAULT NULL,
  `district_id` int(11) DEFAULT NULL,
  `postcode` int(11) DEFAULT NULL,
  `name` varchar(255) DEFAULT NULL,
  `new_ic` varchar(50) DEFAULT NULL,
  `old_ic` varchar(50) DEFAULT NULL,
  `organization_name` text,
  `position_id` int(11) DEFAULT '0',
  `position` varchar(255) DEFAULT NULL,
  `position_grade_type_id` int(11) DEFAULT '0',
  `position_grade_type` varchar(50) DEFAULT NULL,
  `position_grade_id` int(11) DEFAULT '0',
  `position_grade` varchar(50) DEFAULT NULL,
  `position_type_id` int(11) DEFAULT '0',
  `position_type` varchar(255) DEFAULT NULL,
  `services_type_id` int(11) DEFAULT '0',
  `services_type` varchar(255) DEFAULT NULL,
  `marital_status_id` int(11) DEFAULT '0',
  `marital_status` varchar(255) DEFAULT NULL,
  `phone_no_home` varchar(50) DEFAULT NULL,
  `phone_no_hp` varchar(50) DEFAULT NULL,
  `phone_no_office` varchar(50) DEFAULT NULL,
  `leave_status_id` int(11) DEFAULT NULL COMMENT 'tbl leave_status 1-berjaya keluar',
  `leave_date` date DEFAULT NULL,
  `leave_option_id` varchar(50) DEFAULT NULL,
  `other_leave_reason` text,
  `is_same_address` int(11) DEFAULT '0' COMMENT '0: show other address, 1: hide other address',
  `other_address_1` varchar(50) DEFAULT NULL,
  `other_address_2` varchar(50) DEFAULT NULL,
  `other_address_3` varchar(50) DEFAULT NULL,
  `other_district_id` int(11) DEFAULT NULL,
  `other_postcode` varchar(10) DEFAULT NULL,
  `residence_type_id` int(11) DEFAULT '0',
  `is_draft_leave` int(11) DEFAULT '0' COMMENT '1-is_draft',
  `data_status` tinyint(4) DEFAULT '1',
  `action_by` int(11) DEFAULT NULL,
  `action_on` datetime DEFAULT NULL,
  `delete_by` int(11) DEFAULT NULL,
  `delete_on` datetime DEFAULT NULL,
  PRIMARY KEY (`id`),
  KEY `FK_tenants_users` (`action_by`),
  KEY `FK_tenants_users_2` (`delete_by`),
  KEY `FK_tenants_users_3` (`user_id`),
  KEY `FK_tenants_application` (`application_id`),
  CONSTRAINT `FK_tenants_application` FOREIGN KEY (`application_id`) REFERENCES `application` (`id`) ON DELETE NO ACTION ON UPDATE NO ACTION,
  CONSTRAINT `FK_tenants_users` FOREIGN KEY (`action_by`) REFERENCES `users` (`id`) ON DELETE NO ACTION ON UPDATE NO ACTION,
  CONSTRAINT `FK_tenants_users_2` FOREIGN KEY (`delete_by`) REFERENCES `users` (`id`) ON DELETE NO ACTION ON UPDATE NO ACTION,
  CONSTRAINT `FK_tenants_users_3` FOREIGN KEY (`user_id`) REFERENCES `users` (`id`) ON DELETE NO ACTION ON UPDATE NO ACTION
) ENGINE=InnoDB AUTO_INCREMENT=26 DEFAULT CHARSET=latin1;

-- Dumping data for table staging_epro_kuarters_johor.tenants: ~9 rows (approximately)
/*!40000 ALTER TABLE `tenants` DISABLE KEYS */;
INSERT INTO `tenants` (`id`, `user_id`, `application_id`, `quarters_category_id`, `quarters_id`, `quarters_offer_date`, `quarters_acceptance_date`, `address_1`, `address_2`, `address_3`, `district_id`, `postcode`, `name`, `new_ic`, `old_ic`, `organization_name`, `position_id`, `position`, `position_grade_type_id`, `position_grade_type`, `position_grade_id`, `position_grade`, `position_type_id`, `position_type`, `services_type_id`, `services_type`, `marital_status_id`, `marital_status`, `phone_no_home`, `phone_no_hp`, `phone_no_office`, `leave_status_id`, `leave_date`, `leave_option_id`, `other_leave_reason`, `is_same_address`, `other_address_1`, `other_address_2`, `other_address_3`, `other_district_id`, `other_postcode`, `residence_type_id`, `is_draft_leave`, `data_status`, `action_by`, `action_on`, `delete_by`, `delete_on`) VALUES
	(17, 267, 10, 32, '39', '2022-11-29', '2022-11-29', 'NO. 3A, JALAN LAKSAMANA', 'TAMAN LAKSAMANA', '', 1, 85000, 'NOORDIANA BINTI ABDUL LATIFF', '860612236074', NULL, 'PENTADBIRAN KERAJAAN NEGERI JOHOR', 42, 'Pembantu Tadbir (Perkeranian/Operasi)', 1, 'FA', 52, '19', 1, 'Lantikan Tetap', 1, 'Badan Berkanun Negeri', 1, 'BERKAHWIN', '0167710417', '016-7710417', '078766767', 1, '2022-12-31', '1', NULL, 0, '25, JALAN BUKIT MUTIARA 6, TAMAN BUKIT MUTIARA', NULL, NULL, 1, '81100', 1, 0, 1, 267, '2022-11-29 15:02:12', NULL, NULL),
	(18, 141, 11, 24, '491', '2022-11-29', '2022-11-29', '42, Jalan Pulai Perdana 9/2', 'Taman Sri Pulai Perdana', 'Johor Bahru', 1, 81100, 'RIFAI HAIKAL BIN RUKMAN', '840715060071', NULL, 'Pejabat Setiausaha Kerajaan Johor, Bahagian Sains Teknologi dan ICT', 1, 'PENOLONG PEGAWAI TEKNOLOGI MAKLUMAT', 1, 'FA', 5, '29', 1, 'Lantikan Tetap', 2, 'Badan Berkanun Persekutuan', 1, 'BERKAHWIN', NULL, '0197858554', '0725825825', 1, '2022-12-01', '2', NULL, 0, 'NO 22 JALAN SRI PULAI', 'TAMN SRI SKUDAI', '81200 JOHOR BAHRU', 1, '81200', 1, 0, 1, 141, '2022-12-01 11:31:12', NULL, NULL),
	(19, 68, 15, 57, '613', '2022-11-29', '2022-11-29', 'No 10, Jalan Jaya Putra', 'Taman JP Perdana', 'Johor Bahru', 2, 81100, 'AHMAD DANIEL BIN SHAIRI', '830113030255', NULL, 'Pejabat Setiausaha Kerajaan Johor, Bahagian Sains Teknologi dan ICT', 1, 'PENOLONG PEGAWAI TEKNOLOGI MAKLUMAT', 1, 'FA', 5, '29', 1, 'Lantikan Tetap', 1, 'Badan Berkanun Negeri', 1, 'BERKAHWIN', NULL, '0198887755', '074322546', 1, '2022-12-01', '2', NULL, 0, 'NO. 1, TAMAN PULAI PERDANA', NULL, NULL, 1, '81100', 1, 0, 1, 68, '2022-12-01 11:33:29', NULL, NULL),
	(20, 71, 16, 15, '607', '2022-11-29', '2022-11-30', 'No 27 Jalan Indah 7/1', 'Taman Bukit Indah', 'Nusajaya', 1, 79100, 'NAZIFA ASYIQIN BINTI KHAIRUL AZHAR', '930811110412', NULL, 'Pejabat Setiausaha Kerajaan Johor, Bahagian Sains Teknologi dan ICT', 6, 'PEMBANTU EHWAL EKONOMI', 1, 'FA', 11, '53', 1, 'Lantikan Tetap', 1, 'Badan Berkanun Negeri', 4, 'BELUM BERKAHWIN', NULL, '0198987765', '0197159986', 1, '2022-12-30', '2', NULL, 0, 'NO. 19, JALAN PERPADUAN, TAMAN PERPADUAN, PARIT BE', NULL, NULL, 2, '83000', 1, 0, 1, 71, '2022-12-01 11:34:19', NULL, NULL),
	(21, 118, 17, 15, '606', '2022-11-30', '2022-11-30', '21, Jalan Kembia', 'Taman Puteri Wangsa', 'Ulu Tiram', 1, 81800, 'AHMAD ASYRAF B MOHAMAD FAIRUZ', '840108060109', NULL, 'Pejabat Setiausaha Kerajaan Johor, Bahagian Sains Teknologi dan ICT', 3, 'PEGAWAI TEKNOLOGI MAKLUMAT', 1, 'FA', 6, '41', 1, 'Lantikan Tetap', 1, 'Badan Berkanun Negeri', 1, 'BERKAHWIN', NULL, '0178524552', '0725252525', 1, '2022-12-01', '2', NULL, 0, 'DATO MENTERI', NULL, NULL, 1, '80000', 2, 0, 1, 118, '2022-12-01 11:49:43', NULL, NULL),
	(22, 279, 19, 67, '623', '2022-11-30', '2022-11-30', '160, JALAN PARIT ISMAIL', '82000 BENUT, PONTIAN', 'JOHOR', 8, 82200, 'NUR FATIN BINTI JASMIN', '890201015848', NULL, 'PEJABAT DAERAH PONTIAN', 45, 'Pelukis Pelan (Kejuruteraan Awam)/Penolong Jurutera', 1, 'FA', 5, '29', 1, 'Lantikan Tetap', 3, 'Perkhidmatan Awam Negeri', 1, 'BERKAHWIN', '0177139533', '0177139533', '076871323', NULL, NULL, NULL, NULL, 0, NULL, NULL, NULL, NULL, NULL, 0, 0, 1, 279, '2022-11-30 15:42:14', NULL, NULL),
	(23, 104, 12, 1, '280', '2022-11-29', '2022-12-02', '5, Jalan Simbang 9', 'Taman Perling', 'Johor Bahru', 1, 81200, 'HANIN SOFYA BINTI ZAINUNDIN', '920601010372', NULL, 'Majlis Bandaraya Iskandar Puteri', 2, 'PENOLONG AKAUNTAN', 1, 'FA', 5, '29', 1, 'Lantikan Tetap', 1, 'Badan Berkanun Negeri', 4, 'BELUM BERKAHWIN', NULL, '0197528552', '0777777777', NULL, NULL, NULL, NULL, 0, NULL, NULL, NULL, NULL, NULL, 0, 0, 1, 104, '2022-12-02 07:23:00', NULL, NULL),
	(24, 133, 30, 15, '610', '2022-12-01', '2022-12-02', '5, Jalan Simbang 9', 'Taman Perling', 'Johor Bahru', 1, 81100, 'DANISH SHAHMI BIN ARIF ANUAR', '940911060247', NULL, 'Majlis Bandaraya Iskandar Puteri', 3, 'PEGAWAI TEKNOLOGI MAKLUMAT', 1, 'FA', 6, '41', 1, 'Lantikan Tetap', 1, 'Badan Berkanun Negeri', 1, 'BERKAHWIN', NULL, '0197858554', '0784584584', 1, '2022-12-03', '1', NULL, 0, 'VILA ROS TAMPOI', NULL, NULL, 1, '8000', 2, 0, 1, 133, '2022-12-03 23:55:01', NULL, NULL),
	(25, 110, 37, 1, '329', '2022-12-03', '2022-12-03', '107, Jalan Semangkok 2', 'Taman Istimewa', 'Johor Bahru', 1, 81100, 'NUR ELIESYA SOFIA BINTI SHAHRUL', '940628060380', NULL, 'Pejabat Setiausaha Kerajaan Johor, Bahagian Sains Teknologi dan ICT', 2, 'PENOLONG AKAUNTAN', 1, 'FA', 5, '29', 1, 'Lantikan Tetap', 3, 'Perkhidmatan Awam Negeri', 1, 'BERKAHWIN', '074322586', '0179698558', '0785969859', NULL, NULL, NULL, NULL, 0, NULL, NULL, NULL, NULL, NULL, 0, 0, 1, 110, '2022-12-03 22:12:31', NULL, NULL);
/*!40000 ALTER TABLE `tenants` ENABLE KEYS */;

-- Dumping structure for table staging_epro_kuarters_johor.tenants_cancel_remarks
CREATE TABLE IF NOT EXISTS `tenants_cancel_remarks` (
  `id` int(11) NOT NULL AUTO_INCREMENT,
  `remarks` varchar(255) DEFAULT NULL,
  `data_status` int(11) DEFAULT '1',
  PRIMARY KEY (`id`)
) ENGINE=InnoDB AUTO_INCREMENT=3 DEFAULT CHARSET=latin1;

-- Dumping data for table staging_epro_kuarters_johor.tenants_cancel_remarks: ~2 rows (approximately)
/*!40000 ALTER TABLE `tenants_cancel_remarks` DISABLE KEYS */;
INSERT INTO `tenants_cancel_remarks` (`id`, `remarks`, `data_status`) VALUES
	(1, 'URUSAN RASMI', 1),
	(2, 'URUSAN PERIBADI', 1);
/*!40000 ALTER TABLE `tenants_cancel_remarks` ENABLE KEYS */;

-- Dumping structure for table staging_epro_kuarters_johor.tenants_leave_attachment
CREATE TABLE IF NOT EXISTS `tenants_leave_attachment` (
  `id` int(11) NOT NULL AUTO_INCREMENT,
  `tenants_id` int(11) DEFAULT NULL,
  `document_path` longtext,
  `data_status` tinyint(4) DEFAULT '1',
  `action_by` int(11) DEFAULT NULL,
  `action_on` datetime DEFAULT NULL,
  `delete_by` int(11) DEFAULT NULL,
  `delete_on` datetime DEFAULT NULL,
  PRIMARY KEY (`id`)
) ENGINE=InnoDB AUTO_INCREMENT=8 DEFAULT CHARSET=latin1;

-- Dumping data for table staging_epro_kuarters_johor.tenants_leave_attachment: ~7 rows (approximately)
/*!40000 ALTER TABLE `tenants_leave_attachment` DISABLE KEYS */;
INSERT INTO `tenants_leave_attachment` (`id`, `tenants_id`, `document_path`, `data_status`, `action_by`, `action_on`, `delete_by`, `delete_on`) VALUES
	(1, 17, 'documents/tenants_documents/m3EixHXh8rD2h98Z6QQ1E9xnoCmx5ynpSGqFfSs0.pdf', 1, 267, '2022-11-29 14:57:49', NULL, NULL),
	(2, 18, 'documents/tenants_documents/katCAu7DOMeapcjfoOL4Lh5LmhYEfgPeyBXUCZ7I.pdf', 1, 141, '2022-12-01 11:29:36', NULL, NULL),
	(3, 19, 'documents/tenants_documents/XdUvIcksjwUOhn8wJFnGu77eccmHMxb3kTjPG7qP.jpg', 1, 68, '2022-12-01 11:32:54', NULL, NULL),
	(4, 20, 'documents/tenants_documents/WxkgnNWs3DsRWIaLwTyxXNdg6jz9Y7y68WyVYE77.png', 1, 71, '2022-12-01 11:33:00', NULL, NULL),
	(5, 21, 'documents/tenants_documents/nMSmyvz6NY9lGhepgJH0SSLxEyILbftoTOh3e2MV.jpg', 1, 118, '2022-12-01 11:35:10', NULL, NULL),
	(6, 24, 'documents/tenants_documents/waULl2aJI0hAR36P3z1Yq0XK71DBr4TRbySCVBcC.png', 0, 133, '2022-12-03 23:28:29', 133, '2022-12-03 23:51:02'),
	(7, 24, 'documents/tenants_documents/GoeVNxrOsGIvVvHfX9WTG7WN7Q21mPwpckM4yuCl.jpg', 1, 133, '2022-12-03 23:54:18', NULL, NULL);
/*!40000 ALTER TABLE `tenants_leave_attachment` ENABLE KEYS */;

-- Dumping structure for table staging_epro_kuarters_johor.tenants_options_attachment
CREATE TABLE IF NOT EXISTS `tenants_options_attachment` (
  `id` int(11) NOT NULL AUTO_INCREMENT,
  `tenants_id` int(11) DEFAULT NULL,
  `leave_option_id` int(11) DEFAULT '0' COMMENT 'tbl leave_option',
  `document_path` longtext,
  `data_status` tinyint(4) DEFAULT '1',
  `action_by` int(11) DEFAULT NULL,
  `action_on` datetime DEFAULT NULL,
  `delete_by` int(11) DEFAULT NULL,
  `delete_on` datetime DEFAULT NULL,
  PRIMARY KEY (`id`),
  KEY `FK_tenants_documents_tenants` (`tenants_id`),
  KEY `FK_tenants_documents_users` (`action_by`),
  KEY `FK_tenants_documents_users_2` (`delete_by`),
  CONSTRAINT `FK_tenants_documents_tenants` FOREIGN KEY (`tenants_id`) REFERENCES `tenants` (`id`) ON DELETE NO ACTION ON UPDATE NO ACTION,
  CONSTRAINT `FK_tenants_documents_users` FOREIGN KEY (`action_by`) REFERENCES `users` (`id`) ON DELETE NO ACTION ON UPDATE NO ACTION,
  CONSTRAINT `FK_tenants_documents_users_2` FOREIGN KEY (`delete_by`) REFERENCES `users` (`id`) ON DELETE NO ACTION ON UPDATE NO ACTION
) ENGINE=InnoDB AUTO_INCREMENT=36 DEFAULT CHARSET=latin1;

-- Dumping data for table staging_epro_kuarters_johor.tenants_options_attachment: ~35 rows (approximately)
/*!40000 ALTER TABLE `tenants_options_attachment` DISABLE KEYS */;
INSERT INTO `tenants_options_attachment` (`id`, `tenants_id`, `leave_option_id`, `document_path`, `data_status`, `action_by`, `action_on`, `delete_by`, `delete_on`) VALUES
	(1, 17, 6, 'documents/tenants_documents/luHSBqIXN0mZ6xoyOP1TJdoDLNO6l1riu5QnJ4MW.pdf', 1, 267, '2022-11-29 14:57:50', NULL, NULL),
	(2, 17, 7, 'documents/tenants_documents/q8UsBMtUzVFK1qSgK4oGVJZESw6kC2D844D0hTFH.pdf', 1, 267, '2022-11-29 14:57:50', NULL, NULL),
	(3, 17, 8, 'documents/tenants_documents/ZKAJVaCHgvmohK2NL9tsNOhN7mWyW0AT5ORHwExX.pdf', 1, 267, '2022-11-29 14:57:50', NULL, NULL),
	(4, 17, 9, 'documents/tenants_documents/g8Lkg6uoS6I0nfPEkxziXdWCiCflAJjZFz9trKpT.pdf', 1, 267, '2022-11-29 14:57:50', NULL, NULL),
	(5, 17, 10, 'documents/tenants_documents/m9H0H8I8t9ISeJDlKtPowr4nAPTKtjGWazfjZngy.pdf', 1, 267, '2022-11-29 14:57:50', NULL, NULL),
	(6, 18, 6, 'documents/tenants_documents/6H7fbMLAFBXknasNI3uEvOFoxbxOuGKpvclGNYGY.pdf', 1, 141, '2022-12-01 11:29:36', NULL, NULL),
	(7, 18, 7, 'documents/tenants_documents/fnSgUXrhDioYDV0iORygDW9csdgSogmNhR8qnt14.pdf', 1, 141, '2022-12-01 11:29:36', NULL, NULL),
	(8, 18, 8, 'documents/tenants_documents/x6tD9TKZDhrpmXZM6D8GisvY4NEDkSpFrB6le0zG.pdf', 1, 141, '2022-12-01 11:29:36', NULL, NULL),
	(9, 18, 9, 'documents/tenants_documents/q4He3rHAWPqIylXvrX7NiL3ebvQ3klbqi10iWlir.pdf', 1, 141, '2022-12-01 11:29:36', NULL, NULL),
	(10, 18, 10, 'documents/tenants_documents/9chsqNIkbWnil3588fweNDqamFsIIx7PCgd6NPmY.pdf', 1, 141, '2022-12-01 11:29:36', NULL, NULL),
	(11, 19, 6, 'documents/tenants_documents/8jpi6J9Atg46epmS4E1RCML2rbYQhBWP2r3Ynuuh.jpg', 1, 68, '2022-12-01 11:32:54', NULL, NULL),
	(12, 19, 7, 'documents/tenants_documents/U6SacEBUU1jSQnlBlCOU9fhbcxKmIhTOoPBSfMjG.jpg', 1, 68, '2022-12-01 11:32:54', NULL, NULL),
	(13, 19, 8, 'documents/tenants_documents/NzGT2LE7DGZtbDGBo9RGJDeEA9Xg2On4mohcRVuG.jpg', 1, 68, '2022-12-01 11:32:54', NULL, NULL),
	(14, 19, 9, 'documents/tenants_documents/Sj9rTKYfXmeJelvMXWFoogCXyzRHTle5QmlqSLCK.jpg', 1, 68, '2022-12-01 11:32:54', NULL, NULL),
	(15, 19, 10, 'documents/tenants_documents/1JN76i3S4zXwFFAeiyB7H6rJH9kQOQJ1LFbj6Som.jpg', 1, 68, '2022-12-01 11:32:54', NULL, NULL),
	(16, 20, 6, 'documents/tenants_documents/IwPyruIln8yKRFEHwpgtQtKPzPMXuHySMMupfFIb.png', 1, 71, '2022-12-01 11:33:00', NULL, NULL),
	(17, 20, 7, 'documents/tenants_documents/MOR9Mtc17RPwHIMQsh9VVKHuKvuJ96Bt2KjVVzxS.png', 1, 71, '2022-12-01 11:33:00', NULL, NULL),
	(18, 20, 8, 'documents/tenants_documents/cH7OCNOEvTC7UaSrspoaoVIGxJDbmLPEqoZSjP7R.png', 1, 71, '2022-12-01 11:33:00', NULL, NULL),
	(19, 20, 9, 'documents/tenants_documents/hiCVB4imiZHX3bTD2guEcy8lH9YLd3dOOplhSXm4.png', 1, 71, '2022-12-01 11:33:00', NULL, NULL),
	(20, 20, 10, 'documents/tenants_documents/P72BVFnO6fToPgTbQYCjkcAcMNBQJCY05jNgtEAY.png', 1, 71, '2022-12-01 11:33:00', NULL, NULL),
	(21, 21, 6, 'documents/tenants_documents/phyYXI6dGtpqO1MealvufU7jQaOVPN9rRliMa5Ii.jpg', 1, 118, '2022-12-01 11:35:10', NULL, NULL),
	(22, 21, 7, 'documents/tenants_documents/t2n0MLv254EoQzlzTQOJrKpguN7aqQxjfFtbp4lT.jpg', 1, 118, '2022-12-01 11:35:10', NULL, NULL),
	(23, 21, 8, 'documents/tenants_documents/pOxsO6GRXzb3zKBZtBkWa4jeheYEiQ33Tpan39O7.jpg', 1, 118, '2022-12-01 11:35:10', NULL, NULL),
	(24, 21, 9, 'documents/tenants_documents/4fVVe981ibyD947N0YFcTAvw6tkxA71LfHLUy6sW.jpg', 1, 118, '2022-12-01 11:35:10', NULL, NULL),
	(25, 21, 10, 'documents/tenants_documents/Cna1SOhghGfV5n7TAGy3Ff1h1FVH8Nfm6nEZq2Ss.jpg', 1, 118, '2022-12-01 11:35:10', NULL, NULL),
	(26, 24, 6, 'documents/tenants_documents/Db5xqjs5INrlVa3ezDblkDFvSnnk4U5C3dmFZLvU.jpg', 0, 133, '2022-12-03 23:28:29', 133, '2022-12-03 23:51:02'),
	(27, 24, 7, 'documents/tenants_documents/BjS5cvW5o2VAOPoVcTvj0KNC6Fvvja80Lummr9EH.jpg', 0, 133, '2022-12-03 23:28:29', 133, '2022-12-03 23:51:02'),
	(28, 24, 8, 'documents/tenants_documents/IgdNfPzd9oDHGISoq0vHDhPDUqhB8dsDxZvz4uWs.jpg', 0, 133, '2022-12-03 23:28:29', 133, '2022-12-03 23:51:02'),
	(29, 24, 9, 'documents/tenants_documents/5kQ7glS1IdE6DbYYrthTzC5Mu4rhN6JWpyCM3ict.jpg', 0, 133, '2022-12-03 23:28:29', 133, '2022-12-03 23:51:02'),
	(30, 24, 10, 'documents/tenants_documents/Lvt8skqQWPhQOL6dAcvQQkl7XFj6dl7xW5B6izmY.jpg', 0, 133, '2022-12-03 23:28:29', 133, '2022-12-03 23:51:02'),
	(31, 24, 6, 'documents/tenants_documents/NDRpvtsDkgAbRVojo1Gj03MudLCEYjO8uowXGSlq.jpg', 1, 133, '2022-12-03 23:54:18', NULL, NULL),
	(32, 24, 7, 'documents/tenants_documents/1sqlz68Ao6DFQZig5yKJJOochZpxXxFwr7GcYmuM.jpg', 1, 133, '2022-12-03 23:54:18', NULL, NULL),
	(33, 24, 8, 'documents/tenants_documents/sN9dnZmEnzMHAYuUbpcOySlH2i9xrAr7CaGCwqAg.jpg', 1, 133, '2022-12-03 23:54:18', NULL, NULL),
	(34, 24, 9, 'documents/tenants_documents/Ur99KpGgjNmRtwhbJ49h7Enhj8c2xFhGJ1Tdfuev.jpg', 1, 133, '2022-12-03 23:54:18', NULL, NULL),
	(35, 24, 10, 'documents/tenants_documents/It9YgC4Wolar5mB5uyKMAgMQr66QpK3DeEwtDTTd.jpg', 1, 133, '2022-12-03 23:54:18', NULL, NULL);
/*!40000 ALTER TABLE `tenants_options_attachment` ENABLE KEYS */;

-- Dumping structure for table staging_epro_kuarters_johor.tenants_quarters_inventory
CREATE TABLE IF NOT EXISTS `tenants_quarters_inventory` (
  `id` int(11) NOT NULL AUTO_INCREMENT,
  `tenants_id` int(11) DEFAULT NULL,
  `quarters_id` int(11) DEFAULT NULL,
  `inventory_id` int(11) DEFAULT NULL,
  `inventory_status_id` int(11) DEFAULT NULL COMMENT '1 = baik , 0 = tidak baik/rosak -> tbl inventory_status',
  `quantity_in` int(11) DEFAULT NULL,
  `quantity_out` int(11) DEFAULT NULL,
  `remarks_in` varchar(50) DEFAULT NULL,
  `remarks_out` varchar(50) DEFAULT NULL,
  `data_status` tinyint(4) DEFAULT '1',
  `action_by` int(11) DEFAULT NULL,
  `action_on` datetime DEFAULT NULL,
  `delete_by` int(11) DEFAULT NULL,
  `delete_on` datetime DEFAULT NULL,
  PRIMARY KEY (`id`),
  KEY `FK_tenants_quarters_inventory_tenants` (`tenants_id`),
  KEY `FK_tenants_quarters_inventory_quarters` (`quarters_id`),
  KEY `FK_tenants_quarters_inventory_inventory` (`inventory_id`),
  KEY `FK_tenants_quarters_inventory_users` (`action_by`),
  KEY `FK_tenants_quarters_inventory_users_2` (`delete_by`),
  CONSTRAINT `FK_tenants_quarters_inventory_inventory` FOREIGN KEY (`inventory_id`) REFERENCES `inventory` (`id`) ON DELETE NO ACTION ON UPDATE NO ACTION,
  CONSTRAINT `FK_tenants_quarters_inventory_quarters` FOREIGN KEY (`quarters_id`) REFERENCES `quarters` (`id`) ON DELETE NO ACTION ON UPDATE NO ACTION,
  CONSTRAINT `FK_tenants_quarters_inventory_tenants` FOREIGN KEY (`tenants_id`) REFERENCES `tenants` (`id`) ON DELETE NO ACTION ON UPDATE NO ACTION,
  CONSTRAINT `FK_tenants_quarters_inventory_users` FOREIGN KEY (`action_by`) REFERENCES `users` (`id`) ON DELETE NO ACTION ON UPDATE NO ACTION,
  CONSTRAINT `FK_tenants_quarters_inventory_users_2` FOREIGN KEY (`delete_by`) REFERENCES `users` (`id`) ON DELETE NO ACTION ON UPDATE NO ACTION
) ENGINE=InnoDB AUTO_INCREMENT=19 DEFAULT CHARSET=latin1;

-- Dumping data for table staging_epro_kuarters_johor.tenants_quarters_inventory: ~18 rows (approximately)
/*!40000 ALTER TABLE `tenants_quarters_inventory` DISABLE KEYS */;
INSERT INTO `tenants_quarters_inventory` (`id`, `tenants_id`, `quarters_id`, `inventory_id`, `inventory_status_id`, `quantity_in`, `quantity_out`, `remarks_in`, `remarks_out`, `data_status`, `action_by`, `action_on`, `delete_by`, `delete_on`) VALUES
	(1, 17, 39, 10, 1, 2, 2, 'OK', 'OK', 1, 267, '2022-11-29 14:57:49', NULL, NULL),
	(2, 17, 39, 11, 1, 1, 1, 'OK', 'OK', 1, 267, '2022-11-29 14:57:49', NULL, NULL),
	(3, 17, 39, 64, 2, 1, 0, 'OK', '', 1, 267, '2022-11-29 14:57:49', NULL, NULL),
	(4, 18, 491, 14, 1, 1, 4, 'OK', 'BAIK', 1, 141, '2022-12-01 11:29:36', NULL, NULL),
	(5, 18, 491, 37, 1, 0, 1, '', 'BAIK', 1, 141, '2022-12-01 11:29:36', NULL, NULL),
	(6, 19, 613, 90, 1, 4, 3, 'OK', 'SATU ROSAK', 1, 68, '2022-12-01 11:32:54', NULL, NULL),
	(7, 19, 613, 91, 1, 4, 6, 'OK', 'SATU MENTOL TERBAKAR', 1, 68, '2022-12-01 11:32:54', NULL, NULL),
	(8, 19, 613, 92, 1, 1, 1, 'OK', 'BAIK', 1, 68, '2022-12-01 11:32:54', NULL, NULL),
	(9, 19, 613, 93, 1, 1, 1, 'OK', 'BAIK', 1, 68, '2022-12-01 11:32:54', NULL, NULL),
	(10, 20, 607, 13, 1, 2, 2, 'BAIK', 'BAIK', 1, 71, '2022-12-01 11:33:00', NULL, NULL),
	(11, 21, NULL, 13, 2, 1, 0, 'OK', '', 1, 118, '2022-12-01 11:35:10', NULL, NULL),
	(12, 21, NULL, 80, 1, 6, 10, 'OK', 'BAIK', 1, 118, '2022-12-01 11:35:10', NULL, NULL),
	(13, 22, 623, 99, 1, 1, NULL, 'OK', NULL, 1, 279, '2022-11-30 15:45:21', NULL, NULL),
	(14, 24, 610, 12, 1, 5, 2, 'OK', 'OK', 1, 133, '2022-12-03 23:54:18', NULL, NULL),
	(15, 24, 610, 13, 1, 2, 2, 'OK', 'OK', 1, 133, '2022-12-03 23:54:18', NULL, NULL),
	(16, 24, 610, 80, 1, 8, 2, 'OK', 'OK', 1, 133, '2022-12-03 23:54:18', NULL, NULL),
	(17, 24, 610, 82, 1, 2, 2, 'OK', 'OK', 1, 133, '2022-12-03 23:54:18', NULL, NULL),
	(18, 24, 610, 79, 1, 4, 2, 'OK', 'OK', 1, 133, '2022-12-03 23:54:18', NULL, NULL);
/*!40000 ALTER TABLE `tenants_quarters_inventory` ENABLE KEYS */;

-- Dumping structure for table staging_epro_kuarters_johor.tenants_replacement
CREATE TABLE IF NOT EXISTS `tenants_replacement` (
  `id` int(11) NOT NULL AUTO_INCREMENT,
  `tenants_id` int(11) DEFAULT NULL,
  `old_quarters_id` int(11) DEFAULT NULL,
  `old_quarters_leave_date` varchar(50) DEFAULT NULL,
  `new_quarters_entry_date` varchar(50) DEFAULT NULL,
  `remarks` text,
  `data_status` int(11) DEFAULT '1',
  `action_by` int(11) DEFAULT '1',
  `action_on` varchar(50) DEFAULT '1',
  PRIMARY KEY (`id`) USING BTREE
) ENGINE=InnoDB DEFAULT CHARSET=latin1;

-- Dumping data for table staging_epro_kuarters_johor.tenants_replacement: ~0 rows (approximately)
/*!40000 ALTER TABLE `tenants_replacement` DISABLE KEYS */;
/*!40000 ALTER TABLE `tenants_replacement` ENABLE KEYS */;

-- Dumping structure for table staging_epro_kuarters_johor.tenants_replacement_attachment
CREATE TABLE IF NOT EXISTS `tenants_replacement_attachment` (
  `id` int(11) NOT NULL AUTO_INCREMENT,
  `tenants_replacement_id` int(11) DEFAULT NULL,
  `tenants_replacement_document_id` int(11) DEFAULT NULL,
  `document_path` longtext,
  `data_status` tinyint(4) DEFAULT '1',
  `action_by` int(11) DEFAULT NULL,
  `action_on` datetime DEFAULT NULL,
  PRIMARY KEY (`id`) USING BTREE
) ENGINE=InnoDB DEFAULT CHARSET=latin1;

-- Dumping data for table staging_epro_kuarters_johor.tenants_replacement_attachment: ~0 rows (approximately)
/*!40000 ALTER TABLE `tenants_replacement_attachment` DISABLE KEYS */;
/*!40000 ALTER TABLE `tenants_replacement_attachment` ENABLE KEYS */;

-- Dumping structure for table staging_epro_kuarters_johor.tenants_replacement_document
CREATE TABLE IF NOT EXISTS `tenants_replacement_document` (
  `id` int(11) NOT NULL AUTO_INCREMENT,
  `description` varchar(255) DEFAULT NULL,
  `data_status` tinyint(4) DEFAULT '1',
  PRIMARY KEY (`id`)
) ENGINE=InnoDB AUTO_INCREMENT=5 DEFAULT CHARSET=latin1;

-- Dumping data for table staging_epro_kuarters_johor.tenants_replacement_document: ~4 rows (approximately)
/*!40000 ALTER TABLE `tenants_replacement_document` DISABLE KEYS */;
INSERT INTO `tenants_replacement_document` (`id`, `description`, `data_status`) VALUES
	(1, 'Surat Akuan Penutupan Akaun Bil Elektrik', 1),
	(2, 'Surat Akuan Penutupan Akaun Bil Air', 1),
	(3, 'Salinan Bil Elektrik Terakhir yang telah dijelaskan', 1),
	(4, 'Salinan Bil Air Terakhir yang telah dijelaskan', 1);
/*!40000 ALTER TABLE `tenants_replacement_document` ENABLE KEYS */;

-- Dumping structure for table staging_epro_kuarters_johor.users
CREATE TABLE IF NOT EXISTS `users` (
  `id` int(11) NOT NULL AUTO_INCREMENT,
  `name` varchar(255) DEFAULT NULL,
  `new_ic` varchar(12) DEFAULT NULL,
  `old_ic` varchar(12) DEFAULT NULL,
  `position_id` int(11) DEFAULT NULL,
  `position_type_id` int(11) DEFAULT NULL,
  `position_grade_code_id` int(11) DEFAULT NULL,
  `position_grade_id` int(11) DEFAULT NULL,
  `services_type_id` int(11) DEFAULT NULL,
  `marital_status_id` int(11) DEFAULT NULL,
  `roles_id` int(11) DEFAULT '0',
  `password` varchar(255) DEFAULT NULL COMMENT 'Min 12 Char; A-Z,a-z,@!_-@#%*,0-9',
  `email` varchar(50) DEFAULT NULL,
  `phone_no_hp` varchar(50) DEFAULT NULL,
  `phone_no_home` varchar(50) DEFAULT NULL,
  `date_of_service` datetime DEFAULT NULL,
  `is_blacklist` int(11) NOT NULL DEFAULT '0',
  `blacklist_date` date DEFAULT NULL,
  `blacklist_reason` longtext,
  `is_blacklist_application` int(11) NOT NULL DEFAULT '0',
  `blacklist_date_application` date DEFAULT NULL,
  `blacklist_reason_application` longtext,
  `is_hrmis` tinyint(4) DEFAULT '0' COMMENT '0:NORMAL; 1:HRMIS',
  `flag` int(11) NOT NULL DEFAULT '1' COMMENT '1:Sistem Admin, 2:Portal',
  `data_status` int(11) NOT NULL DEFAULT '1' COMMENT '0:Hapus,1: Aktif, 2:Upon Approval',
  `action_by` varchar(50) DEFAULT NULL,
  `action_on` varchar(50) DEFAULT NULL,
  `delete_by` varchar(50) DEFAULT NULL,
  `delete_on` varchar(50) DEFAULT NULL,
  PRIMARY KEY (`id`),
  KEY `FK_m_pengguna_sistem_x_taraf_perkahwinan` (`marital_status_id`),
  KEY `FK_users_position` (`position_id`),
  KEY `FK_m_pengguna_sistem_x_taraf_jawatan` (`position_type_id`) USING BTREE,
  KEY `FK_m_pengguna_sistem_x_taraf_perkhidmatan` (`services_type_id`) USING BTREE,
  KEY `FK_users_position_grade` (`position_grade_id`),
  KEY `FK_users_users_policy` (`roles_id`),
  KEY `new_ic` (`new_ic`),
  CONSTRAINT `FK_users_marital_status` FOREIGN KEY (`marital_status_id`) REFERENCES `marital_status` (`id`) ON DELETE NO ACTION ON UPDATE NO ACTION,
  CONSTRAINT `FK_users_position` FOREIGN KEY (`position_id`) REFERENCES `position` (`id`) ON DELETE NO ACTION ON UPDATE NO ACTION,
  CONSTRAINT `FK_users_position_grade` FOREIGN KEY (`position_grade_id`) REFERENCES `position_grade` (`id`) ON DELETE NO ACTION ON UPDATE NO ACTION,
  CONSTRAINT `FK_users_position_status` FOREIGN KEY (`position_type_id`) REFERENCES `position_type` (`id`) ON DELETE NO ACTION ON UPDATE NO ACTION,
  CONSTRAINT `FK_users_services_type` FOREIGN KEY (`services_type_id`) REFERENCES `services_type` (`id`) ON DELETE NO ACTION ON UPDATE NO ACTION
) ENGINE=InnoDB AUTO_INCREMENT=297 DEFAULT CHARSET=latin1;

-- Dumping data for table staging_epro_kuarters_johor.users: ~140 rows (approximately)
/*!40000 ALTER TABLE `users` DISABLE KEYS */;
INSERT INTO `users` (`id`, `name`, `new_ic`, `old_ic`, `position_id`, `position_type_id`, `position_grade_code_id`, `position_grade_id`, `services_type_id`, `marital_status_id`, `roles_id`, `password`, `email`, `phone_no_hp`, `phone_no_home`, `date_of_service`, `is_blacklist`, `blacklist_date`, `blacklist_reason`, `is_blacklist_application`, `blacklist_date_application`, `blacklist_reason_application`, `is_hrmis`, `flag`, `data_status`, `action_by`, `action_on`, `delete_by`, `delete_on`) VALUES
	(10, 'admin1', '999999999999', NULL, 1, 1, 1, 5, 1, 1, 64, '$2y$10$1Vyn6NgJ3LvAznlfurEN3uXehvsKjuB/whgl3S/aI9az.M648DGO.', 'nazira.works@gmail.com', NULL, NULL, NULL, 1, NULL, NULL, 0, NULL, NULL, 0, 1, 1, '10', '2022-11-29 15:55:55', NULL, NULL),
	(15, 'Amir', '999999999998', NULL, 1, 1, NULL, 1, 1, 1, 42, '$2y$10$Nyik2isSljLxGZgkM1iaDuQZ7iRR9htBUfgL8LYCxbrkjSwQfqXKG', NULL, NULL, NULL, NULL, 1, NULL, NULL, 0, NULL, NULL, 0, 1, 0, '105', '2022-11-07 03:53:59', '135', '2022-11-07 07:16:32'),
	(16, 'Jawa', '123456012547', NULL, 3, 1, NULL, 2, 1, 1, 1, NULL, NULL, NULL, NULL, NULL, 1, NULL, NULL, 0, NULL, NULL, 0, 1, 0, '68', '2022-09-28 03:55:20', '10', '2022-10-13 04:07:15'),
	(19, 'Abu Bin Ahmad', '911111011111', NULL, 1, 1, NULL, 1, 1, 1, 39, '$2y$10$Nyik2isSljLxGZgkM1iaDuQZ7iRR9htBUfgL8LYCxbrkjSwQfqXKG', 'honeyz_235@yahoo.com', '0197867766', NULL, NULL, 0, NULL, NULL, 0, NULL, NULL, 1, 1, 1, '140', '2022-11-30 10:44:49', NULL, NULL),
	(20, 'Ali Bin Abu', '987654013210', NULL, 3, 2, NULL, 7, 1, 2, 42, '$2y$10$Nyik2isSljLxGZgkM1iaDuQZ7iRR9htBUfgL8LYCxbrkjSwQfqXKG', 'ali@perpuluhan.my', NULL, NULL, NULL, 1, NULL, NULL, 0, NULL, NULL, 0, 1, 0, '105', '2022-11-07 03:53:59', '146', '2022-11-09 12:50:31'),
	(42, 'NISA AHMAD', '123456789123', NULL, 1, 1, 24, 49, 1, 1, 54, '$2y$10$kItbc.xWVwKgGZwwz4o20OI4WkNYkjpmJJiKMR4nHlIHBWK8QWKIC', 'honeyz_235@yahoo.com', NULL, NULL, NULL, 1, NULL, NULL, 0, NULL, NULL, 0, 1, 1, '106', '2022-11-15 16:46:19', NULL, NULL),
	(43, 'try', '888888888888', NULL, 1, 2, NULL, 9, 1, 1, 1, NULL, 'honeyz_235@yahoo.com', NULL, NULL, NULL, 1, NULL, NULL, 0, NULL, NULL, 0, 2, 0, '10', '2022-10-26 04:09:13', '10', '2022-10-26 04:37:21'),
	(44, 'AHMAD ABU BIN ZAINUDIN', '555555555555', NULL, 1, 2, 1, 5, 1, 1, 1, '$2y$10$Bz5grcqMh96HjOKcaukaGu7.Rgey6z0Lbtqxj9yt2g3U67ym.foiy', 'ayuka.yunos@gmail.com', NULL, NULL, NULL, 1, NULL, NULL, 0, NULL, NULL, 0, 1, 1, '10', '2022-11-29 15:55:55', NULL, NULL),
	(48, 'Hariz Bin Hamizan', '901111011111', NULL, 1, 1, NULL, 10, 2, 2, 1, '$2y$10$Bz5grcqMh96HjOKcaukaGu7.Rgey6z0Lbtqxj9yt2g3U67ym.foiy', 'hariz@gmail.com.my', '0189082447', NULL, NULL, 0, NULL, NULL, 0, NULL, NULL, 1, 1, 1, '10', '2022-11-29 15:55:55', NULL, NULL),
	(49, 'Sharifah Eny Binti Syed Nasir', '961111011111', NULL, 3, 2, NULL, 7, 2, 2, 1, '$2y$10$Bz5grcqMh96HjOKcaukaGu7.Rgey6z0Lbtqxj9yt2g3U67ym.foiy', 'eny@gmail.com.my', '0189024552', NULL, NULL, 0, NULL, NULL, 0, NULL, NULL, 1, 1, 1, '10', '2022-11-29 15:55:55', NULL, NULL),
	(50, 'Riz Adrian Bin Ahmad', '971111011111', NULL, 1, 1, NULL, 10, 1, 1, 1, '$2y$10$Bz5grcqMh96HjOKcaukaGu7.Rgey6z0Lbtqxj9yt2g3U67ym.foiy', 'riz.adrian@gmail.com.my', '0198245225', NULL, NULL, 0, NULL, NULL, 0, NULL, NULL, 1, 1, 1, '10', '2022-11-29 15:55:55', NULL, NULL),
	(51, 'Izzudin Bin Alias', '921111011111', NULL, 1, 2, NULL, 10, 3, 1, 1, '$2y$10$iz9oKl8GH8Wj3/wD2Xn13O7xHVkOx/cezBoPsz7wjgH.MMiQpHRcS', 'nazira.works@gmail.com', '0168565445', NULL, NULL, 0, NULL, NULL, 0, NULL, NULL, 1, 1, 1, '10', '2022-11-29 15:55:55', NULL, NULL),
	(52, 'Rose Ariana Binti Rahman', '941111011111', NULL, 3, 2, NULL, 7, 3, 1, 40, '$2y$10$Bz5grcqMh96HjOKcaukaGu7.Rgey6z0Lbtqxj9yt2g3U67ym.foiy', 'rose@gmail.com.my', '0145241441', NULL, NULL, 0, NULL, NULL, 0, NULL, NULL, 1, 1, 1, '10', '2022-11-29 15:59:44', NULL, NULL),
	(53, 'test', '970101011111', NULL, 3, 2, NULL, 1, 1, NULL, 0, NULL, NULL, NULL, NULL, NULL, 1, NULL, NULL, 0, NULL, NULL, 0, 1, 0, '0', '2022-06-26 04:30:36', NULL, NULL),
	(54, 'i\'m trying', '970103015566', NULL, 1, 1, NULL, 1, 1, NULL, 1, NULL, NULL, NULL, NULL, NULL, 1, NULL, NULL, 0, NULL, NULL, 0, 1, 0, '0', '2022-06-27 08:53:16', NULL, NULL),
	(55, 'testing', '123456789123', NULL, 1, 1, NULL, 1, 1, NULL, 2, NULL, NULL, NULL, NULL, NULL, 1, NULL, NULL, 0, NULL, NULL, 0, 1, 0, '118', '2022-10-26 04:28:29', '135', '2022-11-07 07:20:49'),
	(56, 'julia', '970103100000', NULL, 3, 2, NULL, 4, 1, NULL, 1, '$2y$10$wgkVLl4tu.4/cfGqY8ykSe23EzQRpRwxtR7kLyS0S3tSjTi9qcoE.', 'azirahiggal97@gmail.com', NULL, NULL, NULL, 1, NULL, NULL, 0, NULL, NULL, 0, 1, 0, '10', '2022-11-06 07:07:16', '135', '2022-11-07 07:21:26'),
	(58, 'Testingzzzz', '970000000000', NULL, 1, 1, NULL, 1, 1, NULL, 31, NULL, 'azirahiggal97@gmail.com', NULL, NULL, NULL, 1, NULL, NULL, 0, NULL, NULL, 0, 1, 0, '10', '2022-11-04 04:40:18', '135', '2022-11-07 07:20:28'),
	(62, 'HANIZA', '111111111111', NULL, 1, 1, 3, 5, 1, NULL, 1, NULL, 'honeyz_235@yahoo.com', NULL, NULL, NULL, 1, NULL, NULL, 0, NULL, NULL, 0, 1, 0, '10', '2022-11-06 07:07:16', '135', '2022-11-07 07:21:16'),
	(64, 'NABILA', '961003012222', NULL, 4, 2, NULL, 11, 1, NULL, 16, NULL, 'nazira.works@gmail.com', NULL, NULL, NULL, 1, NULL, NULL, 0, NULL, NULL, 0, 2, 0, '110', '2022-10-26 03:14:14', '135', '2022-11-07 07:21:08'),
	(65, 'SURYA AHMAD', '800701016220', NULL, 10, 1, 5, 24, 1, NULL, 36, NULL, 'suryati.ahmad@yahoo.com', NULL, NULL, NULL, 1, NULL, NULL, 0, NULL, NULL, 0, 1, 0, '10', '2022-11-06 15:41:23', '10', '2022-11-06 15:44:59'),
	(66, 'FARHANA', '777777777777', NULL, 4, 2, NULL, 8, 1, NULL, 1, NULL, 'suryati1780@gmail.com', NULL, NULL, NULL, 1, NULL, NULL, 0, NULL, NULL, 0, 1, 0, '68', '2022-09-28 03:55:20', '10', '2022-10-18 05:50:42'),
	(67, 'FARHANA', '787878787878', NULL, 1, 1, NULL, 3, 1, NULL, 1, NULL, 'suryati.ahmad@yahoo.com', NULL, NULL, NULL, 1, NULL, NULL, 0, NULL, NULL, 0, 1, 0, '68', '2022-09-28 03:55:20', '10', '2022-10-17 07:31:57'),
	(68, 'AHMAD DANIEL BIN SHAIRI', '830113030255', NULL, 1, 1, 1, 5, 1, 1, 64, '$2y$10$IdSmInZSQSu5qKUe2X./1e/P5n5bb3nPuiIEpf9fobFPPpLJukFZa', 'nazira.works@gmail.com', '0198887755', NULL, '2020-01-01 14:56:30', 1, NULL, NULL, 0, NULL, NULL, 0, 1, 1, '274', '2022-11-30 10:23:48', '', ''),
	(69, 'AZWAN FIRDAUS BIN ANUAR', '930429060653', NULL, 3, 2, NULL, 11, 1, 2, 1, '$2y$10$YnY4nObHuClpEDlTxNRlKOWM6bbj5UytdQaE7DdgNC/Abr0VoCG/q', 'nazira.works@gmail.com', '0137076654', NULL, '2019-01-01 15:02:52', 1, NULL, NULL, 0, NULL, NULL, 0, 1, 1, '10', '2022-11-29 15:55:55', NULL, NULL),
	(70, 'MOHAMAD NAQIB HAZIM BIN ABDULLAH', '920917060441', NULL, 5, 1, NULL, 11, 3, 2, 1, '$2y$10$XZXEBHg2Bu27/yE.xMZyTeFNLq3FI59AeuHHvbyboAVpa6srUW8pK', 'nazira.works@gmail.com', '0189087665', NULL, NULL, 1, NULL, NULL, 0, NULL, NULL, 0, 1, 1, '10', '2022-11-29 15:55:55', NULL, NULL),
	(71, 'NAZIFA ASYIQIN BINTI KHAIRUL AZHAR', '930811110412', NULL, 6, 1, NULL, 11, 1, 4, 1, '$2y$10$PQ6bbqRTUUKNIzRQ7oo74Ouzl3nQIraxk.iJkQRnazF0zrBRy4wiC', 'nazira.works@gmail.com', '0198987765', NULL, '2010-01-01 15:00:28', 1, NULL, NULL, 0, NULL, NULL, 0, 1, 1, '10', '2022-11-29 15:55:55', NULL, NULL),
	(72, 'NUR AIN BINTI AZHA', '930216060262', NULL, 3, 1, NULL, 11, 1, 1, 1, '$2y$10$Nyik2isSljLxGZgkM1iaDuQZ7iRR9htBUfgL8LYCxbrkjSwQfqXKG', 'nazira.works@gmail.com', '0198786776', NULL, NULL, 1, NULL, NULL, 0, NULL, NULL, 0, 1, 1, '10', '2022-11-29 15:55:55', NULL, NULL),
	(73, 'NUR HANES ANNESA BINTI ENDRI', '931207060222', NULL, 5, 1, NULL, 11, 1, 2, 1, '$2y$10$Nyik2isSljLxGZgkM1iaDuQZ7iRR9htBUfgL8LYCxbrkjSwQfqXKG', 'nazira.works@gmail.com', '0198098776', NULL, NULL, 1, NULL, NULL, 0, NULL, NULL, 0, 1, 1, '10', '2022-11-29 15:55:55', NULL, NULL),
	(74, 'NURUL AISHAH BINTI RUSLI', '930918060304', NULL, 4, 1, NULL, 11, 1, 1, 1, '$2y$10$RAoXs0xmnMr/CFnybUlq3ONZyMfPH5ETjdba/lCj4FLK1aiOaMp/m', 'nazira.works@gmail.com', '0189089887', NULL, NULL, 1, NULL, NULL, 0, NULL, NULL, 0, 1, 1, '10', '2022-11-29 15:55:55', NULL, NULL),
	(76, 'KARIM', '012345678912', NULL, 3, 1, NULL, 4, 1, NULL, 1, NULL, 'ADMIN@GOOGLE.COM', NULL, NULL, NULL, 1, NULL, NULL, 0, NULL, NULL, 0, 1, 0, '10', '2022-11-06 07:07:16', '135', '2022-11-07 07:23:01'),
	(77, 'AHMAD', '012345678912', NULL, 3, 1, NULL, 2, 1, NULL, 1, NULL, 'ADMIN@GOOGLE.COM', NULL, NULL, NULL, 1, NULL, NULL, 0, NULL, NULL, 0, 1, 0, '10', '2022-11-06 07:07:16', '135', '2022-11-07 07:22:53'),
	(80, 'AKMAL', '012345678912', NULL, 3, 2, NULL, 3, 3, NULL, 1, NULL, 'ADMIN@GOOGLE.COM', NULL, NULL, NULL, 1, NULL, NULL, 0, NULL, NULL, 0, 1, 0, '10', '2022-11-06 07:07:16', '135', '2022-11-07 07:21:36'),
	(82, 'JUNAIDI', '012345678912', NULL, 15, 2, NULL, 6, 4, NULL, 1, NULL, 'JUNAIDI@GMAIL.COM', NULL, NULL, NULL, 1, NULL, NULL, 0, NULL, NULL, 0, 1, 0, '10', '2022-11-06 07:07:16', '135', '2022-11-07 07:21:47'),
	(84, 'GAREN', '999999999999', NULL, 1, 2, NULL, 3, 1, NULL, 1, NULL, 'GAREN@YAHOO.COM', NULL, NULL, NULL, 1, NULL, NULL, 0, NULL, NULL, 0, 1, 0, '10', '2022-11-06 07:07:16', '135', '2022-11-07 07:21:59'),
	(95, 'NAMA SAYA DANG ANUM', '888888888888', NULL, 24, 2, NULL, 9, 1, NULL, 1, NULL, 'SUKPENGURUSAN@JOHOR.GOV.MY', NULL, NULL, NULL, 1, NULL, NULL, 0, NULL, NULL, 0, 1, 0, '10', '2022-11-06 07:07:16', '135', '2022-11-07 07:22:20'),
	(100, 'SUHARNI', '878787878787', NULL, 9, 2, 13, 40, 1, NULL, 31, NULL, 'SUHARNI@GMAIL.COM', NULL, NULL, NULL, 1, NULL, NULL, 0, NULL, NULL, 0, 1, 0, '10', '2022-11-04 17:32:47', '135', '2022-11-07 07:22:34'),
	(101, 'AHMAD SYAHMI BIN AZAN', '940520010135', NULL, 3, 1, NULL, 6, 1, 4, 1, '$2y$10$Nyik2isSljLxGZgkM1iaDuQZ7iRR9htBUfgL8LYCxbrkjSwQfqXKG', 'nazira.works@gmail.com', '0177076612', NULL, '2015-01-01 11:26:13', 1, NULL, NULL, 0, NULL, NULL, 0, 1, 1, '10', '2022-11-29 15:55:55', NULL, NULL),
	(102, 'MUHAMMAD AMIRUL BIN MOHD HANIF', '940107010369', NULL, 3, 1, 3, 6, 3, 1, 64, '$2y$10$TxdL/tNUgsBRrNDAFLCuSOScre2MCzEuOO783W9B5P3kGA.xwgHAO', 'nazira.works@gmail.com', '0189045221', NULL, '2020-01-01 14:18:48', 1, NULL, NULL, 0, NULL, NULL, 0, 1, 1, '10', '2022-11-29 15:55:55', NULL, NULL),
	(103, 'MUHAMMAD HANIF BIN CHE ASHAARI', '930214010073', NULL, 2, 1, NULL, 5, 3, 1, 1, '$2y$10$26H08YD5z6Rz9DdxUTBjFO77TXk9uVmqOorY5VodYOIRWr5Q.H6BK', 'nazira.works@gmail.com', '0198245221', NULL, '2017-10-01 14:50:38', 1, NULL, NULL, 0, NULL, NULL, 0, 1, 1, '10', '2022-11-29 15:55:55', NULL, NULL),
	(104, 'HANIN SOFYA BINTI ZAINUNDIN', '920601010372', NULL, 2, 1, NULL, 5, 1, 4, 1, '$2y$10$crgjRgPmVZRd8OY6gItgkeUcAqwpoPYpaQiPBa.UbjM0M36GOWzhG', 'nazira.works@gmail.com', '0197528552', NULL, '2012-10-01 15:01:13', 1, NULL, NULL, 0, NULL, NULL, 0, 1, 1, '10', '2022-11-29 15:55:55', NULL, NULL),
	(105, 'AHMAD THAQIF BIN MOHD KHALID', '840620010335', NULL, 1, 1, NULL, 5, 3, 4, 1, '$2y$10$zqjsj6staB1AmNZvQ4XVFOHMcGvffvgyFY9BbxA3d2XlV31XIu7VW', 'nazira.works@gmail.com', '0198632558', NULL, '2009-01-01 15:14:55', 1, NULL, NULL, 0, NULL, NULL, 0, 1, 1, '10', '2022-11-29 15:55:55', NULL, NULL),
	(106, 'MUHAMMAD ADAM BIN AZIEAN', '860206010313', NULL, 1, 1, NULL, 5, 1, 1, 1, '$2y$10$pipPFL7Na5ENrPYIE7dee.Fx/QASU9ta7ObeyJ5t2DSoSPoY9KJ96', 'nazira.works@gmail.com', '0189024552', NULL, '2008-01-01 15:28:35', 1, NULL, NULL, 0, NULL, NULL, 0, 1, 1, '10', '2022-11-29 15:55:55', NULL, NULL),
	(107, 'MUHAMMAD LUTFI BIN ASRUL RIZAL', '841109010105', NULL, 3, 1, 3, 6, 2, 1, 1, '$2y$10$Jnc6tfqTM1aAGMxPfohshuv6OqjuHG3n2C43nOd05nh.f7U1gKQLO', 'nazira.works@gmail.com', '0198587754', NULL, '2012-01-01 10:57:01', 1, NULL, NULL, 0, NULL, NULL, 0, 1, 1, '10', '2022-11-29 15:55:55', NULL, NULL),
	(108, 'AIREENA QAISARA BINTI AZMAN', '900707010522', NULL, 3, 1, NULL, 6, 2, 4, 1, '$2y$10$Fh9h8sg2zUqQbNCBqjG3x.I9738B7r7JBhHrq/10/WcV5Vcbh99oG', 'nazira.works@gmail.com', '0178587799', NULL, '2011-01-01 11:10:21', 1, NULL, NULL, 0, NULL, NULL, 0, 1, 1, '10', '2022-11-29 15:55:55', NULL, NULL),
	(109, 'NUR DINI HUSNA NINTI MOHD SHUKRI', '990308060066', NULL, 2, 1, NULL, 5, 1, 4, 1, '$2y$10$buTVVI0vUNBnEyoc65eZJOZxaLxtFjvANSgL.Y8UlmQy34YGKXeRC', 'nazira.works@gmail.com', '0189082785', NULL, '2020-01-01 11:21:33', 1, NULL, NULL, 0, NULL, NULL, 0, 1, 1, '10', '2022-11-29 15:55:55', NULL, NULL),
	(110, 'NUR ELIESYA SOFIA BINTI SHAHRUL', '940628060380', NULL, 2, 1, NULL, 5, 3, 1, 1, '$2y$10$QJRjqYehXvGKNR2GjG3g/Os5AS3bNErg/72A4XLg2aW2712VfKsaO', 'nazira.works@gmail.com', '0179698558', '074322586', '2018-01-01 11:28:42', 1, NULL, NULL, 0, NULL, NULL, 0, 1, 1, '10', '2022-11-29 15:55:55', NULL, NULL),
	(111, 'SUHARNI', '878787878787', NULL, 5, 2, NULL, 10, 1, NULL, 10, NULL, 'SUHARNI@GMAIL.COM', NULL, NULL, NULL, 1, NULL, NULL, 0, NULL, NULL, 0, 1, 0, '10', '2022-09-19 09:20:30', '10', '2022-10-13 04:18:30'),
	(112, 'ABC', '123456789101', NULL, 5, 2, NULL, 10, 2, NULL, 1, NULL, 'ABC@ABC', NULL, NULL, NULL, 1, NULL, NULL, 0, NULL, NULL, 0, 1, 0, '10', '2022-11-06 07:07:16', '135', '2022-11-07 07:23:25'),
	(113, 'ROHANI', '878787878787', NULL, 9, 2, NULL, 10, 1, NULL, 9, NULL, 'ROHANI@GMAIL.COM', NULL, NULL, NULL, 1, NULL, NULL, 0, NULL, NULL, 0, 1, 0, '10', '2022-09-20 00:53:45', '10', '2022-10-17 01:27:08'),
	(117, 'SU', '878787878787', NULL, 5, 2, NULL, 10, 1, NULL, 9, NULL, 'SUHARNI@GMAIL.COM', NULL, NULL, NULL, 1, NULL, NULL, 0, NULL, NULL, 0, 1, 0, '10', '2022-09-20 02:30:01', '10', '2022-10-13 04:18:05'),
	(118, 'AHMAD ASYRAF B MOHAMAD FAIRUZ', '840108060109', NULL, 3, 1, NULL, 6, 1, 1, 64, '$2y$10$52fJ5rFKIvMVC2OZubcLaud8gvCzUKYJ..3nSXm8N67u.sY3mu.M6', 'nazira.works@gmail.com', '0178524552', NULL, '2010-01-01 11:27:03', 1, NULL, NULL, 0, NULL, NULL, 0, 1, 1, '10', '2022-11-30 14:31:09', NULL, NULL),
	(119, 'NABILAH NATASHA BINTI NORAZMI ', '940108060109', NULL, 3, 1, NULL, 6, 3, 4, 1, '$2y$10$zRnMcKYMr4I8rLmZb2ucXe.tBS5JqNiyOZCIjYo.YrlPU2cNKdybS', 'nazira.works@gmail.com', '0196859663', NULL, '2020-01-01 11:58:23', 1, NULL, NULL, 0, NULL, NULL, 0, 1, 1, '10', '2022-11-29 15:55:55', NULL, NULL),
	(120, 'AMIR HAFIZUDIN BIN ADNAN ', '941225060073', NULL, 1, 1, NULL, 5, 2, 1, 1, '$2y$10$fsMMTBc6QxmispDYM6BnDOsHf4TkctgYxoHPimuyfk.pvv7Z0lK.G', 'nazira.works@gmail.com', '0197854885', NULL, '2018-01-01 12:13:21', 1, NULL, NULL, 0, NULL, NULL, 0, 1, 1, '10', '2022-11-29 15:55:55', NULL, NULL),
	(121, 'AFFIQ DANIEL BIN SUBANI', '920617060633', NULL, 1, 1, NULL, 5, 1, 4, 1, '$2y$10$lvm5.b0Y40tuXm0Qufb1LuqGhutfDYeDSC/Ne7b70qmwbztmDdZ6m', 'nazira.works@gmail.com', '0198526552', NULL, '2020-01-01 12:36:10', 1, NULL, NULL, 0, NULL, NULL, 0, 1, 1, '10', '2022-11-29 15:55:55', NULL, NULL),
	(129, 'AIDANA SUFIYA', '800701011010', NULL, 16, 2, NULL, 10, 1, NULL, 7, NULL, 'suryati.ahmad@yahoo.com', NULL, NULL, NULL, 1, NULL, NULL, 0, NULL, NULL, 0, 2, 0, '10', '2022-10-17 06:33:04', '10', '2022-11-02 02:45:41'),
	(130, 'MUHAMMAD FAHMI BIN AHMAD', '840617060633', NULL, 2, 1, 2, 5, 1, 1, 1, '$2y$10$prOFL3/sKhCMk0ctYYi/aeO146uMuZrYWC8EPUE1FV3EP.pzN3MxK', 'nazira.works@gmail.com', '0197858554', NULL, '2008-01-01 09:56:15', 1, NULL, NULL, 0, NULL, NULL, 0, 1, 0, '10', '2022-11-18 12:20:33', '10', '2022-11-24 22:10:11'),
	(131, 'FARAH BATRISYIA BINTI MUZREE ', '940420060066', NULL, 2, 1, NULL, 5, 1, 4, 1, '$2y$10$f8YRY5WpmKvoIpZp8OHTROkD05ox7jOiiB.8CuGhtrTtEj.S3MXly', 'nazira.works@gmail.com', '0197858554', NULL, '2011-01-01 11:10:21', 1, NULL, NULL, 0, NULL, NULL, 0, 1, 1, '10', '2022-11-29 15:55:55', NULL, NULL),
	(132, 'AZFAR DANIAL BIN CHE ANUAR', '940223060307', NULL, 3, 1, NULL, 6, 1, 1, 1, '$2y$10$8Pc0ExwBcY7KkF3.j/4LWOzD1/rGouN4sAKBzWMhjgngTfzlsPkI6', 'nazira.works@gmail.com', '0197858554', NULL, '2011-01-01 11:10:21', 1, NULL, NULL, 0, NULL, NULL, 0, 1, 1, '10', '2022-11-29 15:55:55', NULL, NULL),
	(133, 'DANISH SHAHMI BIN ARIF ANUAR', '940911060247', NULL, 3, 1, NULL, 6, 1, 1, 1, '$2y$10$.c7fM7zVhpHmNigmkS6e1.Vs9u7iDOndgkkDOnJq1DUNRr.kNAMBy', 'nazira.works@gmail.com', '0197858554', NULL, '2011-01-01 11:10:21', 1, NULL, NULL, 0, NULL, NULL, 0, 1, 1, '10', '2022-11-29 15:55:55', NULL, NULL),
	(134, 'AIMAN SHAHZWAN BIN SHUKRIE ', '940114060439', NULL, 1, 1, NULL, 5, 1, 4, 1, '$2y$10$1tlrpxY0pmeX4Si8igmrUu8cNEx50VbM/HgNMOokEzYIWr2x3OQXm', 'nazira.works@gmail.com', '0197858554', NULL, '2011-01-01 11:10:21', 1, NULL, NULL, 0, NULL, NULL, 0, 1, 1, '10', '2022-11-29 15:55:55', NULL, NULL),
	(135, 'ANAS BIN ABDUL HAFIZ', '941219101457', NULL, 1, 1, NULL, 5, 1, 1, 1, '$2y$10$rvrQ3aQL4z0egRUuDBaY.e8SXHQM3OmdCk/6G0rNsXNDTIQye0RPO', 'nazira.works@gmail.com', '0197858554', NULL, '2011-01-01 11:10:21', 1, NULL, NULL, 0, NULL, NULL, 0, 1, 1, '10', '2022-11-29 15:55:55', NULL, NULL),
	(136, 'DANIAL BIN MOHD HASFFA', '840424060231', NULL, 2, 1, NULL, 5, 1, 1, 1, '$2y$10$HUxNVaw9n00mqa4WuNdOSOVWUgcXb2n4pGeWjF3zsT.QpXSetM0Yu', 'nazira.works@gmail.com', '0197858554', NULL, '2011-01-01 11:10:21', 1, NULL, NULL, 0, NULL, NULL, 0, 1, 1, '10', '2022-11-29 15:55:55', NULL, NULL),
	(137, 'HAZREEN SYAUQEE BIN HAZLI', '840802011331', NULL, 2, 1, 2, 5, 1, 4, 1, '$2y$10$1RtuJIBiSFH08HUje5zQz.fCsyjYjmT7dHfOHjrELIwYRXz9rY6be', 'nazira.works@gmail.com', '0197858554', NULL, '2011-01-01 11:10:21', 1, NULL, NULL, 0, NULL, NULL, 0, 1, 1, '10', '2022-11-29 15:55:55', NULL, NULL),
	(138, 'AIDIL AZAHAR BIN KHIRUL ROFIZI', '840202060471', NULL, 3, 1, 3, 6, 3, 4, 1, '$2y$10$xbe8TYSZiFPyYP.muDV.h.bSe6Sh4TR76lWvkum5CjqqdJcfnZIzO', 'nazira.works@gmail.com', '0197858554', NULL, '2011-01-01 11:10:21', 1, NULL, NULL, 0, NULL, NULL, 0, 1, 1, '10', '2022-11-29 15:55:55', NULL, NULL),
	(139, 'NAWFAL ADIB IMTIYAZZ BIN ROSLI ', '841007060163', NULL, 3, 1, NULL, 6, 1, 4, 1, '$2y$10$Nyik2isSljLxGZgkM1iaDuQZ7iRR9htBUfgL8LYCxbrkjSwQfqXKG', 'nazira.works@gmail.com', '0197858554', NULL, '2011-01-01 11:10:21', 1, NULL, NULL, 0, NULL, NULL, 0, 1, 1, '10', '2022-11-29 15:55:55', NULL, NULL),
	(140, 'SOLIHIN BIN SUHAIMI', '840115060553', NULL, 1, 1, 1, 5, 1, 1, 1, '$2y$10$IJxTCIBKlvdiacfNgPdxcucenquFmgb49jQqfIh0/xPp3iuPNIVWS', 'nazira.works@gmail.com', '0197858554', NULL, '2011-01-01 11:10:21', 1, NULL, NULL, 0, NULL, NULL, 0, 1, 1, '10', '2022-11-29 15:55:55', NULL, NULL),
	(141, 'RIFAI HAIKAL BIN RUKMAN', '840715060071', NULL, 1, 1, 1, 5, 2, 1, 68, '$2y$10$6I6WEoxYC4mNRuRK.8/kuOHTI.9faXO/fFh7eRtgo/rIW4aAYIfgG', 'nazira.works@gmail.com', '0197858554', NULL, '2011-01-01 11:10:21', 1, NULL, NULL, 0, NULL, NULL, 0, 1, 1, '10', '2022-12-02 15:55:51', NULL, NULL),
	(144, 'ZUBAIDAH', '730411016168', NULL, 1, 1, NULL, 5, 1, NULL, 1, NULL, 'ZUBAIDAH@JOHOR.GOV.MY', NULL, NULL, NULL, 1, NULL, NULL, 0, NULL, NULL, 0, 1, 0, '10', '2022-11-06 07:07:16', '135', '2022-11-07 07:23:45'),
	(145, 'DATO\' HAJI MOHD NOH BIN IBRAHIM', '631101015625', NULL, 10, 2, NULL, 6, 1, NULL, 1, NULL, 'MOHDNOH@JOHOR.GOV.MY', NULL, NULL, NULL, 1, NULL, NULL, 0, NULL, NULL, 0, 1, 1, '10', '2022-11-29 15:55:55', NULL, NULL),
	(146, 'FARHAH BINTI ABD RAHMAN', '840820016000', NULL, 1, 1, NULL, 5, 1, NULL, 1, '$2y$10$MKNvWHE1fGgI/pLV1.CQ/eI1CiTHxlCoDkHnikF5VuJFSCR229aa.', 'FARHAHRAHMAN@GMAIL.COM', NULL, NULL, NULL, 1, NULL, NULL, 0, NULL, NULL, 0, 1, 1, '10', '2022-11-29 15:55:55', NULL, NULL),
	(147, 'ZUBAIDAH ZAIMUDIN', '730411016000', NULL, 1, 1, NULL, 5, 1, NULL, 69, NULL, 'ZUBAIDAH@JOHOR', NULL, NULL, NULL, 1, NULL, NULL, 0, NULL, NULL, 0, 1, 1, '105', '2022-11-30 11:09:03', NULL, NULL),
	(148, 'ZUBAI', '730411010456', NULL, 1, 1, NULL, 5, 1, NULL, 2, '$2y$10$HVQf5oizF05JQQwoNtf6Bej5nk3dpR30kw3ROxGT/v3P3d9zGQN5K', 'ZUBAIDAH@JOHOR.GOV.MY', NULL, NULL, NULL, 1, NULL, NULL, 0, NULL, NULL, 0, 1, 0, '118', '2022-10-26 04:28:29', '135', '2022-11-07 07:24:07'),
	(153, 'NAZIRA', '999999999996', NULL, 1, 1, NULL, 5, 1, NULL, 1, NULL, 'NAZIRAJIE@GMAIL.COM', NULL, NULL, NULL, 1, NULL, NULL, 0, NULL, NULL, 0, 1, 0, '10', '2022-11-06 07:07:16', '135', '2022-11-07 07:24:50'),
	(154, 'IAAN ANAQI', '999999999997', NULL, 1, 2, NULL, 6, 1, NULL, 1, '$2y$10$sYQCJh0aljfJHPniGbeju.TpDTE3Eie98cXoX1Gja47QzxAYOavse', 'NAZIRAJIE@GMAIL.COM', NULL, NULL, NULL, 1, NULL, NULL, 0, NULL, NULL, 0, 1, 1, '10', '2022-11-29 15:55:55', NULL, NULL),
	(160, 'RISZ ADRIAN', '961003016498', NULL, 3, 1, 3, 24, 1, NULL, 1, NULL, 'nazirajie@gmail.com', NULL, NULL, NULL, 1, NULL, NULL, 0, NULL, NULL, 0, 1, 1, '10', '2022-11-29 15:55:55', NULL, NULL),
	(161, 'ALIA BINTI MOHAMMAD', '800701018888', NULL, 10, 1, 4, 63, 1, NULL, 1, NULL, 'suryati.ahmad@yahoo.com', NULL, NULL, NULL, 1, NULL, NULL, 0, NULL, NULL, 0, 1, 0, '10', '2022-11-06 07:07:16', '10', '2022-11-06 15:44:34'),
	(162, 'OCTOBER2022', '800701012222', NULL, 34, 1, 5, 6, 1, NULL, 2, NULL, 'suryati.ahmad@yahoo.com', NULL, NULL, NULL, 1, NULL, NULL, 0, NULL, NULL, 0, 1, 0, '10', '2022-11-06 15:47:11', '10', '2022-11-06 15:47:52'),
	(163, 'SURYATI', '800701017878', NULL, 10, 1, 5, 28, 1, NULL, 2, NULL, 'suryati.ahmad@yahoo.com', NULL, NULL, NULL, 1, NULL, NULL, 0, NULL, NULL, 0, 1, 0, '10', '2022-11-02 06:57:23', '10', '2022-11-06 15:44:41'),
	(164, 'SURYATI', '800701018088', NULL, 10, 1, 5, 6, 1, NULL, 1, NULL, 'suryati.ahmad@yahoo.com', NULL, NULL, NULL, 1, NULL, NULL, 0, NULL, NULL, 0, 1, 0, '10', '2022-10-26 04:09:13', '10', '2022-11-02 02:46:19'),
	(165, 'ALIA', '777777777779', NULL, 29, 1, 9, 64, 1, NULL, 2, NULL, 'suryati.ahmad@yahoo.com', NULL, NULL, NULL, 1, NULL, NULL, 0, NULL, NULL, 0, 1, 0, '10', '2022-10-25 05:01:29', '10', '2022-10-25 05:02:14'),
	(166, 'FITRI IZUAN', '956356363633', NULL, 13, 1, 24, 63, 2, NULL, 16, NULL, 'fitriizuan@gmail.com', NULL, NULL, NULL, 1, NULL, NULL, 0, NULL, NULL, 0, 2, 0, '110', '2022-10-26 03:14:14', '135', '2022-11-07 07:24:33'),
	(167, 'IDRIS BIN KAPARWI', '790515011233', NULL, 8, 1, 6, 5, 1, NULL, 19, '$2y$10$XU3YDjr1dgj3aVDW/eXYa.yOuzzzEy5O5Rq5gvRig97f1iBwLnd.m', 'aredieba12@gmail.com', NULL, NULL, NULL, 1, NULL, NULL, 0, NULL, NULL, 0, 1, 1, '10', '2022-11-18 22:46:22', NULL, NULL),
	(168, 'YUKA YUNOS', '851113016314', NULL, 1, 1, 1, 5, 1, NULL, 1, NULL, 'khadijah.yunos@johor.gov.my', NULL, NULL, NULL, 1, NULL, NULL, 0, NULL, NULL, 0, 1, 0, '10', '2022-11-06 07:07:16', '135', '2022-11-07 07:25:25'),
	(169, 'AHMAD AMIR', '999999999912', NULL, 3, 1, 3, 6, 1, NULL, 0, NULL, 'nazirajie@gmail.com', NULL, NULL, NULL, 1, NULL, NULL, 0, NULL, NULL, 0, 2, 1, '0', '2022-10-26 12:04:34', NULL, NULL),
	(170, 'SAFIAH YUSRA BINTI YASIR ARAFAT', '090910101778', NULL, 30, 1, 1, 52, 1, NULL, 3, NULL, 'farhahmkn@gmail.com', NULL, NULL, NULL, 1, NULL, NULL, 0, NULL, NULL, 0, 1, 1, '234', '2022-11-30 11:09:49', NULL, NULL),
	(171, 'ACHIK', '999999999990', NULL, 30, 1, 3, 5, 1, NULL, 10, '$2y$10$OPqHgYu7IrQYQAehfP8bVe9jV5Z6J.a6yORpKgvYyUVNv/C3YzGT6', 'arechikputera@yahoo.com', NULL, NULL, NULL, 1, NULL, NULL, 0, NULL, NULL, 0, 1, 0, '10', '2022-10-26 04:55:43', '135', '2022-11-07 07:25:44'),
	(172, 'NUR AMIRAH BTE MOHD NOH', '850616016408', NULL, 26, 1, 5, 60, 1, NULL, 2, NULL, 'nuramirah@johor.gov.my', NULL, NULL, NULL, 1, NULL, NULL, 0, NULL, NULL, 0, 1, 1, '138', '2022-11-23 12:33:23', NULL, NULL),
	(173, 'NORFARHANA BINTI MAHAMMADIN', '870523055236', NULL, 5, 1, 5, 52, 1, NULL, 1, '$2y$10$VE/dOie9lOD07ab5tBw5auCFizrJpIZBJ7XgBe1BD3P9UF/QUyM6e', 'nazira.works@gmail.com', NULL, NULL, NULL, 1, NULL, NULL, 0, NULL, NULL, 0, 1, 0, '10', '2022-11-29 15:55:55', '10', '2022-11-30 10:28:29'),
	(174, 'TESTING 123', '787878787889', NULL, 12, 1, 24, 51, 3, NULL, 1, '$2y$10$n6kYI/yYRqdNqJWdY6dHWedziX4ljyapISyqerkSUkmASjHr2Kg.i', 'yuka.uum@gmail.com', NULL, NULL, NULL, 1, NULL, NULL, 0, NULL, NULL, 0, 1, 0, '10', '2022-11-06 07:07:16', '135', '2022-11-07 07:25:56'),
	(175, 'FARID', '800701012022', NULL, 3, 1, 3, 63, 1, NULL, 43, NULL, 'suryati.ahmad@yahoo.com', NULL, NULL, NULL, 1, NULL, NULL, 0, NULL, NULL, 0, 1, 0, '10', '2022-11-07 08:19:39', '10', '2022-11-08 03:44:09'),
	(176, 'NUR SUHADAH BINTI NOORANIZAM', '950303016830', NULL, 1, 2, 1, 5, 1, NULL, 1, '$2y$10$boe9/fGRZ4cCFOWphvo4aOO/rngm9U8HwWCHYt3Qs5lSGSzN0YDCO', 'suhadahn16@gmail.com', NULL, NULL, NULL, 1, NULL, NULL, 0, NULL, NULL, 0, 1, 1, '10', '2022-11-29 15:55:55', NULL, NULL),
	(177, 'SURYATI BT AHMAD', '800701012002', NULL, 3, 1, 5, 24, 1, NULL, 2, '$2y$10$pv2Jane54pP.1Rx3XfcsTuGxx81nyuUqgQ9gJ7PcHdUz3/xlJGhmy', 'suryati.ahmad@yahoo.com', NULL, NULL, NULL, 1, NULL, NULL, 0, NULL, NULL, 0, 1, 0, '10', '2022-10-27 08:35:14', '10', '2022-11-02 02:46:06'),
	(178, 'IRIS ALEENA BINTI AMIR', '961026016092', NULL, 13, 1, 6, 5, 1, NULL, 1, NULL, 'nazirajie@gmail.com', NULL, NULL, NULL, 1, NULL, NULL, 0, NULL, NULL, 0, 1, 1, '10', '2022-11-29 15:55:55', NULL, NULL),
	(179, 'NAURA BINTI HAFIZ', '961010016094', NULL, 28, 1, 2, 6, 2, NULL, 29, NULL, 'nazirajie@gmail.com', NULL, NULL, NULL, 1, NULL, NULL, 0, NULL, NULL, 0, 2, 0, '10', '2022-11-01 01:32:17', '135', '2022-11-07 07:26:04'),
	(180, 'ADAM BIN AKBAR', '960101016093', NULL, 15, 2, 6, 52, 1, NULL, 1, NULL, 'nazirajie@gmail.com', NULL, NULL, NULL, 1, NULL, NULL, 0, NULL, NULL, 0, 1, 1, '10', '2022-11-29 15:55:55', NULL, NULL),
	(181, 'NUR HAZWANI BINTI MAYANG', '860619236392', NULL, 5, 1, 2, 38, 1, NULL, 1, NULL, 'nurhazwani@johor.gov.my', NULL, NULL, NULL, 1, NULL, NULL, 0, NULL, NULL, 0, 1, 1, '10', '2022-11-29 15:55:55', NULL, NULL),
	(182, 'FARA BINTI HANIF', '961003016494', NULL, 3, 1, 3, 6, 1, NULL, 1, NULL, 'nazira.works@gmail.com', NULL, NULL, NULL, 1, NULL, NULL, 0, NULL, NULL, 0, 1, 1, '10', '2022-11-29 15:55:55', NULL, NULL),
	(183, 'NUR SYAHIRAH ROSLEE', '941007016342', NULL, 3, 2, 3, 32, 1, NULL, 2, NULL, 'tengkuseriwahyu@gmail.com', NULL, NULL, NULL, 1, NULL, NULL, 0, NULL, NULL, 0, 1, 1, '138', '2022-11-23 12:33:23', NULL, NULL),
	(184, 'DANI BIN AKBAR', '961003016492', NULL, 3, 1, 3, 6, 1, NULL, 1, NULL, 'nazira.works@gmail.com', NULL, NULL, NULL, 1, NULL, NULL, 0, NULL, NULL, 0, 1, 1, '10', '2022-11-29 15:55:55', NULL, NULL),
	(185, 'YUKA', '851113016310', NULL, 28, 1, 2, 6, 1, NULL, 1, NULL, 'ayuka.yunos@gmail.com', NULL, NULL, NULL, 1, NULL, NULL, 0, NULL, NULL, 0, 1, 0, '10', '2022-11-06 07:07:16', '135', '2022-11-07 07:26:13'),
	(186, 'ALIAS BIN HATIM', '911127011000', NULL, 1, 1, 1, 6, 1, NULL, 0, NULL, 'nazira.works@gmail.com', NULL, NULL, NULL, 1, NULL, NULL, 0, NULL, NULL, 0, 2, 0, '0', '2022-11-03 12:29:39', '135', '2022-11-07 07:26:21'),
	(187, 'AHMAD ALBABKU', '900909019999', NULL, 29, 1, 2, 6, 1, NULL, 0, '$2y$10$GN4z.BuMiWqeN09Exw4DIuQwlbWeJfsxr/My980pPiBlIU0v.mLcO', 'noraazizah1868@gmail.com', NULL, NULL, NULL, 1, NULL, NULL, 0, NULL, NULL, 0, 2, 0, '0', '2022-11-06 08:32:44', '135', '2022-11-07 07:26:29'),
	(188, 'MUHAMMAD FARIS BIN MOHD FAUZI', '980303016767', NULL, 8, 1, 22, 28, 3, NULL, 39, '$2y$10$zavPGijPF5TPARJiJr8n2ujomsc4MXmw83p/7XgXcYAJ2/KcROpxe', 'suhadahn16@gmail.com', NULL, NULL, NULL, 1, NULL, NULL, 0, NULL, NULL, 0, 2, 1, '135', '2022-11-07 07:26:59', NULL, NULL),
	(189, 'TENGKU SERI WAHYU BINTI TENGKU MUZAMIR', '941007016344', NULL, 3, 1, 3, 6, 1, NULL, 32, '$2y$10$r0mpYZmQUR7IRIps0eEbKOaoBaCZK.XE1TSI8qFAzk6MehP52pm/e', 'tengkuseriwahyu@gmail.com', NULL, NULL, NULL, 1, NULL, NULL, 0, NULL, NULL, 0, 1, 1, '189', '2022-11-06 02:44:29', NULL, NULL),
	(190, 'ALYA BINTI MOHD', '961003016666', NULL, 3, 1, 3, 6, 1, NULL, 1, NULL, 'nazira.works@gmail.com', NULL, NULL, NULL, 1, NULL, NULL, 0, NULL, NULL, 0, 1, 1, '10', '2022-11-29 15:55:55', NULL, NULL),
	(191, 'NAYLA BINTI AMIR', '961003016464', NULL, 3, 1, 3, 6, 1, NULL, 0, '$2y$10$3KwRDhAUAy5zvwZsFJ4Rcuhmy1GlXkKrYXN0vq0IwAvynS7VL8y8q', 'nazira.works@gmail.com', NULL, NULL, NULL, 1, NULL, NULL, 0, NULL, NULL, 0, 2, 0, '0', '2022-11-06 09:36:53', '135', '2022-11-07 07:27:11'),
	(192, 'LILY BINTI AHMAD', '961003016262', NULL, 10, 1, 5, 18, 1, NULL, 0, NULL, 'nazira.works@gmail.com', NULL, NULL, NULL, 1, NULL, NULL, 0, NULL, NULL, 0, 2, 0, '0', '2022-11-06 10:24:57', '135', '2022-11-07 07:27:20'),
	(193, 'NURAYU TEST', '851113016316', NULL, 13, 1, 11, 5, 1, NULL, 0, '$2y$10$m7cCaRr6.F1RoXYKB44FX.xAD/TNkUd7auK1xEjp4.4pyznMW4qy.', 'ayuka.yunos@gmail.com', NULL, NULL, NULL, 1, NULL, NULL, 0, NULL, NULL, 0, 2, 0, '0', '2022-11-06 11:21:15', '135', '2022-11-07 07:27:25'),
	(194, 'MUHAMMAD RIDHWAN BIN HAPANDI', '990831015533', NULL, 3, 2, 3, 6, 1, NULL, 35, '$2y$10$ccUSVEJY/ZCWG3xSWkG3.OXCiMwrAl4B6c2Gz3McvjLVirPUTcNE.', 'm.ridhwan@johor.gov.my', NULL, NULL, NULL, 1, NULL, NULL, 0, NULL, NULL, 0, 1, 0, '194', '2022-11-06 06:52:12', '135', '2022-11-07 07:27:33'),
	(195, 'TESTING ABC', '191919191919', NULL, 3, 1, 1, 6, 1, NULL, 31, NULL, 'testing.abc@testing.com', NULL, NULL, NULL, 1, NULL, NULL, 0, NULL, NULL, 0, 1, 0, '10', '2022-11-06 04:24:40', '10', '2022-11-06 04:29:48'),
	(196, 'TESTING ABCD', '181818181818', NULL, 28, 2, 24, 22, 1, NULL, 31, NULL, 'testing.abcd@testing.com', NULL, NULL, NULL, 1, NULL, NULL, 0, NULL, NULL, 0, 1, 0, '10', '2022-11-06 05:56:42', '10', '2022-11-06 06:01:19'),
	(197, 'MOHD IFWAT', '151515151515', NULL, 24, 1, 17, 6, 3, NULL, 31, NULL, 'mohd_ifwat@yahoo.com', NULL, NULL, NULL, 1, NULL, NULL, 0, NULL, NULL, 0, 1, 0, '10', '2022-11-06 06:16:01', '135', '2022-11-07 07:27:41'),
	(198, 'MUHAMMAD HISYAMUDDIN', '970303016830', NULL, 12, 2, 3, 47, 4, NULL, 0, '$2y$10$bmi4EWqzTxf513ZeLbv7tOHqaaYV.RsP/EQldzJ80JMd4mPSxIADq', 'suhadahn16@gmail.com', NULL, NULL, NULL, 1, NULL, NULL, 0, NULL, NULL, 0, 2, 0, '0', '2022-11-06 16:47:49', '135', '2022-11-07 07:27:47'),
	(199, 'SURYA AHMAD', '800701016222', NULL, 10, 1, 5, 28, 1, NULL, 1, NULL, 'suryati.ahmad@yahoo.com', NULL, NULL, NULL, 1, NULL, NULL, 0, NULL, NULL, 0, 1, 0, '10', '2022-11-12 02:55:01', '106', '2022-11-12 21:57:06'),
	(200, 'ALEYSHA BINTI AHMAD', '900701016220', NULL, 10, 1, 5, 28, 1, NULL, 1, NULL, 'suryati.ahmad@yahoo.com', NULL, NULL, NULL, 1, NULL, NULL, 0, NULL, NULL, 0, 1, 0, '10', '2022-11-06 16:48:26', '10', '2022-11-07 17:33:28'),
	(201, 'TENGKU SERI WAHYU', '690711015366', NULL, 3, 1, 3, 6, 1, NULL, 32, '$2y$10$xZJ2Gju5UuwI0Tjo7yyL4e1G/eYOJV8/du6oVZUJxELFC9Y.pb7.6', 'tengkuseriwahyu@gmail.com', NULL, NULL, NULL, 1, NULL, NULL, 0, NULL, NULL, 0, 1, 0, '119', '2022-11-07 01:57:13', '135', '2022-11-07 07:28:02'),
	(202, 'FARHANA BINTI MAHAMADIN', '870523055232', NULL, 26, 1, 5, 60, 1, NULL, 43, '$2y$10$WA4J/ZIjtrKW4tWwBT2vee0Poxgpji4RmZFm9h2SuDsH.7paS617G', 'nazira.works@gmail.com', NULL, NULL, NULL, 1, NULL, NULL, 0, NULL, NULL, 0, 1, 0, '10', '2022-11-11 12:59:40', '141', '2022-11-13 09:55:50'),
	(203, 'FAIRUZAHRI BIN JALALUDDIN', '831228715131', NULL, 33, 1, 5, 14, 1, NULL, 44, '$2y$10$9Ig75Gp4R4m/Mt8bfBC4zexI1gnV1/A04ZZ4uoN0qF0La4yrvhBgq', 'nazira.works@gmail.com', NULL, NULL, NULL, 1, NULL, NULL, 0, NULL, NULL, 0, 1, 1, '222', '2022-11-12 11:07:38', NULL, NULL),
	(204, 'NAZIRA', '961003015555', NULL, 3, 1, 3, 6, 1, NULL, 41, NULL, 'nazira.works@gmail.com', NULL, NULL, NULL, 1, NULL, NULL, 0, NULL, NULL, 0, 1, 0, '10', '2022-11-07 03:38:30', '135', '2022-11-07 07:27:55'),
	(205, 'MARIA MELATI', '800701014040', NULL, 28, 1, 5, 6, 1, NULL, 1, NULL, 'suryati.ahmad@yahoo.com', NULL, NULL, NULL, 1, NULL, NULL, 0, NULL, NULL, 0, 1, 0, '10', '2022-11-07 03:36:02', '10', '2022-11-07 16:20:49'),
	(206, 'FATIN ADIBAH BINTI ABD RAZAK', '890712015954', NULL, 5, 2, 5, 52, 1, NULL, 64, '$2y$10$9ODNuBF5Hf2eGFEb.9orQOLcaCEOsMVAVCkj.YULdME8dyLDXAD4a', 'aredieba12@gmail.com', NULL, NULL, NULL, 1, NULL, NULL, 0, NULL, NULL, 0, 1, 0, '10', '2022-12-01 09:38:39', '10', '2022-11-13 12:39:36'),
	(207, 'HELMIZAM BIN ANAS', '871108235869', NULL, 8, 1, 6, 5, 2, NULL, 39, NULL, 'deqna23@gmail.com', NULL, NULL, NULL, 1, NULL, NULL, 0, NULL, NULL, 0, 1, 0, '102', '2022-11-07 03:52:15', '234', '2022-11-30 12:03:11'),
	(208, 'ZAINOL ARIFFIN BIN MOHD ARIFF', '920104016149', NULL, 30, 2, 1, 5, 1, NULL, 2, '$2y$10$IrzpRRW3kQ2SXKkrQJZxaea3W0zdGpV.Oxy/GlxObxwyl.kdsaGUe', 'zainalariffin92@gmail.com', NULL, NULL, NULL, 1, NULL, NULL, 0, NULL, NULL, 0, 1, 0, '140', '2022-11-13 14:52:43', '10', '2022-11-23 10:24:24'),
	(209, 'AMIRA BINTI ALIAS', '961003016484', NULL, 3, 1, 3, 6, 1, NULL, 1, NULL, 'nazira.works@gmail.com', NULL, NULL, NULL, 1, NULL, NULL, 0, NULL, NULL, 0, 1, 1, '10', '2022-11-29 15:55:55', NULL, NULL),
	(210, 'RASIS BIN RUSTAM', '920914017223', NULL, 9, 1, 5, 6, 1, NULL, 44, '$2y$10$aWkxPHQKUnqC6CNLK3Vy5.TsIdVjkXPpYsvVuOCen9Knx/VVncUxm', 'nazira.works@gmail.com', NULL, NULL, NULL, 1, NULL, NULL, 0, NULL, NULL, 0, 1, 1, '222', '2022-11-12 11:07:38', NULL, NULL),
	(211, 'NURUL FARHANA ZUL', '800701010036', NULL, 3, 1, 3, 24, 1, NULL, 1, NULL, 'suryati.ahmad@yahoo.com', NULL, NULL, NULL, 1, NULL, NULL, 0, NULL, NULL, 0, 1, 0, '10', '2022-11-18 12:20:33', '10', '2022-11-24 16:34:23'),
	(212, 'SURYATI BINTI AHMAD', '800701016228', NULL, 3, 1, 3, 24, 1, NULL, 1, '$2y$10$7caPIJvsepHbTWA4eFzfwuBTIR85xuDOKcvU9Hv2pY8APgsGazruO', 'suryati.ahmad@yahoo.com', NULL, NULL, NULL, 1, NULL, NULL, 0, NULL, NULL, 0, 1, 0, '107', '2022-11-11 12:45:07', '106', '2022-11-11 13:52:59'),
	(213, 'NURUL FARHANA', '800701016666', NULL, 10, 1, 5, 28, 1, NULL, 0, '$2y$10$43xgyDF1wAVksyTqDHcG2eKFJwTOy5XxRz8vBe5/9fqLEE27T1DTq', 'suryati.ahmad@yahoo.com', NULL, NULL, NULL, 1, NULL, NULL, 0, NULL, NULL, 0, 2, 0, '0', '2022-11-09 09:11:08', '224', '2022-11-23 15:52:25'),
	(214, 'MUHAMAD IZZUDDIN BIN ZAINAL', '920718015001', NULL, 8, 1, 6, 5, 1, NULL, 61, '$2y$10$g2hFj/v3Dupmo9VJFyDQPus/OsunzxaJ2Gjori9p9DsTcGqztXVXG', 'izzuddin.muhamad17@gmail.com', NULL, NULL, NULL, 1, NULL, NULL, 0, NULL, NULL, 0, 1, 1, '138', '2022-11-23 12:25:17', NULL, NULL),
	(215, 'RAMLAH BINTI SULIMAN', '870515015236', NULL, 8, 1, 6, 5, 1, NULL, 3, '$2y$10$JiOisqt2fuyoINUYjfYIpODY2Gfw/vVbIKFVPrROnzVQZ5rJNtQpu', 'missramlah@gmail.com', NULL, NULL, NULL, 1, NULL, NULL, 0, NULL, NULL, 0, 1, 0, '140', '2022-11-09 14:34:16', '10', '2022-11-13 12:41:16'),
	(217, 'ISMAIL', '631112015481', NULL, 34, 1, 5, 45, 1, NULL, 43, '$2y$10$exeaEJnSZo18RMdlbX2hRObFGw.h/rDk0SquBywHqCR0AzkB2P9Xy', 'deqna23@gmail.com', NULL, NULL, NULL, 1, NULL, NULL, 0, NULL, NULL, 0, 1, 1, '10', '2022-11-11 12:59:40', NULL, NULL),
	(218, 'TESTING', '891202017873', NULL, 12, 1, 12, 5, 1, NULL, 45, NULL, 'nur.sahara26@yahoo.com', NULL, NULL, NULL, 1, NULL, NULL, 0, NULL, NULL, 0, 1, 0, '10', '2022-11-10 15:27:36', '10', '2022-11-10 15:31:34'),
	(219, 'TESTING', '891202017777', NULL, 1, 1, 1, 5, 3, NULL, 45, '$2y$10$AME2eoVZt2rMhaL2PbSK4ugvROB8iWyfhiYLJ4Q0wYbPdfNq.dcKm', 'nur.sahara26@yahoo.com', NULL, NULL, NULL, 1, NULL, NULL, 0, NULL, NULL, 0, 1, 0, '10', '2022-11-10 16:54:47', '10', '2022-11-10 17:45:22'),
	(220, 'TENGKU AZAM RAUZAN', '941007016345', NULL, 3, 1, 3, 6, 1, NULL, 1, '$2y$10$N/4l0lDJDZoKcQ1Ku6ad3.w7gO0W8T6ZS5ISWEAJU5eYj3wauWb.K', 'tengkuseriwahyu.work@gmail.com', NULL, NULL, NULL, 1, NULL, NULL, 0, NULL, NULL, 0, 1, 1, '10', '2022-11-29 15:55:55', NULL, NULL),
	(221, 'SARAH LIYANA', '940107010364', NULL, 3, 2, 3, 6, 1, NULL, 1, '$2y$10$O9K6qNoBXktGGsabOQh7m.HjHS2JmN4D6Cs2IyItUm/IqIHaEMcBy', 'tengkuseriwahyu.work@gmail.com', NULL, NULL, NULL, 1, NULL, NULL, 0, NULL, NULL, 0, 1, 1, '10', '2022-11-29 15:55:55', NULL, NULL),
	(222, 'SYAAMIL IHSAN', '000408040222', NULL, 10, 1, 24, 66, 1, NULL, 1, '$2y$10$HDrzH2OtWZEfr27TM6vOyu1HO45m9LsC7x.RDRUF7f1ugTMSzHx26', 'syaamil.im@gmail.com', NULL, NULL, NULL, 1, NULL, NULL, 0, NULL, NULL, 0, 1, 1, '10', '2022-11-29 15:55:55', NULL, NULL),
	(223, 'NUR IFFADIAH MIZAN', '000502140078', NULL, 21, 1, 24, 64, 1, NULL, 3, '$2y$10$QpoEiysVDgIqythchJpoROWdRb2IIV2UWAw3iO0ezeuIT6ditsjd6', 'iffatishimvu@gmail.com', NULL, NULL, NULL, 1, NULL, NULL, 0, NULL, NULL, 0, 1, 1, '234', '2022-11-30 11:09:49', NULL, NULL),
	(224, 'SURYATI HJ AHMAD', '800701017070', NULL, 10, 1, 5, 28, 1, NULL, 70, '$2y$10$jSvjt2UEavDOG5Pm7fPLN.sV5kA750EA6SoBUGsngcAjfTD7blMiy', 'suryati.ahmad@yahoo.com', NULL, NULL, NULL, 1, NULL, NULL, 0, NULL, NULL, 0, 1, 1, '10', '2022-12-02 15:06:51', NULL, NULL),
	(225, 'AAA', '930918060308', NULL, 12, 1, 24, 64, 1, NULL, 44, '$2y$10$xoq7IbrzE6uF6DtYf5pYc./B7ik49WzUCj8mF9LiK80YieLDC./.i', 'suryati.ahmad@yahoo.com', NULL, NULL, NULL, 1, NULL, NULL, 0, NULL, NULL, 0, 1, 0, '224', '2022-11-11 14:11:32', '10', '2022-11-11 15:24:30'),
	(226, 'HAKIMI', '960519015451', NULL, 10, 1, 12, 66, 1, NULL, 51, '$2y$10$OY74fDHh8T4Dqeh4uR4VE.PlfWVBW3j6BA.WsY.eQQ0uDPBX5bJzG', 'mr.hakimimas@gmail.com', NULL, NULL, NULL, 1, NULL, NULL, 0, NULL, NULL, 0, 1, 1, '138', '2022-11-12 11:08:40', NULL, NULL),
	(228, 'FARAH BINTI HALIM', '870523055200', NULL, 42, 1, 5, 52, 3, 1, 3, '$2y$10$X4pxxDOE.6O2sgWmf7R94OfW1w8U8804zBOtJzRZZe1dDVv.KA9di', 'deqjam_946@yahoo.com', '0127978786', '0127978786', '2016-11-13 00:00:00', 0, NULL, NULL, 0, NULL, NULL, 1, 2, 1, '140', '2022-11-13 15:25:35', NULL, NULL),
	(230, 'TENGKU TARMIZI BIN T. AZIZ', '820127115539', NULL, 44, 1, 8, 24, 5, 1, 3, '$2y$10$rC8kZAxW0T0HEERfE3KJFea3ASxOLI766nzYwWIH7uGEyInnYGyY.', 'tengkutarmizi@mbjb.gov.my', '016-7707086', '0167707086', '2009-12-07 00:00:00', 0, NULL, NULL, 0, NULL, NULL, 1, 2, 0, NULL, '2022-11-13 12:47:56', '10', '2022-12-02 16:28:08'),
	(232, 'NURAYU KHADIJAH BINTI YUNOS', '851113016314', NULL, 1, 1, 1, 5, 3, 1, 1, '$2y$10$nHNMni.UCxuMf0beMfzyCOsQiu4Sls2OrGCJQIiIr/EtJaED2sBTC', 'khadijah.yunos@johor.gov.my', '0197475725', '072380478', '2008-01-16 00:00:00', 0, NULL, NULL, 0, NULL, NULL, 1, 2, 0, '10', '2022-11-14 10:16:44', '10', '2022-11-14 17:13:34'),
	(233, 'ISMAIL BIN ABD RAHMAN', '631112015487', NULL, 42, 1, 5, 35, 3, 1, 1, '$2y$10$2EMNmgwu4G5GGvYP5p.Xrexy7ssVnMBQXZfUh.CEz4MmFS1XoEfV.', 'ismailrahman@johor.gov.my', '012-7577299', '0127577299', '2003-01-01 00:00:00', 0, NULL, NULL, 0, NULL, NULL, 1, 2, 1, '10', '2022-11-14 09:43:54', NULL, NULL),
	(234, 'NORFARHANA BINTI MAHAMMADIN', '870523055238', NULL, 42, 1, 5, 52, 3, 1, 64, '$2y$10$.slvDg.oJApJagrIYP3eR.raDl/b/nVhhyRasYlZb7lbaxu5bNmyy', 'deqjam_946@yahoo.com', '0127978786', '0127978786', '2016-11-13 00:00:00', 0, NULL, NULL, 0, NULL, NULL, 1, 1, 0, '234', '2022-11-30 11:07:02', '234', '2022-11-30 12:01:57'),
	(235, 'IDRIS BIN JAMALLUDIN', '790514015461', NULL, 45, 1, 6, 5, 3, 1, 64, '$2y$10$QrxcRP22P9sIaXqAaQdlb.TL31nwr78eoI1KirlUcpMyXVdhMN7YG', 'idris.jamalludin@johor.gov.my', '019-7709200', '', '2017-04-02 00:00:00', 0, NULL, NULL, 0, NULL, NULL, 1, 1, 1, '10', '2022-11-30 11:09:47', NULL, NULL),
	(236, 'MOHAMED FAIZAL BIN ABDUL ANSAR', '820609015135', NULL, 1, 1, 1, 5, 3, 1, 1, '$2y$10$L.N4DlZfr6QzLQ0NAWGkO.QX3oJbIL89kTf0JH.NRrHxe6nqBZ4bi', 'mohdfaizal@johor.gov.my', '012-2482604', '075122475', '2009-03-02 00:00:00', 0, NULL, NULL, 0, NULL, NULL, 1, 2, 0, '10', '2022-11-17 11:38:55', '10', '2022-11-22 22:09:23'),
	(237, 'MOHAMED FAIZAL BIN ABDUL ANSAR', '820609015135', NULL, 1, 1, 1, 5, 3, 1, 1, '$2y$10$V6fxX0IWU4RSP33yMcbGfe0o/Dys0Gn2W0EKjRUFu5Y5WnBzHKOW.', 'mohdfaizal@johor.gov.my', '012-2482604', '075122475', '2009-03-02 00:00:00', 0, NULL, NULL, 0, NULL, NULL, 1, 2, 0, '10', '2022-11-15 12:31:16', '10', '2022-11-22 22:09:33'),
	(243, 'SITI AISHAH BINTI BASRON', '880830015366', NULL, 46, 3, 3, 5, 3, 1, 52, '$2y$10$hoJ4hGqVDxqXyfS1.orsBei.yb1w97RV3DRDb2LbXRmXUBpqy2SPS', 'aishah.basron@johor.gov.my', '0197308843', '', '2010-12-16 00:00:00', 0, NULL, NULL, 0, NULL, NULL, 1, 2, 0, '146', '2022-11-17 10:36:42', '10', '2022-11-23 10:24:00'),
	(244, 'HASYATI BINTI SAPUAN', '820527035984', NULL, 42, 1, 5, 38, 4, 1, 1, '$2y$10$L.XbN0d8FAQI5JAzSOakou.1yF5y9.5JGxUk2..d4baK9tcPCcKMm', 'hasyati82@gmail.com', '019-7915814', '', '2008-05-18 00:00:00', 0, NULL, NULL, 0, NULL, NULL, 1, 2, 1, '10', '2022-11-17 11:37:21', NULL, NULL),
	(246, 'NOORDIANA BINTI ABDUL LATIFF', '860612236074', NULL, 42, 1, 5, 52, 1, 1, 1, '$2y$10$ldzbNQTB7cLyz9ZWtmHx5Ocpzf5Go97pc9hVQlAM/MV1kjpHI3NU6', 'nordiana.latif@johor.gov.my', '016-7710417', '0167710417', '2014-03-02 00:00:00', 0, NULL, NULL, 0, NULL, NULL, 1, 2, 0, '10', '2022-11-17 11:47:50', '10', '2022-11-22 22:08:13'),
	(247, 'RUZANA BINTI JAFFAR', '741218016474', NULL, 3, 1, 3, 24, 3, 1, 3, '$2y$10$a9a3qfhzM39ROh5c9GCVRO5ZoaZ6aAdYdgRrsfVvWE8jF44H/LrXS', 'ruzana@johor.gov.my', '0197787888', '0197787888', '2004-11-29 00:00:00', 0, NULL, NULL, 0, NULL, NULL, 1, 2, 0, NULL, '2022-11-22 09:01:34', '10', '2022-11-22 11:23:33'),
	(248, 'MOHD ARIFF BIN MOHD SAMANI', '830725015027', NULL, 1, 1, 1, 5, 3, 1, 3, '$2y$10$TdyjZdSStNI9by4ck/7cX.Pm2.3AIW/2XfS6A2.f6R82zVSkIwnPi', 'ariff@johor.gov.my', '0167408480', '072222386', '2009-03-02 00:00:00', 0, NULL, NULL, 0, NULL, NULL, 1, 2, 0, NULL, '2022-11-22 09:05:43', '10', '2022-11-22 11:23:43'),
	(249, 'NURAYU KHADIJAH BINTI YUNOS', '851113016312', NULL, 1, 1, 1, 5, 3, 1, 3, '$2y$10$X9P3iTw7FL4BVZOg0NRXwei0cZxN9eK4hhicUO3FfBWuKdLe7OY6K', 'khadijah.yunos@johor.gov.my', '0197475725', '072380478', '2008-01-16 00:00:00', 0, NULL, NULL, 0, NULL, NULL, 1, 2, 0, NULL, '2022-11-22 22:04:03', '10', '2022-11-23 10:23:47'),
	(250, 'NURUL ASHIKIN BINTI ABD SAMAD', '830928055256', NULL, 43, 1, 31, 24, 4, 1, 3, '$2y$10$8smvM.a5TLgQRrSQRtMYMuLjqxTpPIN.Zj7HrBZ2XEGZ.5/NA3CAe', 'scatterxheart@gmail.com', '0123928492', '0123928492', '2009-05-04 00:00:00', 0, NULL, NULL, 0, NULL, NULL, 1, 2, 0, NULL, '2022-11-23 10:14:37', '10', '2022-11-29 11:00:39'),
	(251, 'NORAZIZAH BINTI BACHAK @ BACHOK', '680618016074', NULL, 1, 1, 1, 5, 3, 1, 64, '$2y$10$ttwbtgPMGvDB9nkG4BteCOCoqEYvXRfQRc/qvsDHSan5CzAGtWoiu', 'norazizah@johor.gov.my', '0137455151', '0137455151', '2009-03-02 00:00:00', 0, NULL, NULL, 0, NULL, NULL, 1, 1, 1, '10', '2022-12-01 11:16:59', NULL, NULL),
	(253, 'RUZANA BINTI JAFFAR', '751218016476', NULL, 3, 1, 3, 24, 3, 1, 1, '$2y$10$VoGlSOZGSvPcxRet03aLIeXNyJ/a74OQriOQSX8HHcPdUW8vi.H0e', 'ruzana@johor.gov.my', '0197787888', '0197787888', '2004-11-29 00:00:00', 0, NULL, NULL, 0, NULL, NULL, 1, 1, 1, '10', '2022-11-29 22:43:30', NULL, NULL),
	(254, 'NURAYU KHADIJAH BINTI YUNOS', '851113016312', NULL, 1, 1, 1, 5, 3, 1, 3, '$2y$10$0hQ6.JWty3DiU2sSXvdLyurWRc.7z/O8sZUOgW.Zb.pxnA3I0Qnv6', 'khadijah.yunos@johor.gov.my', '0197475725', '072380478', '2008-01-16 00:00:00', 0, NULL, NULL, 0, NULL, NULL, 1, 2, 0, NULL, '2022-11-28 20:50:15', '10', '2022-11-28 20:54:26'),
	(255, 'MOHAMED FAIZAL BIN ABDUL ANSAR', '820609015135', NULL, 1, 1, 1, 5, 3, 1, 3, '$2y$10$wZR6O3kEC3dnwiZPcoCY8ekiI6gRz7G1adr.QCkUdQ5g3i1tz4O1O', 'mohdfaizal@johor.gov.my', '012-2482604', '075122475', '2009-03-02 00:00:00', 0, NULL, NULL, 0, NULL, NULL, 1, 2, 1, NULL, '2022-11-28 21:14:45', NULL, NULL),
	(256, 'NOORDIANA BINTI ABDUL LATIFF', '860612236074', NULL, 42, 1, 5, 52, 1, 1, 3, '$2y$10$vHTR5HU.Cn3f7pP90KSXLOcQsz1Kw0weLT297q2onYPjJs8EEom9K', 'nordiana.latif@johor.gov.my', '016-7710417', '0167710417', '2014-03-02 00:00:00', 0, NULL, NULL, 0, NULL, NULL, 1, 2, 0, NULL, '2022-11-28 22:03:08', '10', '2022-11-29 11:24:33'),
	(257, 'NURAYU KHADIJAH BINTI YUNOS', '851113016312', NULL, 1, 1, 1, 5, 3, 1, 1, '$2y$10$zOv7baO1NgLZxsmYc5JuT.pznFWFUn7ySFcv1PDmjV8rzohoTS1Ji', 'khadijah.yunos@johor.gov.my', '0197475725', '072380478', '2008-01-16 00:00:00', 0, NULL, NULL, 0, NULL, NULL, 1, 1, 1, '10', '2022-11-29 22:43:46', NULL, NULL),
	(264, 'SURIATI BINTI IBRAHIM', '830615016280', NULL, 51, 1, 17, 41, 4, 1, 3, '$2y$10$5lCOVDN/s1U0KQeHWb5pz.PhbGu5N7P11ijvzV.EbyrRjlOEoTNfW', 'suriati83jm@yahoo.com', '019-7446812', '0197446812', '2007-09-24 00:00:00', 0, NULL, NULL, 0, NULL, NULL, 1, 2, 1, NULL, '2022-11-29 10:25:08', NULL, NULL),
	(266, 'MOHD ARIFF BIN MOHD SAMANI', '830725015027', NULL, 1, 1, 1, 5, 3, 1, 1, '$2y$10$ThmncVm.diWXCqcFCSDSPeq282AAJ1l/wUti8NHIc1ZD0YvvnWH9u', 'ariff@johor.gov.my', '0167408480', '072222386', '2009-03-02 00:00:00', 0, NULL, NULL, 0, NULL, NULL, 1, 1, 1, '10', '2022-11-29 22:44:00', NULL, NULL),
	(267, 'NOORDIANA BINTI ABDUL LATIFF', '860612236074', NULL, 42, 1, 5, 52, 1, 1, 3, '$2y$10$YCN8RwFoRjcxkfH0fYF1ye5dTn6SNOwSpWckACjh/nKo5lvAcBDJO', 'nordiana.latif@johor.gov.my', '016-7710417', '0167710417', '2014-03-02 00:00:00', 0, NULL, NULL, 0, NULL, NULL, 1, 2, 1, NULL, '2022-11-29 11:27:24', NULL, NULL),
	(268, 'FAIZAH BINTI OTHMAN', '760227016480', NULL, 42, 1, 5, 38, 5, 1, 3, '$2y$10$wN/0dUrQ.m66LWPsGOaZWuyKSdHm3PBZikqH/klRiifEoFXb/GF4y', 'faieaca76@gmail.com', '0127513163', '0127513163', '2001-02-01 00:00:00', 0, NULL, NULL, 0, NULL, NULL, 1, 2, 1, NULL, '2022-11-29 11:29:18', NULL, NULL),
	(269, 'MAIMUN BINTI ABDUL HAMID', '680325086140', NULL, 53, 1, 17, 18, 4, 5, 3, '$2y$10$zllCrsSr8N.HSgOdZAaoPe8BPk7YISemLaqESC4DIghdM.IOqok96', 'maimunhamid68@gmail.com', '01159942769', '01159942769', '1992-10-15 00:00:00', 0, NULL, NULL, 0, NULL, NULL, 1, 2, 1, NULL, '2022-11-29 11:35:21', NULL, NULL),
	(273, 'NURUL ASHIKIN BINTI ABD SAMAD', '830928055256', NULL, 43, 1, 31, 24, 4, 1, 64, '$2y$10$urXnCKT6ILb4YQvjq8v6l.EH9LEJyFireJzridFN6UjAlUJTM1Pga', 'scatterxheart@gmail.com', '0123928492', '0123928492', '2009-05-04 00:00:00', 0, NULL, NULL, 0, NULL, NULL, 1, 1, 1, '274', '2022-11-30 10:23:48', NULL, NULL),
	(274, 'ASMAH BINTI GHANI', '830708015594', NULL, 9, 1, 5, 5, 3, 1, 64, '$2y$10$OAjEZmThthmbPZMpiT1Hzu1xTMcrGP6gSpX8W/StdZYNkEKQbzHqO', 'asmah.ghani@johor.gov.my', '0127156040', '', '2008-05-14 00:00:00', 0, NULL, NULL, 0, NULL, NULL, 1, 1, 1, '274', '2022-11-30 10:23:48', NULL, NULL),
	(275, 'NORIZAH TAMBUNAN BINTI NORDIN', '780320016942', NULL, 9, 1, 5, 26, 3, 4, 64, '$2y$10$VahxdBdwzW7Esn/zr1WCSOkg8YjeANDXnWFMaXet2UMQYYuL5mrkW', 'norizah.tambunan@johor.gov.my', '012-7869860', '074341333', '2008-05-14 00:00:00', 0, NULL, NULL, 0, NULL, NULL, 1, 1, 2, NULL, '2022-11-29 16:45:07', NULL, NULL),
	(276, 'OTHMAN BIN MUSA', '651208015113', NULL, 9, 1, 5, 26, 3, 1, 64, '$2y$10$Gv0gPQqL8jDLfrjjxcPUQesWJ3XgW7TzZthrmVdpIUPQENyQ6i6r6', 'othman.musa@johor.gov.my', '0126972773', '', '2008-05-14 00:00:00', 0, NULL, NULL, 0, NULL, NULL, 1, 1, 2, NULL, '2022-11-29 16:52:14', NULL, NULL),
	(277, 'NORITA BINTI HARON', '750213015306', NULL, 9, 1, 5, 18, 3, 1, 64, '$2y$10$pDfA.Kz1yOVbImtxyLdj6Otq4GMrmnnSH6U4CbB1QQoBVT17P3OQq', 'norita_haron@johor.gov.my', '019-7227374', '', '2004-03-16 00:00:00', 0, NULL, NULL, 0, NULL, NULL, 1, 1, 2, NULL, '2022-11-29 16:54:09', NULL, NULL),
	(278, 'NORIZAH TAMBUNAN BINTI NORDIN', '780320016942', NULL, 9, 1, 5, 26, 3, 4, 64, '$2y$10$AST5r5VUFd8xjO6kn96b9uvuoPu6kltDkPCY46ydTPbx0hv49AWaK', 'norizah.tambunan@johor.gov.my', '012-7869860', '074341333', '2008-05-14 00:00:00', 0, NULL, NULL, 0, NULL, NULL, 1, 1, 1, '274', '2022-11-30 10:23:48', NULL, NULL),
	(279, 'NUR FATIN BINTI JASMIN', '890201015848', NULL, 45, 1, 6, 5, 3, 1, 64, '$2y$10$sTi0pmW3qZ8YCadFk1rwOenxa4CHyD08MFeq9CuYh9OMZFOf8odJW', 'nfatin@johor.gov.my', '0177139533', '0177139533', '2017-04-02 00:00:00', 0, NULL, NULL, 0, NULL, NULL, 1, 1, 1, '10', '2022-11-30 10:57:43', NULL, NULL),
	(280, 'JAMIAH BINTI HAMZAH', '820722015890', NULL, 45, 1, 6, 26, 3, 1, 3, '$2y$10$AC2ETh1K8UcTXhiHxT83R.h5FSYjO05/U4t9TK/HMMxCrgmCxRllK', 'jamiah_hamzah@johor.gov.my', '019-6686910', '', '2006-06-02 00:00:00', 0, NULL, NULL, 0, NULL, NULL, 1, 1, 2, NULL, '2022-11-30 10:06:11', NULL, NULL),
	(281, 'JAMIAH BINTI HAMZAH', '820722015890', NULL, 45, 1, 6, 26, 3, 1, 3, '$2y$10$14L9aQEbQcftPzQzfTOHK.P6m6NZDsW02hfI1zIzDv.bWdPPf1uxq', 'jamiah_hamzah@johor.gov.my', '019-6686910', '', '2006-06-02 00:00:00', 0, NULL, NULL, 0, NULL, NULL, 1, 1, 2, NULL, '2022-11-30 10:49:12', NULL, NULL),
	(282, 'NORITA BINTI HARON', '750213015306', NULL, 9, 1, 5, 18, 3, 1, 64, '$2y$10$Dmozs3SzqZ5H0H1tf7IJoOrqx0b.s4fJ1pBIfzee5bhj.pQqRfDHG', 'norita_haron@johor.gov.my', '019-7227374', '', '2004-03-16 00:00:00', 0, NULL, NULL, 0, NULL, NULL, 1, 1, 1, '10', '2022-11-30 12:35:58', NULL, NULL),
	(283, 'ASFIAH BINTI MARTUNI', '730310015262', NULL, 42, 1, 5, 38, 3, 1, 3, '$2y$10$8AxB1/JkkCS5uUbTPUFRj.yQdYtAladeO3DRdoDTnbzSr0/Blr8km', 'asfiah.martuni@johor.gov.my', '0137234496', '0137234496', '2008-03-17 00:00:00', 0, NULL, NULL, 0, NULL, NULL, 1, 1, 1, '234', '2022-11-30 11:09:49', NULL, NULL),
	(284, 'JAMIAH BINTI HAMZAH', '820722015890', NULL, 45, 1, 6, 26, 3, 1, 3, '$2y$10$x0iO1YCG1ZeY9ZryxQiqs.2gy5Gq8PUsVMMwZfWMxIvzR45xrDpki', 'jamiah_hamzah@johor.gov.my', '019-6686910', '', '2006-06-02 00:00:00', 0, NULL, NULL, 0, NULL, NULL, 1, 1, 2, NULL, '2022-11-30 10:50:06', NULL, NULL),
	(285, 'RAMLAH BTE SULIMAN', '870515015236', NULL, 45, 1, 6, 5, 3, 1, 64, '$2y$10$Kzlq4Uc0NOy/KIj/M2F4Getnger5vdA6Crj2To93hB3/Ne.1B5.NG', 'missramlah@gmail.com', '0197101505', '', '2010-05-03 00:00:00', 0, NULL, NULL, 0, NULL, NULL, 1, 1, 1, '10', '2022-11-30 11:43:31', NULL, NULL),
	(286, 'MOHD FIRDAUS BIN MOHD SAF\'A                                                     ', '891010016367', NULL, 18, 1, 26, 60, 3, 1, 3, '$2y$10$hAD2isOuKndmwJj11OTC9.cVW4ZXLlSCtg2sEcgXU6ksdo/.T1bhO', 'daussafa89@gmail.com', '0189194346', '0189194346', '2021-02-01 00:00:00', 0, NULL, NULL, 0, NULL, NULL, 1, 1, 2, NULL, '2022-11-30 11:12:56', NULL, NULL),
	(287, 'HELMIZAM BIN ANAS', '871108235869', NULL, 45, 1, 6, 26, 5, 1, 3, '$2y$10$A07Mb0MeNMi2LOa.UBKJsuYZ5Ii6cAJGU0ZVrM9Gqdq5mLZsX5kC.', 'deqjam_946@yahoo.com', '019-7314410', '072355403', '2009-06-01 00:00:00', 0, NULL, NULL, 0, NULL, NULL, 1, 2, 1, NULL, '2022-11-30 12:06:41', NULL, NULL),
	(288, 'NORFARHANA BINTI MAHAMMADIN', '870523055238', NULL, 42, 1, 5, 52, 3, 1, 3, '$2y$10$OpadelVRK24ZJHAqPOp31OjnOtoj6yI5uCovaoSk0l.mDExIAi8G.', 'deqjam_946@yahoo.com', '0127978786', '0127978786', '2016-11-13 00:00:00', 0, NULL, NULL, 0, NULL, NULL, 1, 2, 0, NULL, '2022-11-30 12:08:57', '10', '2022-11-30 14:59:48'),
	(289, 'NORFARHANA BINTI MAHAMMADIN', '870523055238', NULL, 42, 1, 5, 52, 3, 1, 3, '$2y$10$iQRYgAWf8go3spDZIc9bOutAlW1E.t.xWCSfEYuIZdlWJADHcPeCO', 'deqjam_946@yahoo.com', '0127978786', '0127978786', '2016-11-13 00:00:00', 0, NULL, NULL, 0, NULL, NULL, 1, 2, 0, NULL, '2022-11-30 15:01:42', '10', '2022-11-30 15:14:54'),
	(290, 'NORFARHANA BINTI MAHAMMADIN', '870523055238', NULL, 42, 1, 5, 52, 3, 1, 3, '$2y$10$FHNEkrUzeiFqRqkVvZYfU.zW3S1maFy4AodrFm9M.IFV55sUtrpb.', 'deqjam_946@yahoo.com', '0127978786', '0127978786', '2016-11-13 00:00:00', 0, NULL, NULL, 0, NULL, NULL, 1, 2, 0, NULL, '2022-11-30 15:01:46', '10', '2022-11-30 15:15:05'),
	(291, 'NORFARHANA BINTI MAHAMMADIN', '870523055238', NULL, 42, 1, 5, 52, 3, 1, 3, '$2y$10$QNGwyN53VMi6DyQK6Wl2GevLyhgMQi2pr2JsOxFeI9Spt.ug4afIO', 'deqjam_946@yahoo.com', '0127978786', '0127978786', '2016-11-13 00:00:00', 0, NULL, NULL, 0, NULL, NULL, 1, 1, 1, NULL, '2022-11-30 15:15:45', NULL, NULL),
	(292, 'OTHMAN BIN MUSA', '651208015113', NULL, 9, 1, 5, 26, 3, 1, 3, '$2y$10$x.KYK3yIAbe13fmmYCjqoONbCbhgmBKtgklMOVf97YwTGFctwZxdC', 'othman.musa@johor.gov.my', '0126972773', '', '2008-05-14 00:00:00', 0, NULL, NULL, 0, NULL, NULL, 1, 1, 2, NULL, '2022-12-01 09:25:04', NULL, NULL),
	(293, 'MUHAMMAD ABU BAKAR BIN AZHARI', '971202018041', NULL, 42, 1, 5, 52, 3, 1, 64, '$2y$10$lm2XMO9eSpatSecdpANbgO934nOTH1TO6cP.srt2NMI.xPUG7h2o6', 'abubakar.azhari@johor.gov.my', '0127921271', '0127921271', '2020-02-02 00:00:00', 0, NULL, NULL, 0, NULL, NULL, 1, 1, 1, NULL, '2022-12-01 09:26:40', NULL, NULL),
	(294, 'TENGKU TARMIZI BIN T. AZIZ', '820127115539', NULL, 44, 1, 8, 24, 5, 1, 69, '$2y$10$S2LSFhvSRh/PRcl6Tk3n..pbNCy269ti5ETz69UHZkJ2/yTZEMGbe', 'tengkutarmizi@mbjb.gov.my', '016-7707086', '0167707086', '2009-12-07 00:00:00', 0, NULL, NULL, 0, NULL, NULL, 1, 1, 0, '10', '2022-12-02 16:36:08', '10', '2022-12-02 16:36:33'),
	(295, 'TENGKU TARMIZI BIN T. AZIZ', '820127115539', NULL, 44, 1, 8, 24, 5, 1, 69, '$2y$10$ArT87xwGyq/yPr36WZSMsOtsU6yn1RhfMkkVXVPbXr.l8R0y3Q7v.', 'tengkutarmizi@mbjb.gov.my', '016-7707086', '0167707086', '2009-12-07 00:00:00', 0, NULL, NULL, 0, NULL, NULL, 1, 1, 0, '10', '2022-12-02 16:38:30', '10', '2022-12-02 16:42:44'),
	(296, 'TENGKU TARMIZI BIN T. AZIZ', '820127115539', NULL, 44, 1, 8, 24, 5, 1, 3, '$2y$10$iIltBFkodqR7OKX58fELY.HR2Rw08GB1r3/jPcbj0yB6gYlxt97c2', 'tengkutarmizi@mbjb.gov.my', '016-7707086', '0167707086', '2009-12-07 00:00:00', 0, NULL, NULL, 0, NULL, NULL, 1, 1, 2, NULL, '2022-12-02 16:43:05', NULL, NULL);
/*!40000 ALTER TABLE `users` ENABLE KEYS */;

-- Dumping structure for table staging_epro_kuarters_johor.users_address_house
CREATE TABLE IF NOT EXISTS `users_address_house` (
  `id` int(11) NOT NULL AUTO_INCREMENT,
  `users_id` int(11) DEFAULT NULL,
  `address_1` text,
  `address_2` text,
  `address_3` text,
  `postcode` varchar(50) DEFAULT NULL,
  `phone_no_house` varchar(50) DEFAULT NULL,
  `latitude` decimal(10,10) DEFAULT NULL,
  `longitude` decimal(10,10) DEFAULT NULL,
  `distance` double DEFAULT '0',
  `address_type` int(11) DEFAULT NULL COMMENT '1:TETAP;2:SURAT MENYURAT',
  `data_status` tinyint(4) DEFAULT '1',
  `action_by` int(11) DEFAULT NULL,
  `action_on` datetime DEFAULT NULL,
  `delete_by` int(11) DEFAULT NULL,
  `delete_on` datetime DEFAULT NULL,
  PRIMARY KEY (`id`),
  KEY `FK_users_address_house_users` (`users_id`),
  KEY `FK_users_address_house_users_2` (`action_by`),
  KEY `FK_users_address_house_users_3` (`delete_by`),
  CONSTRAINT `FK_users_address_house_users` FOREIGN KEY (`users_id`) REFERENCES `users` (`id`) ON DELETE NO ACTION ON UPDATE NO ACTION
) ENGINE=InnoDB AUTO_INCREMENT=198 DEFAULT CHARSET=latin1;

-- Dumping data for table staging_epro_kuarters_johor.users_address_house: ~139 rows (approximately)
/*!40000 ALTER TABLE `users_address_house` DISABLE KEYS */;
INSERT INTO `users_address_house` (`id`, `users_id`, `address_1`, `address_2`, `address_3`, `postcode`, `phone_no_house`, `latitude`, `longitude`, `distance`, `address_type`, `data_status`, `action_by`, `action_on`, `delete_by`, `delete_on`) VALUES
	(1, 19, 'No 10 Jalan Kobis', 'Kampung Sayor', 'Johor Bahru', '81199', '073342122', NULL, NULL, 0, 1, 1, NULL, NULL, NULL, NULL),
	(2, 19, 'No 10 Jalan Kobis', 'Kampung Sayor', 'Johor Bahru', '81199', '073342122', NULL, NULL, 0, 2, 1, NULL, NULL, NULL, NULL),
	(3, 10, 'No 10 Jalan Kobis', 'Kampung Sayor', 'Johor Bahru', '81199', '073342122', NULL, NULL, 0, 1, 1, NULL, NULL, NULL, NULL),
	(4, 48, 'No 14 Jalan Bukit Mutiara 6', 'Taman Bukit Mutiara', 'Johor Bahru', '81110', '074322630', NULL, NULL, 0, 1, 1, NULL, NULL, NULL, NULL),
	(5, 49, 'No 2 Jalan Perjiranan 15', 'Bandar Dato Onn', 'Johor Bahru', '81110', '074855254', NULL, NULL, 0, 1, 1, NULL, NULL, NULL, NULL),
	(6, 50, 'A-14-G9, Blok A Perumahan Iskandar', 'Gelang Patah', 'Johor Bahru', '71900', '078544141', NULL, NULL, 0, 1, 1, NULL, NULL, NULL, NULL),
	(7, 51, 'No 8 Jalan Dahlia', 'Taman Dahlia', 'Johor Bahru', '81400', '074855474', NULL, NULL, 0, 1, 1, NULL, NULL, NULL, NULL),
	(8, 52, 'No 10 Jalan Kejayaan', 'Taman Universiti', 'Johor Bahru', '71800', '078455748', NULL, NULL, 0, 1, 1, NULL, NULL, NULL, NULL),
	(9, 48, 'No 14 Jalan Bukit Mutiara 6', 'Taman Bukit Mutiara', 'Johor Bahru', '81110', '074322630', NULL, NULL, 0, 2, 1, NULL, NULL, NULL, NULL),
	(10, 49, 'No 2 Jalan Perjiranan 15', 'Bandar Dato Onn', 'Johor Bahru', '81110', '074855254', NULL, NULL, 0, 2, 1, NULL, NULL, NULL, NULL),
	(11, 50, 'A-14-G9, Blok A Perumahan Iskandar', 'Gelang Patah', 'Johor Bahru', '71900', '078544141', NULL, NULL, 0, 2, 1, NULL, NULL, NULL, NULL),
	(12, 51, 'No 8 Jalan Dahlia', 'Taman Dahlia', 'Johor Bahru', '81400', '074855474', NULL, NULL, 0, 2, 1, NULL, NULL, NULL, NULL),
	(13, 52, 'No 10 Jalan Kejayaan', 'Taman Universiti', 'Johor Bahru', '71800', '078455748', NULL, NULL, 0, 2, 1, NULL, NULL, NULL, NULL),
	(14, 68, 'No 10, Jalan Jaya Putra', 'Taman JP Perdana', 'Johor Bahru', '81100', NULL, NULL, NULL, 0, 1, 1, NULL, NULL, NULL, NULL),
	(15, 68, 'No 10, Jalan Jaya Putra', 'Taman JP Perdana', 'Johor Bahru', '81100', NULL, NULL, NULL, 0, 2, 1, NULL, NULL, NULL, NULL),
	(16, 69, 'No 5 Jalan Bukit Mutiara 8', 'Taman Bukit Mutiara', 'Johor Bahru', '81100', '074434123', NULL, NULL, 0, 1, 1, NULL, NULL, NULL, NULL),
	(17, 70, 'No 18 Jalan Setia', 'Taman Setia Indah', 'Johor Bahru', '81100', '091127212', NULL, NULL, 0, 1, 1, NULL, NULL, NULL, NULL),
	(18, 70, 'No 18 Jalan Setia', 'Taman Setia Indah', 'Johor Bahru', '81100', '078989898', NULL, NULL, 0, 2, 1, NULL, NULL, NULL, NULL),
	(19, 69, 'No 5 Jalan Bukit Mutiara 8', 'Taman Bukit Mutiara', 'Johor Bahru', '81100', '067863452', NULL, NULL, 0, 2, 1, NULL, NULL, NULL, NULL),
	(20, 71, 'No 27 Jalan Indah 7/1', 'Taman Bukit Indah', 'Nusajaya', '79100', '071231231', NULL, NULL, 0, 1, 1, NULL, NULL, NULL, NULL),
	(21, 71, 'No 27 Jalan Indah 7/1', 'Taman Bukit Indah', 'Nusajaya', '79100', '071231231', NULL, NULL, 0, 2, 1, NULL, NULL, NULL, NULL),
	(22, 72, 'No 19 Jalan Putra 7 ', 'Taman Sri Yakkob', 'Skudai', '81300', '097655455', NULL, NULL, 0, 1, 1, NULL, NULL, NULL, NULL),
	(23, 72, 'No 19 Jalan Putra 7 ', 'Taman Sri Yakkob', 'Skudai', '81300', '097655455', NULL, NULL, 0, 2, 1, NULL, NULL, NULL, NULL),
	(24, 73, 'No 21 Jalan NB2 7/5', 'Taman Nusa Bistari 2', 'Skudai', '81300', '071235667', NULL, NULL, 0, 1, 1, NULL, NULL, NULL, NULL),
	(25, 73, 'No 21 Jalan NB2 7/5', 'Taman Nusa Bistari 2', 'Skudai', '81300', '071235667', NULL, NULL, 0, 2, 1, NULL, NULL, NULL, NULL),
	(26, 74, 'No 24 Jalan Ceria 14', 'Taman Nusa Indah', 'Johor Bahru', '81200', '071231235', NULL, NULL, 0, 1, 1, NULL, NULL, NULL, NULL),
	(27, 74, 'No 24 Jalan Ceria 14', 'Taman Nusa Indah', 'Johor Bahru', '81200', '071231235', NULL, NULL, 0, 2, 1, NULL, NULL, NULL, NULL),
	(28, 101, '14, Jalan Dedap 13', 'Taman Johor Jaya', 'Johor Bahru', '81100', '074233652', NULL, NULL, 0, 1, 1, NULL, NULL, NULL, NULL),
	(29, 101, '14, Jalan Dedap 13', 'Taman Johor Jaya', 'Johor Bahru', '81100', '074233652', NULL, NULL, 0, 2, 1, NULL, NULL, NULL, NULL),
	(30, 102, '21, Jalan Mawar 21', 'Taman Mawar', 'Pasir Gudang', '81700', '079655858', NULL, NULL, 0, 1, 1, NULL, NULL, NULL, NULL),
	(31, 102, '21, Jalan Mawar 21', 'Taman Mawar', 'Pasir Gudang', '81700', '079655858', NULL, NULL, 0, 2, 1, NULL, NULL, NULL, NULL),
	(32, 103, '6, Jalan Nusa Perintis 4/7', 'Taman Nusa Perintis', 'Gelang Patah', '81550', '079688542', NULL, NULL, 0, 1, 1, NULL, NULL, NULL, NULL),
	(33, 103, '6, Jalan Nusa Perintis 4/7', 'Taman Nusa Perintis', 'Gelang Patah', '81550', '079688542', NULL, NULL, 0, 2, 1, NULL, NULL, NULL, NULL),
	(34, 104, '5, Jalan Simbang 9', 'Taman Perling', 'Johor Bahru', '81200', '074255215', NULL, NULL, 0, 1, 1, NULL, NULL, NULL, NULL),
	(35, 104, '5, Jalan Simbang 9', 'Taman Perling', 'Johor Bahru', '81200', '074255215', NULL, NULL, 0, 2, 1, NULL, NULL, NULL, NULL),
	(36, 105, '27, Jalan Uda Utama 2/1', 'Bandar Uda Utama', 'Johor Bahru', '81200', '079699658', NULL, NULL, 0, 1, 1, NULL, NULL, NULL, NULL),
	(37, 105, '27, Jalan Uda Utama 2/1', 'Bandar Uda Utama', 'Johor Bahru', '81200', '079699658', NULL, NULL, 0, 2, 1, NULL, NULL, NULL, NULL),
	(38, 106, '1, Jalan Setia Tropika 3/4', 'Setia Tropika', 'Johor Bahru', '81200', '078599669', NULL, NULL, 0, 1, 1, NULL, NULL, NULL, NULL),
	(39, 106, '1, Jalan Setia Tropika 3/4', 'Setia Tropika', 'Johor Bahru', '81200', '078599669', NULL, NULL, 0, 2, 1, NULL, NULL, NULL, NULL),
	(40, 107, '14, Jalan Bukit Mutiara 5', 'Taman Bukit Mutiara', 'Johor Bahru', '81100', '078544777', NULL, NULL, 0, 1, 1, NULL, NULL, NULL, NULL),
	(41, 107, '14, Jalan Bukit Mutiara 5', 'Taman Bukit Mutiara', 'Johor Bahru', '81100', '078544777', NULL, NULL, 0, 2, 1, NULL, NULL, NULL, NULL),
	(42, 108, '44, Jalan Pulai Perdana 9/2', 'Taman Sri Pulai Perdana', 'Johor Bahru', '81110', '079633258', NULL, NULL, 0, 1, 1, NULL, NULL, NULL, NULL),
	(43, 108, '44, Jalan Pulai Perdana 9/2', 'Taman Sri Pulai Perdana', 'Johor Bahru', '81110', '079633258', NULL, NULL, 0, 2, 1, NULL, NULL, NULL, NULL),
	(44, 109, '20, Jalan Perjiranan 10/2', 'Bandar Dato Onn', 'Johor Bahru', '81110', '079666969', NULL, NULL, 0, 1, 1, NULL, NULL, NULL, NULL),
	(45, 109, '20, Jalan Perjiranan 10/2', 'Bandar Dato Onn', 'Johor Bahru', '81110', '079666969', NULL, NULL, 0, 2, 1, NULL, NULL, NULL, NULL),
	(46, 110, '107, Jalan Semangkok 2', 'Taman Istimewa', 'Johor Bahru', '81100', '078544784', NULL, NULL, 0, 1, 1, NULL, NULL, NULL, NULL),
	(47, 110, '107, Jalan Semangkok 2', 'Taman Istimewa', 'Johor Bahru', '81100', '078544784', NULL, NULL, 0, 2, 1, NULL, NULL, NULL, NULL),
	(48, 118, '21, Jalan Kembia', 'Taman Puteri Wangsa', 'Ulu Tiram', '81800', '079622547', NULL, NULL, 0, 1, 1, NULL, NULL, NULL, NULL),
	(49, 118, '21, Jalan Kembia', 'Taman Puteri Wangsa', 'Ulu Tiram', '81800', '079622547', NULL, NULL, 0, 2, 1, NULL, NULL, NULL, NULL),
	(50, 119, '21, Jalan Kempas Indah 4/4', 'Taman Kempas Indah', 'Johor Bahru', '81100', '078522365', NULL, NULL, 0, 1, 1, NULL, NULL, NULL, NULL),
	(51, 119, '21, Jalan Kempas Indah 4/4', 'Taman Kempas Indah', 'Johor Bahru', '81100', '078522365', NULL, NULL, 0, 2, 1, NULL, NULL, NULL, NULL),
	(52, 120, '29, Jalan Dian 5', 'Taman Munsyi Ibrahim', 'Johor Bahru', '81200', '074599325', NULL, NULL, 0, 1, 1, NULL, NULL, NULL, NULL),
	(53, 120, '29, Jalan Dian 5', 'Taman Munsyi Ibrahim', 'Johor Bahru', '81200', '074599325', NULL, NULL, 0, 2, 1, NULL, NULL, NULL, NULL),
	(54, 121, '13, Jalan Dian 5', 'Taman Munsyi Ibrahim', 'Johor Bahru', '81200', '074522696', NULL, NULL, 0, 1, 1, NULL, NULL, NULL, NULL),
	(55, 121, '13, Jalan Dian 5', 'Taman Munsyi Ibrahim', 'Johor Bahru', '81200', '074522696', NULL, NULL, 0, 2, 1, NULL, NULL, NULL, NULL),
	(56, 130, '2, Jalan Perjiranan10/2', 'Bandar Dato Onn', 'Johor Bahru', '81200', '074855245', NULL, NULL, 0, 1, 1, NULL, NULL, NULL, NULL),
	(57, 130, '2, Jalan Perjiranan10/2', 'Bandar Dato Onn', 'Johor Bahru', '81200', '074855245', NULL, NULL, 0, 2, 1, NULL, NULL, NULL, NULL),
	(58, 131, '14, Jalan Bukit Mutiara 5', 'Taman Bukit Mutiara', 'Johor Bahru', '81100', '074522632', NULL, NULL, 0, 1, 1, NULL, NULL, NULL, NULL),
	(59, 131, '14, Jalan Bukit Mutiara 5', 'Taman Bukit Mutiara', 'Johor Bahru', '81100', '074522632', NULL, NULL, 0, 2, 1, NULL, NULL, NULL, NULL),
	(60, 132, '14, Jalan Dedap 13', 'Taman Johor Jaya', 'Johor Bahru', '81100', '078555858', NULL, NULL, 0, 1, 1, NULL, NULL, NULL, NULL),
	(61, 132, '14, Jalan Dedap 13', 'Taman Johor Jaya', 'Johor Bahru', '81100', '078555858', NULL, NULL, 0, 2, 1, NULL, NULL, NULL, NULL),
	(62, 133, '5, Jalan Simbang 9', 'Taman Perling', 'Johor Bahru', '81100', '074522528', NULL, NULL, 0, 1, 1, NULL, NULL, NULL, NULL),
	(63, 133, '5, Jalan Simbang 9', 'Taman Perling', 'Johor Bahru', '81100', '074522528', NULL, NULL, 0, 2, 1, NULL, NULL, NULL, NULL),
	(64, 134, '28, Jalan Uda Utama 2/1', 'Bandar Uda Utama', 'Johor Bahru', '81100', '074522528', NULL, NULL, 0, 1, 1, NULL, NULL, NULL, NULL),
	(65, 134, '28, Jalan Uda Utama 2/1', 'Bandar Uda Utama', 'Johor Bahru', '81100', '074522528', NULL, NULL, 0, 2, 1, NULL, NULL, NULL, NULL),
	(66, 135, '22, Jalan Kembia', 'Taman Puteri Wangsa', 'Johor Bahru', '81800', '074522528', NULL, NULL, 0, 1, 1, NULL, NULL, NULL, NULL),
	(67, 135, '22, Jalan Kembia', 'Taman Puteri Wangsa', 'Johor Bahru', '81800', '074522528', NULL, NULL, 0, 2, 1, NULL, NULL, NULL, NULL),
	(68, 136, '25, Jalan Setia Tropika 3/4', 'Setia Tropika', 'Johor Bahru', '81200', '074522528', NULL, NULL, 0, 1, 1, NULL, NULL, NULL, NULL),
	(69, 136, '25, Jalan Setia Tropika 3/4', 'Setia Tropika', 'Johor Bahru', '81200', '074522528', NULL, NULL, 0, 2, 1, NULL, NULL, NULL, NULL),
	(70, 137, '100, Jalan Semangkok 2', 'Taman Istimewa', 'Johor Bahru', '81100', '074522528', NULL, NULL, 0, 1, 1, NULL, NULL, NULL, NULL),
	(71, 137, '100, Jalan Semangkok 2', 'Taman Istimewa', 'Johor Bahru', '81100', '074522528', NULL, NULL, 0, 2, 1, NULL, NULL, NULL, NULL),
	(72, 138, '15, Jalan Dian 5', 'Taman Munsyi Ibrahim', 'Johor Bahru', '81200', '074522528', NULL, NULL, 0, 1, 1, NULL, NULL, NULL, NULL),
	(73, 138, '15, Jalan Dian 5', 'Taman Munsyi Ibrahim', 'Johor Bahru', '81200', '074522528', NULL, NULL, 0, 2, 1, NULL, NULL, NULL, NULL),
	(74, 139, '15, Jalan Bukit Mutiara 6', 'Taman Bukit Mutiara', 'Johor Bahru', '81100', '074522528', NULL, NULL, 0, 1, 1, NULL, NULL, NULL, NULL),
	(75, 139, '15, Jalan Bukit Mutiara 6', 'Taman Bukit Mutiara', 'Johor Bahru', '81100', '074522528', NULL, NULL, 0, 2, 1, NULL, NULL, NULL, NULL),
	(76, 140, '26, Jalan Kempas Indah 4/4', 'Taman Kempas Indah', 'Johor Bahru', '81100', '074522528', NULL, NULL, 0, 1, 1, NULL, NULL, NULL, NULL),
	(77, 140, '26, Jalan Kempas Indah 4/4', 'Taman Kempas Indah', 'Johor Bahru', '81100', '074522528', NULL, NULL, 0, 2, 1, NULL, NULL, NULL, NULL),
	(78, 141, '42, Jalan Pulai Perdana 9/2', 'Taman Sri Pulai Perdana', 'Johor Bahru', '81100', '074522528', NULL, NULL, 0, 1, 1, NULL, NULL, NULL, NULL),
	(79, 141, '42, Jalan Pulai Perdana 9/2', 'Taman Sri Pulai Perdana', 'Johor Bahru', '81100', '074522528', NULL, NULL, 0, 2, 1, NULL, NULL, NULL, NULL),
	(82, 228, 'NO.37, JALAN PI 4/11', 'TAMAN PULAI INDAH', 'KANGKAR PULAI', '81110', NULL, 0.0000000000, 0.0000000000, 0, 1, 1, NULL, '2022-11-13 11:28:51', NULL, NULL),
	(83, 228, 'NO.37, JALAN PI 4/11', 'TAMAN PULAI INDAH', 'KANGKAR PULAI', '81110', NULL, 0.0000000000, 0.0000000000, 0, 2, 1, NULL, '2022-11-13 11:28:52', NULL, NULL),
	(86, 230, '1631-E JALAN PANJI ALAM', '21100 KUALA TERENGGANU', '', '21100', NULL, 0.0000000000, 0.0000000000, 0, 1, 1, NULL, '2022-11-13 12:47:57', NULL, NULL),
	(87, 230, 'MBJB', 'PETI SURAT 232', '', '80720', NULL, 0.0000000000, 0.0000000000, 0, 2, 1, NULL, '2022-11-13 12:47:58', NULL, NULL),
	(90, 232, 'NO. 13, JLN. LURAH 18,', 'KEMPAS BARU, JOHOR BAHRU', '', '81200', NULL, 0.9999999999, 0.9999999999, 0, 1, 1, NULL, '2022-11-13 14:10:33', NULL, NULL),
	(91, 232, 'NO. 13, JLN. LURAH 18,', 'KEMPAS BARU, JOHOR BAHRU', '', '81200', NULL, 0.9999999999, 0.9999999999, 0, 2, 1, NULL, '2022-11-13 14:10:34', NULL, NULL),
	(92, 233, '20 JALAN UDA UTAMA 6/3', 'BANDAR UDA UTAMA', 'JOHOR BAHRU', '81200', NULL, 0.0000000000, 0.0000000000, 0, 1, 1, NULL, '2022-11-14 09:43:09', NULL, NULL),
	(93, 233, '20 JALAN BUU 6/3', 'BANDAR UDA UTAMA', 'JOHOR BAHRU', '81200', NULL, 0.0000000000, 0.0000000000, 0, 2, 1, NULL, '2022-11-14 09:43:09', NULL, NULL),
	(94, 234, 'NO.37, JALAN PI 4/11', 'TAMAN PULAI INDAH', 'KANGKAR PULAI', '81110', NULL, 0.0000000000, 0.0000000000, 0, 1, 1, NULL, '2022-11-14 09:45:01', NULL, NULL),
	(95, 234, 'NO.37, JALAN PI 4/11', 'TAMAN PULAI INDAH', 'KANGKAR PULAI', '81110', NULL, 0.0000000000, 0.0000000000, 0, 2, 1, NULL, '2022-11-14 09:45:02', NULL, NULL),
	(96, 235, 'NO 29 JALAN PADI MALINJA12', 'BANDAR BARU UDA', '', '81200', NULL, 0.0000000000, 0.0000000000, 0, 1, 1, NULL, '2022-11-14 11:02:17', NULL, NULL),
	(97, 235, 'NO 29 JALAN PADI MALINJA12', 'BANDAR BARU UDA', '', '81200', NULL, 0.0000000000, 0.0000000000, 0, 2, 1, NULL, '2022-11-14 11:02:17', NULL, NULL),
	(98, 236, '27, Jalan Hang Lekiu 2,', 'Taman Skudai Baru, Fasa 3,', 'Skudai', '81300', NULL, 0.0000000000, 0.0000000000, 0, 1, 1, NULL, '2022-11-14 18:11:00', NULL, NULL),
	(99, 236, 'No. 23, Jalan Ariffin 1,', 'Kuarters Kerajaan Hulu Ayer Molek', '', '80100', NULL, 0.0000000000, 0.0000000000, 0, 2, 1, NULL, '2022-11-14 18:11:00', NULL, NULL),
	(100, 237, '27, Jalan Hang Lekiu 2,', 'Taman Skudai Baru, Fasa 3,', 'Skudai', '81300', NULL, 0.0000000000, 0.0000000000, 0, 1, 1, NULL, '2022-11-14 18:11:02', NULL, NULL),
	(101, 237, 'No. 23, Jalan Ariffin 1,', 'Kuarters Kerajaan Hulu Ayer Molek', '', '80100', NULL, 0.0000000000, 0.0000000000, 0, 2, 1, NULL, '2022-11-14 18:11:03', NULL, NULL),
	(102, 243, 'TL 41 Kampung Parit Kadir', '83210 Senggarang', 'Batu Pahat', '83210', NULL, 0.0000000000, 0.0000000000, 0, 1, 1, NULL, '2022-11-17 10:30:36', NULL, NULL),
	(103, 243, 'No 39 Jalan Nusaria 10/5', 'Taman Nusantara', 'Gelang Patah', '81550', NULL, 0.0000000000, 0.0000000000, 0, 2, 1, NULL, '2022-11-17 10:30:37', NULL, NULL),
	(104, 244, '4980-H', 'KG SIREH BAWAH LEMBAH', 'JALAN SULTANAH ZAINAB', '15050', NULL, 0.0000000000, 0.0000000000, 0, 1, 1, NULL, '2022-11-17 11:34:32', NULL, NULL),
	(105, 244, 'NO.23', 'JALAN ARIFFIN 1', 'KUARTERS KERAJAAN HULU AYER MOLEK', '80100', NULL, 0.0000000000, 0.0000000000, 0, 2, 1, NULL, '2022-11-17 11:34:33', NULL, NULL),
	(106, 246, 'NO. 3A, JALAN LAKSAMANA', 'TAMAN LAKSAMANA', '', '85000', NULL, 0.9999999999, 0.9999999999, 0, 1, 1, NULL, '2022-11-17 11:46:54', NULL, NULL),
	(107, 246, 'NO. 83 JALAN 10/21', 'TAMAN PERUMAHAN BAKTI 2', '', '81700', NULL, 0.9999999999, 0.9999999999, 0, 2, 1, NULL, '2022-11-17 11:46:54', NULL, NULL),
	(108, 247, 'No.7, Jalan Rimbun 1', 'Taman Serimbun', '', '79100', NULL, 0.0000000000, 0.0000000000, 0, 1, 1, NULL, '2022-11-22 09:01:36', NULL, NULL),
	(109, 247, 'No.7, Jalan Rimbun 1', 'Taman Serimbun', '', '79100', NULL, 0.0000000000, 0.0000000000, 0, 2, 1, NULL, '2022-11-22 09:01:36', NULL, NULL),
	(110, 248, 'NO. 4, JALAN HASSAN AL-ATTAS 1', '', '', '80100', NULL, 0.0000000000, 0.0000000000, 0, 1, 1, NULL, '2022-11-22 09:05:44', NULL, NULL),
	(111, 248, 'NO. 4, JALAN HASSAN AL-ATTAS 1', '', '', '80100', NULL, 0.0000000000, 0.0000000000, 0, 2, 1, NULL, '2022-11-22 09:05:45', NULL, NULL),
	(112, 249, 'NO. 13, JLN. LURAH 18,', 'KEMPAS BARU, JOHOR BAHRU', '', '81200', NULL, 0.9999999999, 0.9999999999, 0, 1, 1, NULL, '2022-11-22 22:04:05', NULL, NULL),
	(113, 249, 'NO. 13, JLN. LURAH 18,', 'KEMPAS BARU, JOHOR BAHRU', '', '81200', NULL, 0.9999999999, 0.9999999999, 0, 2, 1, NULL, '2022-11-22 22:04:05', NULL, NULL),
	(114, 250, 'No 43 Jln Bayu 3/4,', 'Tmn Nusa Bayu', '', '79200', NULL, 0.0000000000, 0.0000000000, 0, 1, 1, NULL, '2022-11-23 10:14:38', NULL, NULL),
	(115, 250, 'No 43 Jln Bayu 3/4,', 'Tmn Nusa Bayu', '', '79200', NULL, 0.0000000000, 0.0000000000, 0, 2, 1, NULL, '2022-11-23 10:14:39', NULL, NULL),
	(116, 251, 'No 12, Jalan Pulai Tuah 3', 'Bandar Baru Kangkar Pulai', 'Johor Bahru', '81110', NULL, 0.0000000000, 0.0000000000, 0, 1, 1, NULL, '2022-11-23 11:12:51', NULL, NULL),
	(117, 251, 'No 12, Jalan Pulai Tuah 3', 'Bandar Baru Kangkar Pulai', 'Johor Bahru', '81110', NULL, 0.0000000000, 0.0000000000, 0, 2, 1, NULL, '2022-11-23 11:12:52', NULL, NULL),
	(120, 253, 'No.7, Jalan Rimbun 1', 'Taman Serimbun', '', '79100', NULL, 0.0000000000, 0.0000000000, 0, 1, 1, NULL, '2022-11-23 11:50:50', NULL, NULL),
	(121, 253, 'No.7, Jalan Rimbun 1', 'Taman Serimbun', '', '79100', NULL, 0.0000000000, 0.0000000000, 0, 2, 1, NULL, '2022-11-23 11:50:51', NULL, NULL),
	(122, 254, 'NO. 13, JLN. LURAH 18,', 'KEMPAS BARU, JOHOR BAHRU', '', '81200', NULL, 0.9999999999, 0.9999999999, 0, 1, 1, NULL, '2022-11-28 20:50:16', NULL, NULL),
	(123, 254, 'NO. 13, JLN. LURAH 18,', 'KEMPAS BARU, JOHOR BAHRU', '', '81200', NULL, 0.9999999999, 0.9999999999, 0, 2, 1, NULL, '2022-11-28 20:50:17', NULL, NULL),
	(124, 255, '27, Jalan Hang Lekiu 2,', 'Taman Skudai Baru, Fasa 3,', 'Skudai', '81300', NULL, 0.0000000000, 0.0000000000, 0, 1, 1, NULL, '2022-11-28 21:14:47', NULL, NULL),
	(125, 255, 'No. 23, Jalan Ariffin 1,', 'Kuarters Kerajaan Hulu Ayer Molek', '', '80100', NULL, 0.0000000000, 0.0000000000, 0, 2, 1, NULL, '2022-11-28 21:14:48', NULL, NULL),
	(126, 256, 'NO. 3A, JALAN LAKSAMANA', 'TAMAN LAKSAMANA', '', '85000', NULL, 0.9999999999, 0.9999999999, 0, 1, 1, NULL, '2022-11-28 22:03:10', NULL, NULL),
	(127, 256, 'NO. 83 JALAN 10/21', 'TAMAN PERUMAHAN BAKTI 2', '', '81700', NULL, 0.9999999999, 0.9999999999, 0, 2, 1, NULL, '2022-11-28 22:03:11', NULL, NULL),
	(128, 257, 'NO. 13, JLN. LURAH 18,', 'KEMPAS BARU, JOHOR BAHRU', '', '81200', NULL, 0.9999999999, 0.9999999999, 0, 1, 1, NULL, '2022-11-28 22:26:28', NULL, NULL),
	(129, 257, 'NO. 13, JLN. LURAH 18,', 'KEMPAS BARU, JOHOR BAHRU', '', '81200', NULL, 0.9999999999, 0.9999999999, 0, 2, 1, NULL, '2022-11-28 22:26:28', NULL, NULL),
	(138, 264, 'NO 47, JLN MANGGIS', 'KG MAJU JAYA 2', '', '81500', NULL, 0.0000000000, 0.0000000000, 0, 1, 1, NULL, '2022-11-29 10:25:10', NULL, NULL),
	(139, 264, 'NO. 54, JALAN EMAS MERAH 1', 'TAMAN EMAS MERAH', 'PEKAN NANAS', '81500', NULL, 0.0000000000, 0.0000000000, 0, 2, 1, NULL, '2022-11-29 10:25:11', NULL, NULL),
	(142, 266, 'NO. 4, JALAN HASSAN AL-ATTAS 1', '', '', '80100', NULL, 0.0000000000, 0.0000000000, 0, 1, 1, NULL, '2022-11-29 11:22:50', NULL, NULL),
	(143, 266, 'NO. 4, JALAN HASSAN AL-ATTAS 1', '', '', '80100', NULL, 0.0000000000, 0.0000000000, 0, 2, 1, NULL, '2022-11-29 11:22:50', NULL, NULL),
	(144, 267, 'NO. 3A, JALAN LAKSAMANA', 'TAMAN LAKSAMANA', '', '85000', NULL, 0.9999999999, 0.9999999999, 0, 1, 1, NULL, '2022-11-29 11:27:25', NULL, NULL),
	(145, 267, 'NO. 83 JALAN 10/21', 'TAMAN PERUMAHAN BAKTI 2', '', '81700', NULL, 0.9999999999, 0.9999999999, 0, 2, 1, NULL, '2022-11-29 11:27:26', NULL, NULL),
	(146, 268, 'NO. 31 TKT 1 JALAN LIM SWEE SIM', 'KLUANG BARU', '', '86000', NULL, 0.0000000000, 0.0000000000, 0, 1, 1, NULL, '2022-11-29 11:29:23', NULL, NULL),
	(147, 268, 'NO. 31 TKT 1 JALAN LIM SWEE SIM', 'KLUANG BARU', '', '86000', NULL, 0.0000000000, 0.0000000000, 0, 2, 1, NULL, '2022-11-29 11:29:23', NULL, NULL),
	(148, 269, 'NO 33 JALAN IMPIAN 2/18', 'TAMAN IMPIAN JAYA', '', '81400', NULL, 0.9999999999, 0.9999999999, 0, 1, 1, NULL, '2022-11-29 11:35:23', NULL, NULL),
	(149, 269, 'NO 33 JALAN IMPIAN 2/18', 'TAMAN IMPIAN JAYA', '', '81400', NULL, 0.9999999999, 0.9999999999, 0, 2, 1, NULL, '2022-11-29 11:35:23', NULL, NULL),
	(150, 273, 'No 43 Jln Bayu 3/4,', 'Tmn Nusa Bayu', '', '79200', NULL, 0.0000000000, 0.0000000000, 0, 1, 1, NULL, '2022-11-29 12:22:25', NULL, NULL),
	(151, 273, 'No 43 Jln Bayu 3/4,', 'Tmn Nusa Bayu', '', '79200', NULL, 0.0000000000, 0.0000000000, 0, 2, 1, NULL, '2022-11-29 12:22:25', NULL, NULL),
	(152, 274, 'JKR 1098', 'JALAN UMNO', '', '82000', NULL, 0.0000000000, 0.0000000000, 0, 1, 1, NULL, '2022-11-29 16:44:02', NULL, NULL),
	(153, 274, 'JKR 1098', 'JALAN UMNO', '', '82000', NULL, 0.0000000000, 0.0000000000, 0, 2, 1, NULL, '2022-11-29 16:44:03', NULL, NULL),
	(154, 275, 'NO.3, JALAN BEREMBANG,', 'TAMAN NIRA, BATU PAHAT', '', '83000', NULL, 0.0000000000, 0.0000000000, 0, 1, 1, NULL, '2022-11-29 16:45:08', NULL, NULL),
	(155, 275, 'NO.3, JALAN BEREMBANG,', 'TAMAN NIRA, BATU PAHAT', '', '83000', NULL, 0.0000000000, 0.0000000000, 0, 2, 1, NULL, '2022-11-29 16:45:09', NULL, NULL),
	(156, 276, 'POS 13, Lorong Abu Bakar', 'Parit Amal Darat', 'Jalan Dato\' Hj. Kosai', '84000', NULL, 0.0000000000, 0.0000000000, 0, 1, 1, NULL, '2022-11-29 16:52:16', NULL, NULL),
	(157, 276, 'POS 13, Lorong Abu Bakar', 'Parit Amal Darat', 'Jalan Dato\' Hj. Kosai', '84000', NULL, 0.0000000000, 0.0000000000, 0, 2, 1, NULL, '2022-11-29 16:52:16', NULL, NULL),
	(158, 277, 'NO. 15, Blok 1', 'Felda Papan Timur', '', '81900', NULL, 0.0000000000, 0.0000000000, 0, 1, 1, NULL, '2022-11-29 16:54:11', NULL, NULL),
	(159, 277, 'NO. 15, Blok 1', 'Felda Papan Timur', '', '81900', NULL, 0.0000000000, 0.0000000000, 0, 2, 1, NULL, '2022-11-29 16:54:11', NULL, NULL),
	(160, 278, 'NO.3, JALAN BEREMBANG,', 'TAMAN NIRA, BATU PAHAT', '', '83000', NULL, 0.0000000000, 0.0000000000, 0, 1, 1, NULL, '2022-11-29 16:54:58', NULL, NULL),
	(161, 278, 'NO.3, JALAN BEREMBANG,', 'TAMAN NIRA, BATU PAHAT', '', '83000', NULL, 0.0000000000, 0.0000000000, 0, 2, 1, NULL, '2022-11-29 16:54:59', NULL, NULL),
	(162, 279, '160, JALAN PARIT ISMAIL', '82000 BENUT, PONTIAN', 'JOHOR', '82200', NULL, 0.0000000000, 0.0000000000, 0, 1, 1, NULL, '2022-11-30 10:04:29', NULL, NULL),
	(163, 279, '160, JALAN PARIT ISMAIL', '82000 BENUT, PONTIAN', 'JOHOR', '82200', NULL, 0.0000000000, 0.0000000000, 0, 2, 1, NULL, '2022-11-30 10:04:29', NULL, NULL),
	(164, 280, 'NO. 26, LORONG BAHAGIA,', 'JALAN ALSAGOFF,', 'PONTIAN.', '82000', NULL, 0.0000000000, 0.0000000000, 0, 1, 1, NULL, '2022-11-30 10:06:13', NULL, NULL),
	(165, 280, 'NO. 26, LORONG BAHAGIA,', 'JALAN ALSAGOFF,', 'PONTIAN.', '82000', NULL, 0.0000000000, 0.0000000000, 0, 2, 1, NULL, '2022-11-30 10:06:13', NULL, NULL),
	(166, 281, 'NO. 26, LORONG BAHAGIA,', 'JALAN ALSAGOFF,', 'PONTIAN.', '82000', NULL, 0.0000000000, 0.0000000000, 0, 1, 1, NULL, '2022-11-30 10:49:14', NULL, NULL),
	(167, 281, 'NO. 26, LORONG BAHAGIA,', 'JALAN ALSAGOFF,', 'PONTIAN.', '82000', NULL, 0.0000000000, 0.0000000000, 0, 2, 1, NULL, '2022-11-30 10:49:14', NULL, NULL),
	(168, 282, 'NO. 15, Blok 1', 'Felda Papan Timur', '', '81900', NULL, 0.0000000000, 0.0000000000, 0, 1, 1, NULL, '2022-11-30 10:49:29', NULL, NULL),
	(169, 282, 'NO. 15, Blok 1', 'Felda Papan Timur', '', '81900', NULL, 0.0000000000, 0.0000000000, 0, 2, 1, NULL, '2022-11-30 10:49:30', NULL, NULL),
	(170, 283, 'No. 6, Jalan Kencana 1A/3', 'Taman Pura Kencana', 'Sri Gading', '83300', NULL, 0.0000000000, 0.0000000000, 0, 1, 1, NULL, '2022-11-30 10:49:36', NULL, NULL),
	(171, 283, 'No. 6, Jalan Kencana 1A/3', 'Taman Pura Kencana', 'Sri Gading', '83300', NULL, 0.0000000000, 0.0000000000, 0, 2, 1, NULL, '2022-11-30 10:49:37', NULL, NULL),
	(172, 284, 'NO. 26, LORONG BAHAGIA,', 'JALAN ALSAGOFF,', 'PONTIAN.', '82000', NULL, 0.0000000000, 0.0000000000, 0, 1, 1, NULL, '2022-11-30 10:50:07', NULL, NULL),
	(173, 284, 'NO. 26, LORONG BAHAGIA,', 'JALAN ALSAGOFF,', 'PONTIAN.', '82000', NULL, 0.0000000000, 0.0000000000, 0, 2, 1, NULL, '2022-11-30 10:50:08', NULL, NULL),
	(174, 285, 'No.7 Jalan Ariffin 2', 'Yahya Awal', '', '80100', NULL, 0.0000000000, 0.0000000000, 0, 1, 1, NULL, '2022-11-30 11:11:58', NULL, NULL),
	(175, 285, 'No.7 Jalan Ariffin 2', 'Kuarters Kerajaan Hulu Air Molek', '', '80100', NULL, 0.0000000000, 0.0000000000, 0, 2, 1, NULL, '2022-11-30 11:11:59', NULL, NULL),
	(176, 286, 'NO. 6,JALAN BINJAI 8', 'TAMAN KOTA JAYA', '', '81900', NULL, 0.0000000000, 0.0000000000, 0, 1, 1, NULL, '2022-11-30 11:12:57', NULL, NULL),
	(177, 286, 'NO. 6,JALAN BINJAI 8', 'TAMAN KOTA JAYA', '', '81900', NULL, 0.0000000000, 0.0000000000, 0, 2, 1, NULL, '2022-11-30 11:12:58', NULL, NULL),
	(178, 287, 'No. 225B Jalan Kupang 2,', 'Batu 4 1/2 Skudai Kiri,', 'Tampoi, Johor Bahru.', '81200', NULL, 0.0000000000, 0.0000000000, 0, 1, 1, NULL, '2022-11-30 12:06:42', NULL, NULL),
	(179, 287, 'No. 38, Jalan Palma 5', 'Taman Pulai Hijauan', 'Kangkar Pulai', '81300', NULL, 0.0000000000, 0.0000000000, 0, 2, 1, NULL, '2022-11-30 12:06:43', NULL, NULL),
	(180, 288, 'NO 38 JALAN PALMA 5', 'TAMAN PULAI HIJAUAN', '', '81300', NULL, 0.0000000000, 0.0000000000, 0, 1, 1, NULL, '2022-11-30 12:08:58', NULL, NULL),
	(181, 288, 'NO 38 JALAN PALMA 5', 'TAMAN PULAI HIJAUAN', '', '81300', NULL, 0.0000000000, 0.0000000000, 0, 2, 1, NULL, '2022-11-30 12:08:59', NULL, NULL),
	(182, 289, 'NO 38 JALAN PALMA 5', 'TAMAN PULAI HIJAUAN', '', '81300', NULL, 0.0000000000, 0.0000000000, 0, 1, 1, NULL, '2022-11-30 15:01:43', NULL, NULL),
	(183, 289, 'NO 38 JALAN PALMA 5', 'TAMAN PULAI HIJAUAN', '', '81300', NULL, 0.0000000000, 0.0000000000, 0, 2, 1, NULL, '2022-11-30 15:01:45', NULL, NULL),
	(184, 290, 'NO 38 JALAN PALMA 5', 'TAMAN PULAI HIJAUAN', '', '81300', NULL, 0.0000000000, 0.0000000000, 0, 1, 1, NULL, '2022-11-30 15:01:47', NULL, NULL),
	(185, 290, 'NO 38 JALAN PALMA 5', 'TAMAN PULAI HIJAUAN', '', '81300', NULL, 0.0000000000, 0.0000000000, 0, 2, 1, NULL, '2022-11-30 15:01:48', NULL, NULL),
	(186, 291, 'NO 38 JALAN PALMA 5', 'TAMAN PULAI HIJAUAN', '', '81300', NULL, 0.0000000000, 0.0000000000, 0, 1, 1, NULL, '2022-11-30 15:15:47', NULL, NULL),
	(187, 291, 'NO 38 JALAN PALMA 5', 'TAMAN PULAI HIJAUAN', '', '81300', NULL, 0.0000000000, 0.0000000000, 0, 2, 1, NULL, '2022-11-30 15:15:47', NULL, NULL),
	(188, 292, 'POS 13, Lorong Abu Bakar', 'Parit Amal Darat', 'Jalan Dato\' Hj. Kosai', '84000', NULL, 0.0000000000, 0.0000000000, 0, 1, 1, NULL, '2022-12-01 09:25:06', NULL, NULL),
	(189, 292, 'POS 13, Lorong Abu Bakar', 'Parit Amal Darat', 'Jalan Dato\' Hj. Kosai', '84000', NULL, 0.0000000000, 0.0000000000, 0, 2, 1, NULL, '2022-12-01 09:25:07', NULL, NULL),
	(190, 293, 'NO.8, JALAN SAGU,', 'TAMAN SOGA,', '83000, BATU PAHAT', '83000', NULL, 0.0000000000, 0.0000000000, 0, 1, 1, NULL, '2022-12-01 09:26:41', NULL, NULL),
	(191, 293, 'NO.8, JALAN SAGU,', 'TAMAN SOGA,', '83000, BATU PAHAT', '83000', NULL, 0.0000000000, 0.0000000000, 0, 2, 1, NULL, '2022-12-01 09:26:42', NULL, NULL),
	(192, 294, '1631-E JALAN PANJI ALAM', '21100 KUALA TERENGGANU', '', '21100', NULL, 0.0000000000, 0.0000000000, 0, 1, 1, NULL, '2022-12-02 16:30:32', NULL, NULL),
	(193, 294, 'MBJB', 'PETI SURAT 232', '', '80720', NULL, 0.0000000000, 0.0000000000, 0, 2, 1, NULL, '2022-12-02 16:30:33', NULL, NULL),
	(194, 295, '1631-E JALAN PANJI ALAM', '21100 KUALA TERENGGANU', '', '21100', NULL, 0.0000000000, 0.0000000000, 0, 1, 1, NULL, '2022-12-02 16:37:27', NULL, NULL),
	(195, 295, 'MBJB', 'PETI SURAT 232', '', '80720', NULL, 0.0000000000, 0.0000000000, 0, 2, 1, NULL, '2022-12-02 16:37:28', NULL, NULL),
	(196, 296, '1631-E JALAN PANJI ALAM', '21100 KUALA TERENGGANU', '', '21100', NULL, 0.0000000000, 0.0000000000, 0, 1, 1, NULL, '2022-12-02 16:43:06', NULL, NULL),
	(197, 296, 'MBJB', 'PETI SURAT 232', '', '80720', NULL, 0.0000000000, 0.0000000000, 0, 2, 1, NULL, '2022-12-02 16:43:07', NULL, NULL);
/*!40000 ALTER TABLE `users_address_house` ENABLE KEYS */;

-- Dumping structure for table staging_epro_kuarters_johor.users_address_office
CREATE TABLE IF NOT EXISTS `users_address_office` (
  `id` int(11) NOT NULL AUTO_INCREMENT,
  `users_id` int(11) DEFAULT NULL,
  `organization_id` int(11) DEFAULT NULL,
  `department_id` int(11) DEFAULT NULL,
  `address_1` text,
  `address_2` text,
  `address_3` text,
  `district_id` int(11) DEFAULT NULL,
  `postcode` varchar(50) DEFAULT NULL,
  `phone_no_office` varchar(50) DEFAULT NULL,
  `fax_no_office` varchar(50) DEFAULT NULL,
  `email_office` varchar(50) DEFAULT NULL,
  `latitude` decimal(11,7) DEFAULT NULL,
  `longitude` decimal(11,7) DEFAULT NULL,
  `data_status` tinyint(4) DEFAULT '1',
  `action_by` int(11) DEFAULT NULL,
  `action_on` datetime DEFAULT NULL,
  `delete_by` int(11) DEFAULT NULL,
  `delete_on` datetime DEFAULT NULL,
  PRIMARY KEY (`id`),
  KEY `FK_users_address_office_users` (`users_id`),
  KEY `FK_users_address_office_users_2` (`action_by`),
  KEY `FK_users_address_office_users_3` (`delete_by`),
  KEY `FK_users_address_office_district` (`district_id`),
  CONSTRAINT `FK_users_address_office_district` FOREIGN KEY (`district_id`) REFERENCES `district` (`id`) ON DELETE NO ACTION ON UPDATE NO ACTION,
  CONSTRAINT `FK_users_address_office_users` FOREIGN KEY (`users_id`) REFERENCES `users` (`id`) ON DELETE NO ACTION ON UPDATE NO ACTION,
  CONSTRAINT `FK_users_address_office_users_2` FOREIGN KEY (`action_by`) REFERENCES `users` (`id`) ON DELETE NO ACTION ON UPDATE NO ACTION
) ENGINE=InnoDB AUTO_INCREMENT=210 DEFAULT CHARSET=latin1;

-- Dumping data for table staging_epro_kuarters_johor.users_address_office: ~205 rows (approximately)
/*!40000 ALTER TABLE `users_address_office` DISABLE KEYS */;
INSERT INTO `users_address_office` (`id`, `users_id`, `organization_id`, `department_id`, `address_1`, `address_2`, `address_3`, `district_id`, `postcode`, `phone_no_office`, `fax_no_office`, `email_office`, `latitude`, `longitude`, `data_status`, `action_by`, `action_on`, `delete_by`, `delete_on`) VALUES
	(1, 19, 1, NULL, 'Aras 1, Bangunan Dato\' Jaafar Muhammad', 'Kota Iskandar', 'Iskandar Puteri', 1, '79503', '07998877', NULL, NULL, 1.4223729, 103.6535834, 1, NULL, NULL, NULL, NULL),
	(2, 10, 1, NULL, 'Aras 1, Bangunan Dato\' Jaafar Muhammad', 'Kota Iskandar', 'Iskandar Puteri', 1, '79503', '0725263252', '', NULL, 1.4223729, 103.6535834, 1, 10, '2022-11-15 06:49:27', NULL, NULL),
	(16, 48, 1, NULL, 'Aras 1, Bangunan Dato\' Jaafar Muhammad', 'Kota Iskandar', 'Iskandar Puteri', 1, '79503', '07998877', NULL, NULL, 1.4223729, 103.6535834, 1, NULL, NULL, NULL, NULL),
	(17, 49, 2, NULL, 'Tingkat 1', 'Jalan Pejabat Kerajaan 1', 'Kompleks Kerajaan', 3, '79503', '07998877', NULL, NULL, NULL, NULL, 1, NULL, NULL, NULL, NULL),
	(18, 50, 3, NULL, 'Aras 1, Bangunan Sultan Ismail', 'Jalan Petrie', 'Taman Sri Tanjung', 5, '79503', '07998877', NULL, NULL, NULL, NULL, 1, NULL, NULL, NULL, NULL),
	(19, 51, 4, NULL, 'Aras 2, Majlis Perbandaran Pontian', 'Jalan Alsagoff', 'Bandar Pontian', 8, '79503', '074522 522_', '074522 152_', 'nazirajie@gmail.com', 1.4915792, 103.3887753, 1, 51, '2022-08-28 04:01:15', NULL, NULL),
	(20, 52, 5, NULL, 'Aras 1, Bangunan Sultan Ibrahim', 'Jalan Bakau Condong', 'Batu Pahat', 2, '79503', '07998877', NULL, NULL, 1.8517948, 102.9363289, 1, NULL, NULL, NULL, NULL),
	(21, 53, 1, NULL, NULL, NULL, NULL, 1, NULL, NULL, NULL, NULL, NULL, NULL, 1, NULL, '2022-06-26 04:30:36', NULL, NULL),
	(22, 42, 1, NULL, NULL, NULL, NULL, 1, NULL, NULL, NULL, NULL, NULL, NULL, 1, 10, '2022-10-26 04:40:51', NULL, NULL),
	(23, 54, 1, NULL, NULL, NULL, NULL, 1, NULL, NULL, NULL, NULL, NULL, NULL, 1, NULL, '2022-06-27 08:53:16', NULL, NULL),
	(24, 55, 1, NULL, NULL, NULL, NULL, 1, NULL, NULL, NULL, NULL, NULL, NULL, 1, NULL, '2022-06-28 00:12:26', NULL, NULL),
	(25, 56, 1, NULL, NULL, NULL, NULL, 1, NULL, NULL, NULL, NULL, NULL, NULL, 1, NULL, '2022-06-30 01:06:36', NULL, NULL),
	(26, 58, 1, NULL, NULL, NULL, NULL, 1, NULL, NULL, NULL, NULL, NULL, NULL, 1, NULL, '2022-07-04 01:03:51', NULL, NULL),
	(27, 62, 2, NULL, NULL, NULL, NULL, 1, NULL, NULL, NULL, NULL, NULL, NULL, 1, 10, '2022-10-26 04:41:32', NULL, NULL),
	(28, 64, 1, NULL, NULL, NULL, NULL, 1, NULL, NULL, NULL, NULL, NULL, NULL, 1, NULL, '2022-08-01 06:51:51', NULL, NULL),
	(29, 65, 1, NULL, NULL, NULL, NULL, 1, NULL, NULL, NULL, NULL, NULL, NULL, 1, 10, '2022-11-02 17:07:05', NULL, NULL),
	(30, 66, 1, NULL, NULL, NULL, NULL, 1, NULL, NULL, NULL, NULL, NULL, NULL, 1, 66, '2022-08-04 03:54:26', NULL, NULL),
	(31, 67, 1, NULL, NULL, NULL, NULL, 1, NULL, NULL, NULL, NULL, NULL, NULL, 1, 67, '2022-08-08 08:57:10', NULL, NULL),
	(32, 68, 1, NULL, 'Aras 1, Bangunan Dato\' Jaafar Muhammad', 'Kota Iskandar', 'Iskandar Puteri', 2, '79503', '074322546', '', NULL, 1.4223729, 103.6535834, 1, 68, '2022-11-29 22:07:37', NULL, NULL),
	(33, 69, 1, NULL, 'Aras 1, Bangunan Dato\' Jaafar Muhammad', 'Kota Iskandar', 'Iskandar Puteri', 1, '79503', '074588542', '', NULL, 1.4223729, 103.6535834, 1, 69, '2022-11-14 10:30:09', NULL, NULL),
	(34, 70, 1, NULL, 'Aras 1, Bangunan Dato\' Jaafar Muhammad', 'Kota Iskandar', 'Iskandar Puteri', 1, '79503', '0721999999', '', NULL, 1.4223729, 103.6535834, 1, 70, '2022-11-30 15:13:34', NULL, NULL),
	(35, 71, 1, NULL, 'Aras 1, Bangunan Dato\' Jaafar Muhammad', 'Kota Iskandar', 'Iskandar Puteri', 1, '79503', '0197159986', '', 'suryati.ahmad@yahoo.com', 1.4223729, 103.6535834, 1, 71, '2022-11-29 23:59:18', NULL, NULL),
	(36, 72, 1, NULL, 'Aras 1, Bangunan Dato\' Jaafar Muhammad', 'Kota Iskandar', 'Iskandar Puteri', 1, '79503', '0765656564', '', NULL, 1.4223729, 103.6535834, 1, 72, '2022-10-23 15:15:22', NULL, NULL),
	(37, 73, 1, NULL, 'Aras 1, Bangunan Dato\' Jaafar Muhammad', 'Kota Iskandar', 'Iskandar Puteri', 1, '79503', '0766666666', '', NULL, 1.4223729, 103.6535834, 1, 73, '2022-10-25 09:20:55', NULL, NULL),
	(38, 74, 1, NULL, 'Aras 1, Bangunan Dato\' Jaafar Muhammad', 'Kota Iskandar', 'Iskandar Puteri', 1, '79503', '071233456', '', NULL, 1.4223729, 103.6535834, 1, 74, '2022-12-01 11:12:03', NULL, NULL),
	(39, 76, 1, NULL, NULL, NULL, NULL, 1, NULL, NULL, NULL, NULL, NULL, NULL, 1, NULL, '2022-08-14 07:27:49', NULL, NULL),
	(40, 77, 3, NULL, NULL, NULL, NULL, 3, NULL, NULL, NULL, NULL, NULL, NULL, 1, NULL, '2022-08-14 07:41:04', NULL, NULL),
	(41, 80, 2, NULL, NULL, NULL, NULL, 8, NULL, NULL, NULL, NULL, NULL, NULL, 1, NULL, '2022-08-14 07:43:58', NULL, NULL),
	(42, 82, 5, NULL, NULL, NULL, NULL, 2, NULL, NULL, NULL, NULL, NULL, NULL, 1, NULL, '2022-08-14 08:08:25', NULL, NULL),
	(43, 84, 1, NULL, NULL, NULL, NULL, 6, NULL, NULL, NULL, NULL, NULL, NULL, 1, NULL, '2022-08-14 08:35:14', NULL, NULL),
	(44, 95, 1, NULL, NULL, NULL, NULL, 1, NULL, NULL, NULL, NULL, NULL, NULL, 1, NULL, '2022-08-21 03:35:57', NULL, NULL),
	(45, 100, 4, NULL, NULL, NULL, NULL, 8, NULL, NULL, NULL, NULL, NULL, NULL, 1, 10, '2022-11-04 17:32:48', NULL, NULL),
	(46, 101, 1, NULL, 'Aras 1, Bangunan Dato\' Jaafar Muhammad', 'Kota Iskandar', 'Iskandar Puteri', 1, '79503', '087877654', '', NULL, 1.4223729, 103.6535834, 1, 101, '2022-10-10 14:54:10', NULL, NULL),
	(47, 102, 1, NULL, 'Aras 1, Bangunan dato\' Jaafar Muhammad', 'Kota Iskandar', 'Iskandar Puteri', 1, '79503', '0726665434', '0788676761', NULL, 1.4223729, 103.6535834, 1, 68, '2022-11-05 10:49:53', NULL, NULL),
	(48, 103, 6, NULL, 'Jalan Medini Sentral 9', 'Nusajaya', 'Iskandar Puteri', 1, '79250', '0888888888', '', 'arechik@gmail.com', 1.4088645, 103.6294696, 1, 103, '2022-11-17 11:11:19', NULL, NULL),
	(49, 104, 6, NULL, 'Jalan Medini Sentral 9', 'Nusajaya', 'Iskandar Puteri', 1, '79250', '0777777777', '', NULL, 1.4088645, 103.6294696, 1, 104, '2022-11-29 15:40:15', NULL, NULL),
	(50, 105, 7, NULL, '1, Jalan Lingkaran Dalam', 'Bukit Senyum', 'Johor Bahru', 1, '80300', '078766542', '', NULL, 1.4638493, 103.7721512, 1, 105, '2022-11-30 12:04:44', NULL, NULL),
	(51, 106, 7, NULL, '1, Jalan Lingkaran Dalam', 'Bukit Senyum', 'Johor Bahru', 1, '80300', '0776474747', '0754643525', 'test@johor.gov.my', 1.4638493, 103.7721512, 1, 106, '2022-10-13 04:05:00', NULL, NULL),
	(52, 107, 8, NULL, 'Jalan Sungai Chat', 'Sri Gelam', 'Johor Bahru', 1, '80100', '074855854', '', NULL, 1.4632460, 103.7411181, 1, 107, '2022-11-21 11:00:14', NULL, NULL),
	(53, 108, 8, NULL, 'Jalan Sungai Chat', 'Sri Gelam', 'Johor Bahru', 1, '80100', '1121212121', '', NULL, 1.4632460, 103.7411181, 1, 108, '2022-11-22 09:08:19', NULL, NULL),
	(54, 109, 1, NULL, 'Aras 1, Bangunan Dato\' Jaafar Muhammad', 'Kota Iskandar', 'Iskandar Puteri', 1, '79503', '0777777777', '', NULL, 1.4223729, 103.6535834, 1, 109, '2022-11-25 13:53:42', NULL, NULL),
	(55, 111, 4, NULL, NULL, NULL, NULL, 3, NULL, NULL, NULL, NULL, NULL, NULL, 1, 10, '2022-09-19 09:20:30', NULL, NULL),
	(56, 112, 3, NULL, NULL, NULL, NULL, 1, NULL, NULL, NULL, NULL, NULL, NULL, 1, 10, '2022-09-19 09:26:23', NULL, NULL),
	(57, 113, 2, NULL, NULL, NULL, NULL, 2, NULL, NULL, NULL, NULL, NULL, NULL, 1, 10, '2022-09-20 00:53:45', NULL, NULL),
	(58, 117, 4, NULL, NULL, NULL, NULL, 4, NULL, NULL, NULL, NULL, NULL, NULL, 1, 10, '2022-09-20 02:30:01', NULL, NULL),
	(59, 110, 1, NULL, 'Aras 1, Bangunan Dato\' Jaafar Muhammad', 'Kota Iskandar', 'Iskandar Puteri', 1, '79503', '0785969859', '', NULL, 1.4223729, 103.6535834, 1, 110, '2022-12-03 21:26:59', NULL, NULL),
	(60, 118, 1, NULL, 'Aras 1, Bangunan Dato\' Jaafar Muhammad', 'Kota Iskandar', 'Iskandar Puteri', 1, '79503', '0725252525', '0712454545', 'admin@rntechnologies.my', 1.4223729, 103.6535834, 1, 118, '2022-11-30 10:00:55', NULL, NULL),
	(61, 119, 6, NULL, 'Jalan Mediini Sentral 9', 'Nusajaya', 'Iskandar Puteri', 1, '79250', '0777777777', '', 'arechik@gmail.com', 1.4088645, 103.6294696, 1, 119, '2022-11-16 16:42:38', NULL, NULL),
	(62, 120, 6, NULL, 'Jalan Mediini Sentral 9', 'Nusajaya', 'Iskandar Puteri', 1, '79250', '0723333333', '0723334444', 'abc@abc.com', 1.4088645, 103.6294696, 1, 120, '2022-11-03 11:11:41', NULL, NULL),
	(63, 121, 7, NULL, '1, Jalan Lingkaran Dalam', 'Bukit Senyum', 'Johor Bahru', 1, '80300', '0777777777', '', NULL, 1.4638493, 103.7721512, 1, 121, '2022-11-25 13:02:40', NULL, NULL),
	(64, 129, 1, NULL, NULL, NULL, NULL, 1, NULL, NULL, NULL, NULL, NULL, NULL, 1, NULL, '2022-10-07 03:42:02', NULL, NULL),
	(65, 130, 1, NULL, 'Aras 1, Bangunan Dato\' Jaafar Muhammad', 'Kota Iskandar', 'Iskandar Puteri', 1, '79503', '0705876546', '', NULL, 1.4223729, 103.6535834, 1, 130, '2022-11-23 09:49:06', NULL, NULL),
	(66, 131, 1, NULL, 'Aras 1, Bangunan Dato\' Jaafar Muhammad', 'Kota Iskandar', 'Iskandar Puteri', 1, '79503', '0725666666', '0725677777', 'pdkt@johor.gov.my', 1.4223729, 103.6535834, 1, 131, '2022-11-30 12:16:31', NULL, NULL),
	(67, 132, 6, NULL, 'Jalan Medini Sentral 9', 'Nusajaya', 'Iskandar Puteri', 1, '79503', '074522521', '', NULL, 1.4088645, 103.6294696, 1, 132, '2022-11-06 12:21:29', NULL, NULL),
	(68, 133, 6, NULL, 'Jalan Medini Sentral 9', 'Nusajaya', 'Iskandar Puteri', 1, '79503', '0784584584', '', NULL, 1.4088645, 103.6294696, 1, 133, '2022-12-01 11:14:01', NULL, NULL),
	(69, 137, 8, NULL, 'Jalan Sungai Chat', 'Sri Gelam', 'Johor Bahru', 1, '79503', '0721999999', '', NULL, 1.4632460, 103.7411181, 1, 137, '2022-11-22 09:03:35', NULL, NULL),
	(70, 136, 8, NULL, 'Jalan Sungai Chat', 'Sri Gelam', 'Johor Bahru', 1, '79503', '0725674257', '', 'jabatan@gmail.com', 1.4632460, 103.7411181, 1, 136, '2022-11-17 11:44:40', NULL, NULL),
	(71, 135, 7, NULL, '1, Jalan Lingkaran Dalam', 'Bukit Senyum', 'Johor Bahru', 1, '79503', '0985693333', '', NULL, 1.4638493, 103.7721512, 1, 135, '2022-12-01 11:15:29', NULL, NULL),
	(72, 134, 7, NULL, '1, Jalan Lingkaran Dalam', 'Bukit Senyum', 'Johor Bahru', 1, '79503', '0721999999', '', NULL, 1.4638493, 103.7721512, 1, 134, '2022-11-15 12:27:32', NULL, NULL),
	(73, 138, 1, NULL, 'Aras 1, Bangunan Dato\' Jaafar Muhammad', 'Kota Iskandar', 'Iskandar Puteri', 1, '79503', '0788825666', '', NULL, 1.4219880, 103.6534390, 1, 138, '2022-12-01 11:10:19', NULL, NULL),
	(74, 139, 1, NULL, 'Aras 1, Bangunan Dato\' Jaafar Muhammad', 'Kota Iskandar', 'Iskandar Puteri', 1, '79503', '078544852', NULL, NULL, 1.4219880, 103.6534390, 1, NULL, NULL, NULL, NULL),
	(75, 140, 1, NULL, 'Aras 1, Bangunan Dato\' Jaafar Muhammad', 'Kota Iskandar', 'Iskandar Puteri', 1, '79503', '078766765', '', NULL, 1.4219880, 103.6534390, 1, 140, '2022-12-01 11:12:32', NULL, NULL),
	(76, 141, 1, NULL, 'Aras 1, Bangunan Dato\' Jaafar Muhammad', 'Kota Iskandar', 'Iskandar Puteri', 1, '79503', '0725825825', '', NULL, 1.4219880, 103.6534390, 1, 141, '2022-11-29 14:25:18', NULL, NULL),
	(77, 144, 1, NULL, NULL, NULL, NULL, 1, NULL, NULL, NULL, NULL, NULL, NULL, 1, 15, '2022-10-11 06:27:45', NULL, NULL),
	(78, 145, 1, NULL, NULL, NULL, NULL, 1, NULL, NULL, NULL, NULL, NULL, NULL, 1, 10, '2022-10-11 06:34:17', NULL, NULL),
	(79, 146, 1, NULL, NULL, NULL, NULL, 1, NULL, NULL, NULL, NULL, NULL, NULL, 1, 10, '2022-10-13 03:22:39', NULL, NULL),
	(80, 147, 1, NULL, NULL, NULL, NULL, 1, NULL, NULL, NULL, NULL, NULL, NULL, 1, 146, '2022-10-13 03:40:37', NULL, NULL),
	(81, 148, 1, NULL, NULL, NULL, NULL, 1, NULL, NULL, NULL, NULL, NULL, NULL, 1, 146, '2022-10-13 03:43:56', NULL, NULL),
	(82, 153, 1, NULL, NULL, NULL, NULL, 1, NULL, NULL, NULL, NULL, NULL, NULL, 1, 68, '2022-10-18 02:25:30', NULL, NULL),
	(83, 154, 1, NULL, NULL, NULL, NULL, 1, NULL, NULL, NULL, NULL, NULL, NULL, 1, 68, '2022-10-18 03:45:13', NULL, NULL),
	(84, 160, 6, NULL, NULL, NULL, NULL, 1, NULL, NULL, NULL, NULL, NULL, NULL, 1, 68, '2022-10-25 01:12:10', NULL, NULL),
	(85, 161, 6, NULL, NULL, NULL, NULL, 1, NULL, NULL, NULL, NULL, NULL, NULL, 1, 161, '2022-10-25 03:08:01', NULL, NULL),
	(86, 162, 6, NULL, NULL, NULL, NULL, 1, NULL, NULL, NULL, NULL, NULL, NULL, 1, 162, '2022-10-25 04:03:20', NULL, NULL),
	(87, 163, 6, NULL, NULL, NULL, NULL, 1, NULL, NULL, NULL, NULL, NULL, NULL, 1, 163, '2022-10-25 04:13:47', NULL, NULL),
	(88, 164, 6, NULL, NULL, NULL, NULL, 1, NULL, NULL, NULL, NULL, NULL, NULL, 1, 10, '2022-10-25 04:59:01', NULL, NULL),
	(89, 165, 6, NULL, NULL, NULL, NULL, 1, NULL, NULL, NULL, NULL, NULL, NULL, 1, 10, '2022-10-25 05:01:29', NULL, NULL),
	(90, 166, 6, NULL, NULL, NULL, NULL, 2, NULL, NULL, NULL, NULL, NULL, NULL, 1, 166, '2022-10-26 09:56:22', NULL, NULL),
	(91, 167, 1, NULL, NULL, NULL, NULL, 1, NULL, NULL, NULL, NULL, NULL, NULL, 1, 10, '2022-10-26 03:14:55', NULL, NULL),
	(92, 168, 1, NULL, NULL, NULL, NULL, 1, NULL, NULL, NULL, NULL, NULL, NULL, 1, 168, '2022-10-26 03:28:02', NULL, NULL),
	(93, 169, 6, NULL, NULL, NULL, NULL, 1, NULL, NULL, NULL, NULL, NULL, NULL, 1, 169, '2022-10-26 12:04:34', NULL, NULL),
	(94, 170, 1, NULL, NULL, NULL, NULL, 1, NULL, NULL, NULL, NULL, NULL, NULL, 1, 10, '2022-10-26 04:54:05', NULL, NULL),
	(95, 171, 1, NULL, NULL, NULL, NULL, 1, NULL, NULL, NULL, NULL, NULL, NULL, 1, 10, '2022-10-26 04:55:43', NULL, NULL),
	(96, 172, 1, NULL, NULL, NULL, NULL, 1, NULL, NULL, NULL, NULL, NULL, NULL, 1, 172, '2022-10-26 07:23:33', NULL, NULL),
	(97, 173, 1, NULL, NULL, NULL, NULL, 1, NULL, NULL, NULL, NULL, NULL, NULL, 1, 173, '2022-10-26 07:23:57', NULL, NULL),
	(98, 174, 8, NULL, NULL, NULL, NULL, 1, NULL, NULL, NULL, NULL, NULL, NULL, 1, 118, '2022-10-26 07:32:37', NULL, NULL),
	(99, 175, 6, NULL, NULL, NULL, NULL, 1, NULL, NULL, NULL, NULL, NULL, NULL, 1, 175, '2022-10-27 02:18:45', NULL, NULL),
	(100, 176, 4, NULL, NULL, NULL, NULL, 8, NULL, NULL, NULL, NULL, NULL, NULL, 1, 176, '2022-10-27 04:01:18', NULL, NULL),
	(101, 177, 1, NULL, NULL, NULL, NULL, 1, NULL, NULL, NULL, NULL, NULL, NULL, 1, 10, '2022-10-27 08:35:14', NULL, NULL),
	(102, 178, 8, NULL, NULL, NULL, NULL, 2, NULL, NULL, NULL, NULL, NULL, NULL, 1, 178, '2022-10-31 01:52:11', NULL, NULL),
	(103, 179, 5, NULL, NULL, NULL, NULL, 2, NULL, NULL, NULL, NULL, NULL, NULL, 1, 179, '2022-10-31 10:05:28', NULL, NULL),
	(104, 180, 6, NULL, NULL, NULL, NULL, 1, NULL, NULL, NULL, NULL, NULL, NULL, 1, 180, '2022-10-31 03:09:57', NULL, NULL),
	(105, 181, 1, NULL, NULL, NULL, NULL, 1, NULL, NULL, NULL, NULL, NULL, NULL, 1, 181, '2022-10-31 08:00:14', NULL, NULL),
	(106, 182, 6, NULL, NULL, NULL, NULL, 1, NULL, NULL, NULL, NULL, NULL, NULL, 1, 140, '2022-11-02 08:06:53', NULL, NULL),
	(107, 183, 8, NULL, NULL, NULL, NULL, 1, NULL, NULL, NULL, NULL, NULL, NULL, 1, 10, '2022-11-03 02:47:10', NULL, NULL),
	(108, 184, 6, NULL, NULL, NULL, NULL, 1, NULL, NULL, NULL, NULL, NULL, NULL, 1, 184, '2022-11-03 02:51:23', NULL, NULL),
	(109, 185, 6, NULL, NULL, NULL, NULL, 1, NULL, NULL, NULL, NULL, NULL, NULL, 1, 10, '2022-11-03 04:24:54', NULL, NULL),
	(110, 186, 6, NULL, NULL, NULL, NULL, 1, NULL, NULL, NULL, NULL, NULL, NULL, 1, 186, '2022-11-03 12:29:39', NULL, NULL),
	(111, 187, 1, NULL, NULL, NULL, NULL, 1, NULL, NULL, NULL, NULL, NULL, NULL, 1, 187, '2022-11-06 08:32:44', NULL, NULL),
	(112, 188, 3, NULL, NULL, NULL, NULL, 5, NULL, NULL, NULL, NULL, NULL, NULL, 1, 135, '2022-11-07 07:26:59', NULL, NULL),
	(113, 189, 8, NULL, NULL, NULL, NULL, 1, NULL, NULL, NULL, NULL, NULL, NULL, 1, 132, '2022-11-06 01:18:30', NULL, NULL),
	(114, 190, 1, NULL, NULL, NULL, NULL, 1, NULL, NULL, NULL, NULL, NULL, NULL, 1, 190, '2022-11-06 01:29:07', NULL, NULL),
	(115, 191, 6, NULL, NULL, NULL, NULL, 1, NULL, NULL, NULL, NULL, NULL, NULL, 1, 191, '2022-11-06 09:36:53', NULL, NULL),
	(116, 192, 1, NULL, NULL, NULL, NULL, 1, NULL, NULL, NULL, NULL, NULL, NULL, 1, 192, '2022-11-06 10:24:57', NULL, NULL),
	(117, 193, 8, NULL, NULL, NULL, NULL, 1, NULL, NULL, NULL, NULL, NULL, NULL, 1, 193, '2022-11-06 11:21:15', NULL, NULL),
	(118, 194, 1, NULL, NULL, NULL, NULL, 1, NULL, NULL, NULL, NULL, NULL, NULL, 1, 10, '2022-11-06 03:57:17', NULL, NULL),
	(119, 195, 6, NULL, NULL, NULL, NULL, 1, NULL, NULL, NULL, NULL, NULL, NULL, 1, 10, '2022-11-06 04:24:40', NULL, NULL),
	(120, 196, 6, NULL, NULL, NULL, NULL, 1, NULL, NULL, NULL, NULL, NULL, NULL, 1, 10, '2022-11-06 05:56:42', NULL, NULL),
	(121, 197, 6, NULL, NULL, NULL, NULL, 1, NULL, NULL, NULL, NULL, NULL, NULL, 1, 197, '2022-11-06 06:08:43', NULL, NULL),
	(122, 198, 4, NULL, NULL, NULL, NULL, 9, NULL, NULL, NULL, NULL, NULL, NULL, 1, 198, '2022-11-06 16:47:49', NULL, NULL),
	(123, 199, 1, NULL, NULL, NULL, NULL, 1, NULL, NULL, NULL, NULL, NULL, NULL, 1, 106, '2022-11-11 14:05:47', NULL, NULL),
	(124, 200, 1, NULL, NULL, NULL, NULL, 1, NULL, NULL, NULL, NULL, NULL, NULL, 1, 10, '2022-11-06 16:48:26', NULL, NULL),
	(125, 201, 8, NULL, NULL, NULL, NULL, 1, NULL, NULL, NULL, NULL, NULL, NULL, 1, 119, '2022-11-07 01:57:13', NULL, NULL),
	(126, 202, 1, NULL, NULL, NULL, NULL, 2, NULL, NULL, NULL, NULL, NULL, NULL, 1, 10, '2022-11-08 01:35:23', NULL, NULL),
	(127, 203, 1, NULL, NULL, NULL, NULL, 1, NULL, NULL, NULL, NULL, NULL, NULL, 1, 141, '2022-11-09 11:55:54', NULL, NULL),
	(128, 204, 6, NULL, NULL, NULL, NULL, 1, NULL, NULL, NULL, NULL, NULL, NULL, 1, 140, '2022-11-07 03:29:16', NULL, NULL),
	(129, 205, 1, NULL, NULL, NULL, NULL, 1, NULL, NULL, NULL, NULL, NULL, NULL, 1, 10, '2022-11-07 03:36:02', NULL, NULL),
	(130, 206, 1, NULL, NULL, NULL, NULL, 1, NULL, NULL, NULL, NULL, NULL, NULL, 1, 10, '2022-11-08 02:20:43', NULL, NULL),
	(131, 207, 6, NULL, NULL, NULL, NULL, 1, NULL, NULL, NULL, NULL, NULL, NULL, 1, 102, '2022-11-07 03:52:15', NULL, NULL),
	(132, 208, 2, NULL, NULL, NULL, NULL, 3, NULL, NULL, NULL, NULL, NULL, NULL, 1, 146, '2022-11-09 14:20:58', NULL, NULL),
	(133, 209, 6, NULL, NULL, NULL, NULL, 1, NULL, NULL, NULL, NULL, NULL, NULL, 1, 10, '2022-11-07 03:58:54', NULL, NULL),
	(134, 210, 1, NULL, NULL, NULL, NULL, 1, NULL, NULL, NULL, NULL, NULL, NULL, 1, 135, '2022-11-07 07:55:49', NULL, NULL),
	(135, 211, 1, NULL, NULL, NULL, NULL, 1, NULL, NULL, NULL, NULL, NULL, NULL, 1, 10, '2022-11-07 16:10:16', NULL, NULL),
	(136, 212, 1, NULL, NULL, NULL, NULL, 1, NULL, NULL, NULL, NULL, NULL, NULL, 1, 10, '2022-11-07 16:20:13', NULL, NULL),
	(137, 213, 1, NULL, NULL, NULL, NULL, 1, NULL, NULL, NULL, NULL, NULL, NULL, 1, 213, '2022-11-09 09:11:08', NULL, NULL),
	(138, 214, 1, NULL, NULL, NULL, NULL, 1, NULL, NULL, NULL, NULL, NULL, NULL, 1, 146, '2022-11-09 12:52:35', NULL, NULL),
	(139, 215, 1, NULL, NULL, NULL, NULL, 1, NULL, NULL, NULL, NULL, NULL, NULL, 1, 146, '2022-11-09 14:16:51', NULL, NULL),
	(141, 217, 1, NULL, NULL, NULL, NULL, 1, NULL, NULL, NULL, NULL, NULL, NULL, 1, 146, '2022-11-10 10:08:53', NULL, NULL),
	(142, 218, 4, NULL, NULL, NULL, NULL, 2, NULL, NULL, NULL, NULL, NULL, NULL, 1, 10, '2022-11-10 15:27:36', NULL, NULL),
	(143, 219, 7, NULL, NULL, NULL, NULL, 1, NULL, NULL, NULL, NULL, NULL, NULL, 1, 10, '2022-11-10 15:39:16', NULL, NULL),
	(144, 220, 8, NULL, NULL, NULL, NULL, 1, NULL, NULL, NULL, NULL, NULL, NULL, 1, 102, '2022-11-10 16:52:15', NULL, NULL),
	(145, 221, 8, NULL, NULL, NULL, NULL, 1, NULL, NULL, NULL, NULL, NULL, NULL, 1, 221, '2022-11-11 01:47:05', NULL, NULL),
	(146, 222, 7, NULL, NULL, NULL, NULL, 1, NULL, NULL, NULL, NULL, NULL, NULL, 1, 130, '2022-11-11 12:38:02', NULL, NULL),
	(147, 223, 7, NULL, NULL, NULL, NULL, 1, NULL, NULL, NULL, NULL, NULL, NULL, 1, 131, '2022-11-11 11:24:56', NULL, NULL),
	(148, 224, 1, NULL, NULL, NULL, NULL, 1, NULL, NULL, NULL, NULL, NULL, NULL, 1, 106, '2022-11-11 14:02:33', NULL, NULL),
	(149, 225, 6, NULL, NULL, NULL, NULL, 3, NULL, NULL, NULL, NULL, NULL, NULL, 1, 224, '2022-11-11 14:11:32', NULL, NULL),
	(150, 226, 7, NULL, NULL, NULL, NULL, 1, NULL, NULL, NULL, NULL, NULL, NULL, 1, 141, '2022-11-11 20:05:01', NULL, NULL),
	(152, 228, 10, 2, 'Pejabat Setiausha Kerajaan Johor, Bahagian Khidmat Pengurusan,', 'Aras 1, Bangunan Dato Jaafar Muhammad', 'iskandar Puteri', 1, '79503', '072666970', NULL, NULL, 0.0000000, 0.0000000, 1, NULL, '2022-11-13 11:28:51', NULL, NULL),
	(154, 230, 7, 4, 'MAJLIS BANDARAYA JOHOR BAHRU', 'MENARA MBJB,', 'NO. 1, JALAN LINGKARAN DALAM, BUKIT SENYUM,', 1, '80300', '072198000', NULL, NULL, 0.0000000, 0.0000000, 1, NULL, '2022-11-13 12:47:57', NULL, NULL),
	(156, 232, 10, 5, 'PEJABAT SETIAUSAHA KERAJAAN JOHOR, BAHAGIAN SAINS TEKNOLOGI DAN ICT NEGERI JOHOR', 'ARAS 1,', 'BANGUNAN DATO\' JAAFAR MUHAMMAD,', 1, '79503', '072666660', NULL, NULL, 0.0000000, 0.0000000, 1, NULL, '2022-11-13 14:10:33', NULL, NULL),
	(157, 233, 10, 6, 'Pejabat setiausaha Kerajaan Johor, Bahagian khidmat Pengurusan', 'Aras 1,', 'Bangunan Dato Ja\'afar Muhammad', 1, '79503', '0723700000', '1790089877', NULL, 0.0000000, 0.0000000, 1, 233, '2022-11-14 10:04:56', NULL, NULL),
	(158, 234, 10, 2, 'Pejabat Setiausha Kerajaan Johor, Bahagian Khidmat Pengurusan,', 'Aras 1, Bangunan Dato Jaafar Muhammad', 'iskandar Puteri', 1, '79503', '072666970', NULL, NULL, 0.0000000, 0.0000000, 1, NULL, '2022-11-14 09:45:00', NULL, NULL),
	(159, 235, 10, 2, 'Pejabat Setiausha Kerajaan Johor, Bahagian Khidmat Pengurusan,', 'Aras 1, Bangunan Dato Jaafar Muhammad', 'iskandar Puteri', 1, '79503', '072666970', NULL, NULL, 0.0000000, 0.0000000, 1, NULL, '2022-11-14 11:02:16', NULL, NULL),
	(160, 236, 12, 7, 'SURUHANJAYA PERKHIDMATAN AWAM JOHOR', 'ARAS 3, BANGUNAN DATO\' ABDUL RAHMAN ANDAK', 'KOTA ISKANDAR', 1, '79503', '072666422', NULL, NULL, 0.0000000, 0.0000000, 1, NULL, '2022-11-14 18:10:59', NULL, NULL),
	(161, 237, 13, 8, 'SURUHANJAYA PERKHIDMATAN AWAM JOHOR', 'ARAS 3, BANGUNAN DATO\' ABDUL RAHMAN ANDAK', 'KOTA ISKANDAR', 1, '79503', '072666422', NULL, NULL, 0.0000000, 0.0000000, 1, NULL, '2022-11-14 18:11:01', NULL, NULL),
	(162, 243, 10, 5, 'PEJABAT SETIAUSAHA KERAJAAN JOHOR, BAHAGIAN SAINS TEKNOLOGI DAN ICT NEGERI JOHOR', 'ARAS 1,', 'BANGUNAN DATO\' JAAFAR MUHAMMAD,', 1, '79503', '072666660', NULL, NULL, 0.0000000, 0.0000000, 1, NULL, '2022-11-17 10:30:35', NULL, NULL),
	(163, 244, 19, 14, 'BANGUNAN JARO', 'NO 18 JALAN SUNGAI CHAT', 'JOHOR BAHRU', 1, '80100', '03888609200', NULL, NULL, 0.0000000, 0.0000000, 1, NULL, '2022-11-17 11:34:31', NULL, NULL),
	(164, 246, 10, 16, 'PENTADBIRAN KERAJAAN NEGERI JOHOR', 'ARAS 1 BANGUNAN DATO\' JAAFAR MUHAMMAD', 'KOTA ISKANDAR, ISKANDAR PUTERI', 1, '79503', '072266070', NULL, NULL, 0.0000000, 0.0000000, 1, NULL, '2022-11-17 11:46:53', NULL, NULL),
	(165, 247, 10, 5, 'PEJABAT SETIAUSAHA KERAJAAN JOHOR, BAHAGIAN SAINS TEKNOLOGI DAN ICT NEGERI JOHOR', 'ARAS 1,', 'BANGUNAN DATO\' JAAFAR MUHAMMAD,', 1, '79503', '072666660', NULL, NULL, 0.0000000, 0.0000000, 1, NULL, '2022-11-22 09:01:35', NULL, NULL),
	(166, 248, 10, 5, 'PEJABAT SETIAUSAHA KERAJAAN JOHOR, BAHAGIAN SAINS TEKNOLOGI DAN ICT NEGERI JOHOR', 'ARAS 1,', 'BANGUNAN DATO\' JAAFAR MUHAMMAD,', 1, '79503', '072666660', NULL, NULL, 0.0000000, 0.0000000, 1, NULL, '2022-11-22 09:05:43', NULL, NULL),
	(167, 249, 10, 5, 'PEJABAT SETIAUSAHA KERAJAAN JOHOR, BAHAGIAN SAINS TEKNOLOGI DAN ICT NEGERI JOHOR', 'ARAS 1,', 'BANGUNAN DATO\' JAAFAR MUHAMMAD,', 1, '79503', '072666660', NULL, NULL, 0.0000000, 0.0000000, 1, NULL, '2022-11-22 22:04:04', NULL, NULL),
	(168, 250, 11, 3, 'JALAN UNGKU ABD AZIZ, BANDAR PENAWAR', '', '', 6, '81930', '078225800', NULL, NULL, 0.0000000, 0.0000000, 1, NULL, '2022-11-23 10:14:38', NULL, NULL),
	(169, 251, 10, 5, 'PEJABAT SETIAUSAHA KERAJAAN JOHOR, BAHAGIAN SAINS TEKNOLOGI DAN ICT NEGERI JOHOR', 'ARAS 1,', 'BANGUNAN DATO\' JAAFAR MUHAMMAD,', 1, '79503', '0722222222', '', NULL, 0.0000000, 0.0000000, 1, 251, '2022-12-01 11:07:01', NULL, NULL),
	(171, 253, 10, 5, 'PEJABAT SETIAUSAHA KERAJAAN JOHOR, BAHAGIAN SAINS TEKNOLOGI DAN ICT NEGERI JOHOR', 'ARAS 1,', 'BANGUNAN DATO\' JAAFAR MUHAMMAD,', 1, '79503', '072666660', NULL, NULL, 0.0000000, 0.0000000, 1, NULL, '2022-11-23 11:50:49', NULL, NULL),
	(172, 254, 10, 5, 'PEJABAT SETIAUSAHA KERAJAAN JOHOR, BAHAGIAN SAINS TEKNOLOGI DAN ICT NEGERI JOHOR', 'ARAS 1,', 'BANGUNAN DATO\' JAAFAR MUHAMMAD,', 1, '79503', '072666660', NULL, NULL, 0.0000000, 0.0000000, 1, NULL, '2022-11-28 20:50:16', NULL, NULL),
	(173, 255, 12, 7, 'SURUHANJAYA PERKHIDMATAN AWAM JOHOR', 'ARAS 3, BANGUNAN DATO\' ABDUL RAHMAN ANDAK', 'KOTA ISKANDAR', 1, '79503', '072666422', '072909890', 'mohdfaizal@johor.gov.my', 0.0000000, 0.0000000, 1, 255, '2022-11-28 22:34:43', NULL, NULL),
	(174, 256, 10, 16, 'PENTADBIRAN KERAJAAN NEGERI JOHOR', 'ARAS 1 BANGUNAN DATO\' JAAFAR MUHAMMAD', 'KOTA ISKANDAR, ISKANDAR PUTERI', 1, '79503', '072266070', NULL, NULL, 0.0000000, 0.0000000, 1, NULL, '2022-11-28 22:03:09', NULL, NULL),
	(175, 257, 10, 5, 'PEJABAT SETIAUSAHA KERAJAAN JOHOR, BAHAGIAN SAINS TEKNOLOGI DAN ICT NEGERI JOHOR', 'ARAS 1,', 'BANGUNAN DATO\' JAAFAR MUHAMMAD,', 1, '79503', '0788888888', '', NULL, 0.0000000, 0.0000000, 1, 257, '2022-12-01 10:01:38', NULL, NULL),
	(180, 264, 27, 23, 'KLINIK DESA KAMPUNG SAWAH,', 'PEJABAT KESIHATAN DAERAH PONTIAN', '@NULL', 8, '81500', '076879333', NULL, NULL, 0.0000000, 0.0000000, 1, NULL, '2022-11-29 10:25:09', NULL, NULL),
	(182, 266, 10, 5, 'PEJABAT SETIAUSAHA KERAJAAN JOHOR, BAHAGIAN SAINS TEKNOLOGI DAN ICT NEGERI JOHOR', 'ARAS 1,', 'BANGUNAN DATO\' JAAFAR MUHAMMAD,', 1, '79503', '078766765', '', NULL, 0.0000000, 0.0000000, 1, 266, '2022-11-29 16:04:41', NULL, NULL),
	(183, 267, 10, 16, 'PENTADBIRAN KERAJAAN NEGERI JOHOR', 'ARAS 1 BANGUNAN DATO\' JAAFAR MUHAMMAD', 'KOTA ISKANDAR, ISKANDAR PUTERI', 1, '79503', '078766767', '', NULL, 0.0000000, 0.0000000, 1, 267, '2022-11-29 12:32:30', NULL, NULL),
	(184, 268, 28, 25, 'MAJLIS PERBANDARAN KLUANG', 'JALAN KOTA TINGGI', 'KLUANG', 3, '86000', '077771401', NULL, NULL, 2.0287283, 103.3336442, 1, NULL, '2022-11-29 11:29:22', NULL, NULL),
	(185, 269, 27, 26, 'PENGARAH HOSPITAL PERMAI', 'TAMPOI', '', 1, '81200', '072373333', NULL, NULL, 0.0000000, 0.0000000, 1, NULL, '2022-11-29 11:35:22', NULL, NULL),
	(186, 273, 11, 3, 'JALAN UNGKU ABD AZIZ, BANDAR PENAWAR', '', '', 6, '81930', '078225800', NULL, NULL, 0.0000000, 0.0000000, 1, NULL, '2022-11-29 12:22:24', NULL, NULL),
	(187, 274, 32, 30, 'PEJABAT DAERAH PONTIAN', 'ARAS 1,', 'BANGUNAN SULTAN ISMAIL,', 8, '82000', '076544565', '', NULL, 0.0000000, 0.0000000, 1, 274, '2022-11-30 15:16:32', NULL, NULL),
	(188, 275, 33, 31, 'PENTADBIRAN KERAJAAN NEGERI JOHOR', 'ARAS 1,', 'BANGUNAN DATO\' JAAFAR MUHAMMAD,', 1, '79503', '6072266070', NULL, NULL, 0.0000000, 0.0000000, 1, NULL, '2022-11-29 16:45:08', NULL, NULL),
	(189, 276, 3, 32, 'PENTADBIRAN KERAJAAN NEGERI JOHOR', 'ARAS 1,', 'BANGUNAN DATO\' JAAFAR MUHAMMAD,', 1, '79503', '6072266070', NULL, NULL, 0.0000000, 0.0000000, 1, NULL, '2022-11-29 16:52:15', NULL, NULL),
	(190, 277, 34, 33, 'PENTADBIRAN KERAJAAN NEGERI JOHOR', 'ARAS 1,', 'BANGUNAN DATO\' JAAFAR MUHAMMAD,', 1, '79503', '6072266070', NULL, NULL, 0.0000000, 0.0000000, 1, NULL, '2022-11-29 16:54:10', NULL, NULL),
	(191, 278, 33, 31, 'PENTADBIRAN KERAJAAN NEGERI JOHOR', 'ARAS 1,', 'BANGUNAN DATO\' JAAFAR MUHAMMAD,', 1, '79503', '074311858', '074347766', 'pdbph@johor.gov.my', 0.0000000, 0.0000000, 1, 278, '2022-11-30 12:05:41', NULL, NULL),
	(192, 279, 32, 34, 'PEJABAT DAERAH PONTIAN', 'ARAS 1,', 'BANGUNAN SULTAN ISMAIL,', 8, '82000', '076871323', '07', NULL, 0.0000000, 0.0000000, 1, 279, '2022-11-30 12:03:04', NULL, NULL),
	(193, 280, 32, 34, 'PEJABAT DAERAH PONTIAN', 'ARAS 1,', 'BANGUNAN SULTAN ISMAIL,', 8, '82000', '076871322', NULL, NULL, 0.0000000, 0.0000000, 1, NULL, '2022-11-30 10:06:12', NULL, NULL),
	(194, 281, 32, 34, 'PEJABAT DAERAH PONTIAN', 'ARAS 1,', 'BANGUNAN SULTAN ISMAIL,', 8, '82000', '076871322', NULL, NULL, 0.0000000, 0.0000000, 1, NULL, '2022-11-30 10:49:13', NULL, NULL),
	(195, 282, 34, 33, 'PENTADBIRAN KERAJAAN NEGERI JOHOR', 'ARAS 1,', 'BANGUNAN DATO\' JAAFAR MUHAMMAD,', 1, '79503', '6072266070', NULL, NULL, 0.0000000, 0.0000000, 1, NULL, '2022-11-30 10:49:28', NULL, NULL),
	(196, 283, 33, 31, 'PENTADBIRAN KERAJAAN NEGERI JOHOR', 'ARAS 1,', 'BANGUNAN DATO\' JAAFAR MUHAMMAD,', 1, '79503', '6072266070', NULL, NULL, 0.0000000, 0.0000000, 1, NULL, '2022-11-30 10:49:35', NULL, NULL),
	(197, 284, 32, 34, 'PEJABAT DAERAH PONTIAN', 'ARAS 1,', 'BANGUNAN SULTAN ISMAIL,', 8, '82000', '076871322', NULL, NULL, 0.0000000, 0.0000000, 1, NULL, '2022-11-30 10:50:07', NULL, NULL),
	(198, 285, 10, 2, 'Pejabat Setiausha Kerajaan Johor, Bahagian Khidmat Pengurusan,', 'Aras 1, Bangunan Dato Jaafar Muhammad', 'iskandar Puteri', 1, '79503', '072666970', NULL, NULL, 0.0000000, 0.0000000, 1, NULL, '2022-11-30 11:11:57', NULL, NULL),
	(199, 286, 34, 33, 'PENTADBIRAN KERAJAAN NEGERI JOHOR', 'ARAS 1,', 'BANGUNAN DATO\' JAAFAR MUHAMMAD,', 1, '79503', '6072266070', NULL, NULL, 0.0000000, 0.0000000, 1, NULL, '2022-11-30 11:12:57', NULL, NULL),
	(200, 287, 6, 35, 'MAJLIS BANDARAYA ISKANDAR PUTERI', '', '', 1, '81300', '5555000', NULL, NULL, 1.5374286, 103.6622900, 1, NULL, '2022-11-30 12:06:42', NULL, NULL),
	(201, 288, 10, 2, 'Pejabat Setiausha Kerajaan Johor, Bahagian Khidmat Pengurusan,', 'Aras 1, Bangunan Dato Jaafar Muhammad', 'iskandar Puteri', 1, '79503', '072666970', NULL, NULL, 0.0000000, 0.0000000, 1, NULL, '2022-11-30 12:08:58', NULL, NULL),
	(202, 289, 10, 2, 'Pejabat Setiausha Kerajaan Johor, Bahagian Khidmat Pengurusan,', 'Aras 1, Bangunan Dato Jaafar Muhammad', 'iskandar Puteri', 1, '79503', '072666970', NULL, NULL, 0.0000000, 0.0000000, 1, NULL, '2022-11-30 15:01:43', NULL, NULL),
	(203, 290, 10, 2, 'Pejabat Setiausha Kerajaan Johor, Bahagian Khidmat Pengurusan,', 'Aras 1, Bangunan Dato Jaafar Muhammad', 'iskandar Puteri', 1, '79503', '072666970', NULL, NULL, 0.0000000, 0.0000000, 1, NULL, '2022-11-30 15:01:46', NULL, NULL),
	(204, 291, 10, 2, 'Pejabat Setiausha Kerajaan Johor, Bahagian Khidmat Pengurusan,', 'Aras 1, Bangunan Dato Jaafar Muhammad', 'iskandar Puteri', 1, '79503', '072666970', NULL, NULL, 0.0000000, 0.0000000, 1, NULL, '2022-11-30 15:15:46', NULL, NULL),
	(205, 292, 3, 32, 'PENTADBIRAN KERAJAAN NEGERI JOHOR', 'ARAS 1,', 'BANGUNAN DATO\' JAAFAR MUHAMMAD,', 1, '79503', '6072266070', NULL, NULL, 0.0000000, 0.0000000, 1, NULL, '2022-12-01 09:25:05', NULL, NULL),
	(206, 293, 3, 32, 'PENTADBIRAN KERAJAAN NEGERI JOHOR', 'ARAS 1,', 'BANGUNAN DATO\' JAAFAR MUHAMMAD,', 1, '79503', '6072266070', NULL, NULL, 0.0000000, 0.0000000, 1, NULL, '2022-12-01 09:26:41', NULL, NULL),
	(207, 294, 7, 4, 'MAJLIS BANDARAYA JOHOR BAHRU', 'MENARA MBJB,', 'NO. 1, JALAN LINGKARAN DALAM, BUKIT SENYUM,', 1, '80300', '072198000', NULL, NULL, 0.0000000, 0.0000000, 1, NULL, '2022-12-02 16:30:31', NULL, NULL),
	(208, 295, 7, 4, 'MAJLIS BANDARAYA JOHOR BAHRU', 'MENARA MBJB,', 'NO. 1, JALAN LINGKARAN DALAM, BUKIT SENYUM,', 1, '80300', '072198000', NULL, NULL, 0.0000000, 0.0000000, 1, NULL, '2022-12-02 16:37:27', NULL, NULL),
	(209, 296, 7, 4, 'MAJLIS BANDARAYA JOHOR BAHRU', 'MENARA MBJB,', 'NO. 1, JALAN LINGKARAN DALAM, BUKIT SENYUM,', 1, '80300', '072198000', NULL, NULL, 0.0000000, 0.0000000, 1, NULL, '2022-12-02 16:43:05', NULL, NULL);
/*!40000 ALTER TABLE `users_address_office` ENABLE KEYS */;

-- Dumping structure for table staging_epro_kuarters_johor.users_child
CREATE TABLE IF NOT EXISTS `users_child` (
  `id` int(11) NOT NULL AUTO_INCREMENT,
  `users_id` int(11) NOT NULL DEFAULT '0',
  `child_name` varchar(255) DEFAULT NULL,
  `new_ic` varchar(50) DEFAULT NULL,
  `birth_cert` varchar(50) DEFAULT NULL,
  `is_cacat` tinyint(4) DEFAULT NULL,
  `data_status` tinyint(4) DEFAULT '1',
  `action_by` int(11) DEFAULT NULL,
  `action_on` datetime DEFAULT NULL,
  `delete_by` int(11) DEFAULT NULL,
  `delete_on` datetime DEFAULT NULL,
  PRIMARY KEY (`id`),
  KEY `FK_tenants_child_users` (`action_by`),
  KEY `FK_tenants_child_users_2` (`delete_by`),
  KEY `FK_tenants_child_users_3` (`users_id`),
  CONSTRAINT `FK_tenants_child_users` FOREIGN KEY (`action_by`) REFERENCES `users` (`id`) ON DELETE NO ACTION ON UPDATE NO ACTION,
  CONSTRAINT `FK_tenants_child_users_2` FOREIGN KEY (`delete_by`) REFERENCES `users` (`id`) ON DELETE NO ACTION ON UPDATE NO ACTION,
  CONSTRAINT `FK_tenants_child_users_3` FOREIGN KEY (`users_id`) REFERENCES `users` (`id`) ON DELETE NO ACTION ON UPDATE NO ACTION
) ENGINE=InnoDB AUTO_INCREMENT=135 DEFAULT CHARSET=latin1;

-- Dumping data for table staging_epro_kuarters_johor.users_child: ~116 rows (approximately)
/*!40000 ALTER TABLE `users_child` DISABLE KEYS */;
INSERT INTO `users_child` (`id`, `users_id`, `child_name`, `new_ic`, `birth_cert`, `is_cacat`, `data_status`, `action_by`, `action_on`, `delete_by`, `delete_on`) VALUES
	(1, 102, 'NABILA BINTI MUHAMMAD AMIRUL', '040606015868', NULL, 0, 1, 102, '2022-10-27 14:33:07', NULL, NULL),
	(2, 103, 'ARRIAN BIN MUHAMMAD HANIF', '010202016091', NULL, 1, 1, 103, '2022-11-17 11:11:19', NULL, NULL),
	(3, 106, 'DANIEL ARASH BIN MUHAMMAD ADAM', '020105015801', NULL, 1, 1, 106, '2022-10-13 04:05:00', NULL, NULL),
	(4, 107, 'AYASH BIN MUHAMMAD LUTFI', '041010015091', NULL, 0, 1, 107, '2022-11-21 11:00:14', NULL, NULL),
	(5, 110, 'ARYNNA BINTI MOHD YUSOF', '031003015864', NULL, 0, 1, 110, '2022-12-03 21:26:59', NULL, NULL),
	(6, 110, 'ARISHA BINTI MOHD YUSOF', '061225016464', NULL, 0, 1, 110, '2022-12-03 21:26:59', NULL, NULL),
	(7, 118, 'ROSE ARIANA BINTI AHMAD ASYRAF', '020506015862', NULL, 0, 1, 118, '2022-11-30 10:00:55', NULL, NULL),
	(8, 120, 'AQASH BIN AMIR HAFIZUDIN', '040505016868', NULL, 0, 1, 120, '2022-11-03 11:11:41', NULL, NULL),
	(9, 120, 'AMIRA FILZAH BINTI AMIR HAFIZUDIN', '011003016490', NULL, 0, 1, 120, '2022-11-03 11:11:41', NULL, NULL),
	(10, 121, 'FAHIM BIN MUHAMMAD FAHMI', '040523016461', NULL, 0, 1, 121, '2022-11-25 13:02:40', NULL, NULL),
	(11, 132, 'AZIMA BINTI AZFAR DANIAL', '040702015866', NULL, 0, 1, 132, '2022-11-06 12:21:29', NULL, NULL),
	(12, 133, 'DAIYAN BINTI DANISH SHAHMI', '020609015222', NULL, 0, 1, 133, '2022-12-01 11:14:01', NULL, NULL),
	(13, 135, 'ALYA BINTI ANAS', '010405013232', NULL, 0, 1, 135, '2022-12-01 11:15:29', NULL, NULL),
	(14, 136, 'DARIYA ALYA BINTI DANIAL', '040603015462', NULL, 0, 1, 136, '2022-11-17 11:44:40', NULL, NULL),
	(15, 140, 'SYAHMI BIN SOLIHIN', '010407015124', NULL, 0, 1, 140, '2022-12-01 11:12:32', NULL, NULL),
	(16, 141, 'RIYAD BIN RIFAI HAIKAL', '020405011234', NULL, 0, 1, 141, '2022-11-29 14:25:18', NULL, NULL),
	(17, 68, 'ANDRA DANISH BIN AHMAD DANIEL', '080606015861', NULL, 0, 1, 68, '2022-11-29 22:07:37', NULL, NULL),
	(21, 228, 'IZZ ZARA ARISSA BINTI HELMIZAM', '131015050060', '@NULL', 0, 1, NULL, '2022-11-13 11:28:52', NULL, NULL),
	(22, 228, 'MALEEQ ALTHAF BIN HELMIZAM', '150219050269', '@NULL', 0, 1, NULL, '2022-11-13 11:28:52', NULL, NULL),
	(23, 228, 'RAISSA MALAQ BINTI HELMIZAM', '160914011148', '@NULL', 0, 1, NULL, '2022-11-13 11:28:52', NULL, NULL),
	(27, 230, 'TENGKU IZZ BIN TENGKU TARMIZI', '110921010797', '@NULL', 0, 1, NULL, '2022-11-13 12:47:58', NULL, NULL),
	(31, 233, 'MUHAMMAD LUTFI BIN ISMAIL', '020309010097', '020309010097   ', 0, 1, 233, '2022-11-14 10:04:56', NULL, NULL),
	(32, 233, 'MUHAMMAD NUR IMAN BIN ISMAIL', '940416016197', '940416016197   ', 0, 1, 233, '2022-11-14 10:04:56', NULL, NULL),
	(33, 233, 'MUHAMMAD NUR SUFI BIN ISMAIL', '970810015907', '970810015907   ', 0, 1, 233, '2022-11-14 10:04:56', NULL, NULL),
	(34, 233, 'MUHAMMAD RIDHA BIN ISMAIL', '920712015625', '920712015625   ', 0, 1, 233, '2022-11-14 10:04:56', NULL, NULL),
	(35, 233, 'NUR HIDAYAH AISYAH BINTI ABDULLAH', '@NULL', '040119010588   ', 0, 1, 233, '2022-11-14 10:04:56', NULL, NULL),
	(36, 233, 'NUR HIDAYAH AISYAR', '040119010588', 'BG07617        ', 0, 1, 233, '2022-11-14 10:04:56', NULL, NULL),
	(37, 234, 'IZZ ZARA ARISSA BINTI HELMIZAM', '131015050060', '@NULL', 0, 1, NULL, '2022-11-14 09:45:02', NULL, NULL),
	(38, 234, 'MALEEQ ALTHAF BIN HELMIZAM', '150219050269', '@NULL', 0, 1, NULL, '2022-11-14 09:45:02', NULL, NULL),
	(39, 234, 'RAISSA MALAQ BINTI HELMIZAM', '160914011148', '@NULL', 0, 1, NULL, '2022-11-14 09:45:02', NULL, NULL),
	(40, 235, 'ADAM MUKHRIZ BIN IDRIS', '100901010379', '@NULL', 0, 1, NULL, '2022-11-14 11:02:17', NULL, NULL),
	(41, 236, 'NUR ALYA FATINI BINTI MOHAMED FAIZAL', '130831010484', 'CX82688        ', 0, 1, NULL, '2022-11-14 18:11:00', NULL, NULL),
	(42, 236, 'NUR ARISSA BINTI MOHAMED FAIZAL', '110908011840', 'CP04040        ', 0, 1, NULL, '2022-11-14 18:11:00', NULL, NULL),
	(43, 236, 'NUR AYRA FATIYA BINTI MOHAMED FAIZAL', '160520011372', 'DK03478        ', 0, 1, NULL, '2022-11-14 18:11:00', NULL, NULL),
	(44, 237, 'NUR ALYA FATINI BINTI MOHAMED FAIZAL', '130831010484', 'CX82688        ', 0, 1, NULL, '2022-11-14 18:11:03', NULL, NULL),
	(45, 237, 'NUR ARISSA BINTI MOHAMED FAIZAL', '110908011840', 'CP04040        ', 0, 1, NULL, '2022-11-14 18:11:03', NULL, NULL),
	(46, 237, 'NUR AYRA FATIYA BINTI MOHAMED FAIZAL', '160520011372', 'DK03478        ', 0, 1, NULL, '2022-11-14 18:11:03', NULL, NULL),
	(47, 243, 'DAALIYA KAAMILA BINTI MUHAMAD HANIF', '210429010726', '@NULL', 0, 1, NULL, '2022-11-17 10:30:37', NULL, NULL),
	(48, 243, 'DAYYAANA KHAALISA BINTI MUHAMAD HANIF', '171110010784', 'DQ50751        ', 0, 1, NULL, '2022-11-17 10:30:37', NULL, NULL),
	(49, 243, 'DEENA NUR KHAYYIRA BINTI MUHAMAD HANIF', '151014010890', '@NULL', 0, 1, NULL, '2022-11-17 10:30:37', NULL, NULL),
	(50, 244, 'NUR ALYA FATINI BINTI MOHAMED FAIZAL', '130831010484', '@NULL', 0, 1, NULL, '2022-11-17 11:34:33', NULL, NULL),
	(51, 244, 'NUR ARISSA BINTI MOHAMED FAIZAL', '110908111840', '@NULL', 0, 1, NULL, '2022-11-17 11:34:33', NULL, NULL),
	(52, 244, 'NUR AYRA FATIYA BINTI MOHAMED FAIZAL', '160520011372', 'DK03478        ', 0, 1, NULL, '2022-11-17 11:34:33', NULL, NULL),
	(53, 246, 'MUHAMMMAD HARIS BIN MOHAMAD HANAFI', '170716010987', 'DP40054        ', 0, 1, NULL, '2022-11-17 11:46:54', NULL, NULL),
	(54, 247, 'RIFA DELISHA BINTI LAHAT DADOK', '110606101488', '@NULL', 0, 1, NULL, '2022-11-22 09:01:36', NULL, NULL),
	(55, 248, 'ARYAN HAQEEN BIN MOHD ARIFF', '170607010179', '@NULL', 0, 1, NULL, '2022-11-22 09:05:45', NULL, NULL),
	(56, 248, 'ARYQA HAWRA BINTI MOHD ARIFF', '191012010658', '@NULL', 0, 1, NULL, '2022-11-22 09:05:45', NULL, NULL),
	(57, 248, 'ARYSA HAJRA BINTI MOHD ARIFF', '211229010128', 'DAG23339       ', 0, 1, NULL, '2022-11-22 09:05:45', NULL, NULL),
	(58, 250, 'NUH ANAQI BIN SHAHRUL AZHAN', '211028011271', 'DAG22965       ', 0, 1, NULL, '2022-11-23 10:14:39', NULL, NULL),
	(59, 250, 'NURUL AUNI BINTI SHAHRUL AZHAN', '130108050348', '@NULL', 0, 1, NULL, '2022-11-23 10:14:39', NULL, NULL),
	(60, 250, 'NURUL AYNA BINTI SHAHRUL AZHAN', '17221005    ', '@NULL', 0, 1, NULL, '2022-11-23 10:14:39', NULL, NULL),
	(61, 251, 'ADZIM NAIM FARIDUDDIN BIN AFIZ', '960503016003', '960503016003   ', 0, 1, 251, '2022-12-01 11:07:01', NULL, NULL),
	(62, 251, 'ADZIM NIDZAM FIRDAUS BIN AFIZ', '921231015039', '@NULL', 0, 1, 251, '2022-12-01 11:07:01', NULL, NULL),
	(63, 251, 'AHMAD NADZIM FAHMI BIN AFIZ', '010215010935', '010215010935   ', 0, 1, 251, '2022-12-01 11:07:01', NULL, NULL),
	(65, 253, 'RIFA DELISHA BINTI LAHAT DADOK', '110606101488', '@NULL', 0, 1, NULL, '2022-11-23 11:50:51', NULL, NULL),
	(66, 255, 'NUR ALYA FATINI BINTI MOHAMED FAIZAL', '130831010484', 'CX82688        ', 0, 1, 255, '2022-11-28 22:34:43', NULL, NULL),
	(67, 255, 'NUR ARISSA BINTI MOHAMED FAIZAL', '110908011840', 'CP04040        ', 0, 1, 255, '2022-11-28 22:34:43', NULL, NULL),
	(68, 255, 'NUR AYRA FATIYA BINTI MOHAMED FAIZAL', '160520011372', 'DK03478        ', 0, 1, 255, '2022-11-28 22:34:43', NULL, NULL),
	(69, 256, 'MUHAMMMAD HARIS BIN MOHAMAD HANAFI', '170716010987', 'DP40054        ', 0, 1, NULL, '2022-11-28 22:03:11', NULL, NULL),
	(78, 264, 'ABDUL HAKIM BIN ABDUL MALEK', '150304010309', 'DD16146        ', 0, 1, NULL, '2022-11-29 10:25:11', NULL, NULL),
	(79, 264, 'NUR AMNI HAZIRAH BINTI ABDUL MALEK', '111227010118', 'CQ 66863       ', 0, 1, NULL, '2022-11-29 10:25:11', NULL, NULL),
	(80, 266, 'ARYAN HAQEEN BIN MOHD ARIFF', '170607010179', '@NULL', 0, 1, 266, '2022-11-29 16:04:41', NULL, NULL),
	(81, 266, 'ARYQA HAWRA BINTI MOHD ARIFF', '191012010658', '@NULL', 0, 1, 266, '2022-11-29 16:04:41', NULL, NULL),
	(82, 266, 'ARYSA HAJRA BINTI MOHD ARIFF', '211229010128', 'DAG23339       ', 0, 1, 266, '2022-11-29 16:04:41', NULL, NULL),
	(83, 267, 'MUHAMMMAD HARIS BIN MOHAMAD HANAFI', '170716010987', 'DP40054        ', 0, 1, 267, '2022-11-29 12:32:30', NULL, NULL),
	(84, 273, 'NUH ANAQI BIN SHAHRUL AZHAN', '211028011271', 'DAG22965       ', 0, 1, NULL, '2022-11-29 12:22:25', NULL, NULL),
	(85, 273, 'NURUL AUNI BINTI SHAHRUL AZHAN', '130108050348', '@NULL', 0, 1, NULL, '2022-11-29 12:22:25', NULL, NULL),
	(86, 273, 'NURUL AYNA BINTI SHAHRUL AZHAN', '17221005    ', '@NULL', 0, 1, NULL, '2022-11-29 12:22:25', NULL, NULL),
	(87, 274, 'MUHAMMAD HARRAZ LUQMAN BIN MOHD AZIUDDIN', '170301010213', 'DM12933        ', 0, 1, 274, '2022-11-30 15:16:33', NULL, NULL),
	(88, 276, 'MUHAMAD HAZIM BIN OTHMAN', '970129016175', 'AE 43044       ', 0, 1, NULL, '2022-11-29 16:52:17', NULL, NULL),
	(89, 276, 'MUHAMAD SYAHMI BIN OTHMAN', '960126145423', 'AB 96147       ', 0, 1, NULL, '2022-11-29 16:52:17', NULL, NULL),
	(90, 276, 'MUHAMMAD IRFAN BIN OTHMAN', '050329010139', '050329010139   ', 0, 1, NULL, '2022-11-29 16:52:17', NULL, NULL),
	(91, 276, 'NURUL SYAFIQAH BINTI OTHMAN', '991111015038', '991111015038   ', 0, 1, NULL, '2022-11-29 16:52:17', NULL, NULL),
	(92, 277, 'ISZAIRULAQMAL BIN ISMAIL', '080905010741', '080905         ', 0, 1, NULL, '2022-11-29 16:54:11', NULL, NULL),
	(93, 277, 'ISZUDEEN BIN ISMAIL', '980830015639', '989833         ', 0, 1, NULL, '2022-11-29 16:54:11', NULL, NULL),
	(94, 277, 'ISZUREEN BT ISMAIL', '990916015444', '999001         ', 0, 1, NULL, '2022-11-29 16:54:11', NULL, NULL),
	(95, 277, 'ISZUWANEEZA BT ISMAIL', '001008011164', '200034         ', 0, 1, NULL, '2022-11-29 16:54:11', NULL, NULL),
	(96, 280, 'ALISHA HUMAIRA BINTI SAIFUL SHAHRUL', '160331011138', '@NULL', 0, 1, NULL, '2022-11-30 10:06:13', NULL, NULL),
	(97, 280, 'MUHAMMD DANISH ZAFRI BIN SAIFUL SHAHRUL', '101003011315', '101003011315   ', 0, 1, NULL, '2022-11-30 10:06:13', NULL, NULL),
	(98, 281, 'ALISHA HUMAIRA BINTI SAIFUL SHAHRUL', '160331011138', '@NULL', 0, 1, NULL, '2022-11-30 10:49:14', NULL, NULL),
	(99, 281, 'MUHAMMD DANISH ZAFRI BIN SAIFUL SHAHRUL', '101003011315', '101003011315   ', 0, 1, NULL, '2022-11-30 10:49:14', NULL, NULL),
	(100, 282, 'ISZAIRULAQMAL BIN ISMAIL', '080905010741', '080905         ', 0, 1, NULL, '2022-11-30 10:49:30', NULL, NULL),
	(101, 282, 'ISZUDEEN BIN ISMAIL', '980830015639', '989833         ', 0, 1, NULL, '2022-11-30 10:49:30', NULL, NULL),
	(102, 282, 'ISZUREEN BT ISMAIL', '990916015444', '999001         ', 0, 1, NULL, '2022-11-30 10:49:30', NULL, NULL),
	(103, 282, 'ISZUWANEEZA BT ISMAIL', '001008011164', '200034         ', 0, 1, NULL, '2022-11-30 10:49:30', NULL, NULL),
	(104, 283, 'MUHAMMAD FIRDAUS', '040323010817', 'BG 13072       ', 0, 1, NULL, '2022-11-30 10:49:37', NULL, NULL),
	(105, 283, 'NUR HIDAYAH BINTI JALIL', '980519016620', 'AH 74012       ', 0, 1, NULL, '2022-11-30 10:49:37', NULL, NULL),
	(106, 283, 'NURUL ASYIKIN BINTI JALIL', '010915010338', 'AW 82040       ', 0, 1, NULL, '2022-11-30 10:49:37', NULL, NULL),
	(107, 283, 'NURUL BALQIS BINTI JALIL', '990721016420', '@NULL', 0, 1, NULL, '2022-11-30 10:49:37', NULL, NULL),
	(108, 284, 'ALISHA HUMAIRA BINTI SAIFUL SHAHRUL', '160331011138', '@NULL', 0, 1, NULL, '2022-11-30 10:50:08', NULL, NULL),
	(109, 284, 'MUHAMMD DANISH ZAFRI BIN SAIFUL SHAHRUL', '101003011315', '101003011315   ', 0, 1, NULL, '2022-11-30 10:50:08', NULL, NULL),
	(110, 285, 'MUHAMMAD FARIZ BIN MOHD FARID', '160719010983', '160719-01-0983 ', 0, 1, NULL, '2022-11-30 11:11:59', NULL, NULL),
	(111, 286, 'MUHAMMAD HARIZ HAMKA', '200404010173', '@NULL', 0, 1, NULL, '2022-11-30 11:12:58', NULL, NULL),
	(112, 286, 'MUHAMMAD HARRAZ HAMKA BIN MOHD FIRDAUS', '160531010295', '@NULL', 0, 1, NULL, '2022-11-30 11:12:58', NULL, NULL),
	(113, 287, 'IZZ ZARA ARISSA BINTI HELMIZAM', '871108235869', 'cx 71973       ', 0, 1, NULL, '2022-11-30 12:06:43', NULL, NULL),
	(114, 287, 'MALEEQ ALTHAF BIN HELMIZAM', '150219050269', 'DD 05086       ', 0, 1, NULL, '2022-11-30 12:06:43', NULL, NULL),
	(115, 287, 'RAISSA MALAQ BINTI HELMIZAM', '160914011148', 'cx 12567       ', 0, 1, NULL, '2022-11-30 12:06:43', NULL, NULL),
	(116, 288, 'IZZ ZARA ARISSA BINTI HELMIZAM', '131015050060', '@NULL', 0, 1, NULL, '2022-11-30 12:08:59', NULL, NULL),
	(117, 288, 'MALEEQ ALTHAF BIN HELMIZAM', '150219050269', '@NULL', 0, 1, NULL, '2022-11-30 12:08:59', NULL, NULL),
	(118, 288, 'RAISSA MALAQ BINTI HELMIZAM', '160914011148', '@NULL', 0, 1, NULL, '2022-11-30 12:08:59', NULL, NULL),
	(119, 289, 'IZZ ZARA ARISSA BINTI HELMIZAM', '131015050060', '@NULL', 0, 1, NULL, '2022-11-30 15:01:45', NULL, NULL),
	(120, 289, 'MALEEQ ALTHAF BIN HELMIZAM', '150219050269', '@NULL', 0, 1, NULL, '2022-11-30 15:01:45', NULL, NULL),
	(121, 289, 'RAISSA MALAQ BINTI HELMIZAM', '160914011148', '@NULL', 0, 1, NULL, '2022-11-30 15:01:45', NULL, NULL),
	(122, 290, 'IZZ ZARA ARISSA BINTI HELMIZAM', '131015050060', '@NULL', 0, 1, NULL, '2022-11-30 15:01:48', NULL, NULL),
	(123, 290, 'MALEEQ ALTHAF BIN HELMIZAM', '150219050269', '@NULL', 0, 1, NULL, '2022-11-30 15:01:48', NULL, NULL),
	(124, 290, 'RAISSA MALAQ BINTI HELMIZAM', '160914011148', '@NULL', 0, 1, NULL, '2022-11-30 15:01:48', NULL, NULL),
	(125, 291, 'IZZ ZARA ARISSA BINTI HELMIZAM', '131015050060', '@NULL', 0, 1, NULL, '2022-11-30 15:15:47', NULL, NULL),
	(126, 291, 'MALEEQ ALTHAF BIN HELMIZAM', '150219050269', '@NULL', 0, 1, NULL, '2022-11-30 15:15:47', NULL, NULL),
	(127, 291, 'RAISSA MALAQ BINTI HELMIZAM', '160914011148', '@NULL', 0, 1, NULL, '2022-11-30 15:15:47', NULL, NULL),
	(128, 292, 'MUHAMAD HAZIM BIN OTHMAN', '970129016175', 'AE 43044       ', 0, 1, NULL, '2022-12-01 09:25:07', NULL, NULL),
	(129, 292, 'MUHAMAD SYAHMI BIN OTHMAN', '960126145423', 'AB 96147       ', 0, 1, NULL, '2022-12-01 09:25:07', NULL, NULL),
	(130, 292, 'MUHAMMAD IRFAN BIN OTHMAN', '050329010139', '050329010139   ', 0, 1, NULL, '2022-12-01 09:25:07', NULL, NULL),
	(131, 292, 'NURUL SYAFIQAH BINTI OTHMAN', '991111015038', '991111015038   ', 0, 1, NULL, '2022-12-01 09:25:07', NULL, NULL),
	(132, 294, 'TENGKU IZZ BIN TENGKU TARMIZI', '110921010797', '@NULL', 0, 1, NULL, '2022-12-02 16:30:33', NULL, NULL),
	(133, 295, 'TENGKU IZZ BIN TENGKU TARMIZI', '110921010797', '@NULL', 0, 1, NULL, '2022-12-02 16:37:28', NULL, NULL),
	(134, 296, 'TENGKU IZZ BIN TENGKU TARMIZI', '110921010797', '@NULL', 0, 1, NULL, '2022-12-02 16:43:07', NULL, NULL);
/*!40000 ALTER TABLE `users_child` ENABLE KEYS */;

-- Dumping structure for table staging_epro_kuarters_johor.users_child_attachment
CREATE TABLE IF NOT EXISTS `users_child_attachment` (
  `id` int(11) NOT NULL AUTO_INCREMENT,
  `application_id` int(11) DEFAULT NULL,
  `users_child_id` int(11) DEFAULT NULL,
  `path_document` text,
  `data_status` tinyint(4) DEFAULT NULL,
  `action_by` int(11) DEFAULT NULL,
  `action_on` datetime DEFAULT NULL,
  `delete_by` int(11) DEFAULT NULL,
  `delete_on` datetime DEFAULT NULL,
  PRIMARY KEY (`id`),
  KEY `FK_users_child_attachment_users_child` (`users_child_id`),
  KEY `FK_users_child_attachment_users` (`action_by`),
  KEY `FK_users_child_attachment_users_2` (`delete_by`),
  KEY `FK_users_child_attachment_application` (`application_id`)
) ENGINE=InnoDB AUTO_INCREMENT=37 DEFAULT CHARSET=latin1;

-- Dumping data for table staging_epro_kuarters_johor.users_child_attachment: ~30 rows (approximately)
/*!40000 ALTER TABLE `users_child_attachment` DISABLE KEYS */;
INSERT INTO `users_child_attachment` (`id`, `application_id`, `users_child_id`, `path_document`, `data_status`, `action_by`, `action_on`, `delete_by`, `delete_on`) VALUES
	(7, 8, 80, 'documents/child_attachment/EIQ7O2s0cGiCHfILUQeCxtwWJWkEZo6ynKMpTdmG.png', 1, 266, '2022-11-29 12:07:10', NULL, NULL),
	(8, 8, 81, 'documents/child_attachment/K15qGhz2pC7WaWkGmt0PnUfDIAfVKRuUdmdRlySx.png', 1, 266, '2022-11-29 12:07:10', NULL, NULL),
	(9, 8, 82, 'documents/child_attachment/h9dzyDkgjd4Jg8AZzhOTrTEVFmoMS0ynZzaLzJfS.png', 1, 266, '2022-11-29 12:07:10', NULL, NULL),
	(10, 9, 80, 'documents/child_attachment/HVQz5SFflL5GekobJpFffiJlJRbvP8BAmVidd1MG.pdf', 1, 266, '2022-11-29 12:10:24', NULL, NULL),
	(11, 9, 81, 'documents/child_attachment/LUNHkpIvBQP29P22n3cTkfrLxcSZSedIDMGHgazG.pdf', 1, 266, '2022-11-29 12:10:24', NULL, NULL),
	(12, 9, 82, 'documents/child_attachment/DWKXbWnMSQUv80PXuPZggex5vJ4Dg5vX2W3JjY5F.pdf', 1, 266, '2022-11-29 12:10:24', NULL, NULL),
	(13, 10, 83, 'documents/child_attachment/cI5MAy4CmLPB5IjWYSpjytDhWocbqadP95LsXlvg.pdf', 1, 267, '2022-11-29 12:32:30', NULL, NULL),
	(14, 11, 16, 'documents/child_attachment/0CggjWYn16a3gtPliScFXRT7tcQmxyejdnSXAzoJ.jpg', 1, 141, '2022-11-29 14:25:18', NULL, NULL),
	(15, 13, 80, 'documents/child_attachment/7y4voCCvS1oWGNmQ7Dy9P32oDHvrozjYkWm75g74.pdf', 1, 266, '2022-11-29 15:53:13', NULL, NULL),
	(16, 13, 81, 'documents/child_attachment/5ruVxxB6fEZ8ADCjTTLo7vyvAMG2T2JGlCdoRgzS.pdf', 1, 266, '2022-11-29 15:53:13', NULL, NULL),
	(17, 13, 82, 'documents/child_attachment/rCT2ZMkThYSpKQXIh6fQaSJUW9NqYeaqnmQLFiQ0.pdf', 1, 266, '2022-11-29 15:53:13', NULL, NULL),
	(18, 14, 80, 'documents/child_attachment/7y4voCCvS1oWGNmQ7Dy9P32oDHvrozjYkWm75g74.pdf', 1, 266, '2022-11-29 16:03:11', NULL, NULL),
	(19, 14, 81, 'documents/child_attachment/5ruVxxB6fEZ8ADCjTTLo7vyvAMG2T2JGlCdoRgzS.pdf', 1, 266, '2022-11-29 16:03:11', NULL, NULL),
	(20, 14, 82, 'documents/child_attachment/rCT2ZMkThYSpKQXIh6fQaSJUW9NqYeaqnmQLFiQ0.pdf', 1, 266, '2022-11-29 16:03:11', NULL, NULL),
	(21, 15, 17, 'documents/child_attachment/AQOs6jtn1QMJc94HMM7lbeCjDvLUKrKWEKmx4K3N.jpg', 1, 68, '2022-11-29 22:07:37', NULL, NULL),
	(22, 17, 7, 'documents/child_attachment/DsbhID2mx5fyNGgRyuGOnL6tPLiytNQBaEyWZXfl.jpg', 1, 118, '2022-11-30 09:59:42', NULL, NULL),
	(23, 23, 87, 'documents/child_attachment/AS74mpMhueSkckO7DGbyl924nNzmVV849HF1q9f2.png', 1, 274, '2022-11-30 15:16:33', NULL, NULL),
	(24, 24, 15, 'documents/child_attachment/6AWyX8ehb1j7CErW7vBAv48FudDcL3wvGoxdkcua.pdf', 1, 140, '2022-12-01 09:09:26', NULL, NULL),
	(25, 28, 12, 'documents/child_attachment/TcLdd855mZGZhGltkEqaRlpTQjuxfHm3KdsdXMDI.jpg', 1, 133, '2022-12-01 10:14:27', NULL, NULL),
	(26, 29, 13, 'documents/child_attachment/zOK2dUQb7vDtPy3VShd7f1SJ7J6GZXvYnIOlJkB0.jpg', 1, 135, '2022-12-01 10:18:21', NULL, NULL),
	(27, 30, 12, 'documents/child_attachment/TcLdd855mZGZhGltkEqaRlpTQjuxfHm3KdsdXMDI.jpg', 1, 133, '2022-12-01 11:05:09', NULL, NULL),
	(28, 31, 61, 'documents/child_attachment/t8Yk70RlHYiLtaomdesrPiUa6ZFeGzO2IX9A5vVA.pdf', 1, 251, '2022-12-01 11:07:01', NULL, NULL),
	(29, 31, 62, 'documents/child_attachment/7rugyM6H2udjiDYQGFTgzhmMl9a5m0wUMkcOltOf.pdf', 1, 251, '2022-12-01 11:07:01', NULL, NULL),
	(30, 31, 63, 'documents/child_attachment/qIMRLWGW0ai5PVQHZKi5YDr1NX4W1QXGGAbmEyay.pdf', 1, 251, '2022-12-01 11:07:01', NULL, NULL),
	(31, 34, 13, 'documents/child_attachment/zOK2dUQb7vDtPy3VShd7f1SJ7J6GZXvYnIOlJkB0.jpg', 1, 135, '2022-12-01 11:09:39', NULL, NULL),
	(32, 35, 15, 'documents/child_attachment/6AWyX8ehb1j7CErW7vBAv48FudDcL3wvGoxdkcua.pdf', 1, 140, '2022-12-01 11:09:44', NULL, NULL),
	(33, 36, 5, 'documents/child_attachment/0cUnpB6I5loW4k5ctICdUhgm96qAnis34J64iLWn.jpg', 1, 110, '2022-12-03 20:41:16', NULL, NULL),
	(34, 36, 6, 'documents/child_attachment/DevqRJrjU0ftluwJJv4iFvVahedzhC8aUzTG2nlF.jpg', 1, 110, '2022-12-03 20:41:16', NULL, NULL),
	(35, 37, 5, 'documents/child_attachment/POBlIeOkP3i288TN7qcMTlIl3WN82J1wyBgyCX6q.jpg', 1, 110, '2022-12-03 21:24:59', NULL, NULL),
	(36, 37, 6, 'documents/child_attachment/AbLKNFDpAhybmc3d0cFXPfOuynSahC748Dap2wNK.jpg', 1, 110, '2022-12-03 21:24:59', NULL, NULL);
/*!40000 ALTER TABLE `users_child_attachment` ENABLE KEYS */;

-- Dumping structure for table staging_epro_kuarters_johor.users_policy
CREATE TABLE IF NOT EXISTS `users_policy` (
  `id` int(11) NOT NULL AUTO_INCREMENT,
  `roles_id` int(11) DEFAULT NULL,
  `users_id` int(11) DEFAULT NULL,
  `data_status` int(11) DEFAULT '1',
  `action_by` int(11) DEFAULT NULL,
  `action_on` datetime DEFAULT NULL,
  `delete_by` int(11) DEFAULT NULL,
  `delete_on` datetime DEFAULT NULL,
  PRIMARY KEY (`id`)
) ENGINE=InnoDB DEFAULT CHARSET=latin1;

-- Dumping data for table staging_epro_kuarters_johor.users_policy: ~0 rows (approximately)
/*!40000 ALTER TABLE `users_policy` DISABLE KEYS */;
/*!40000 ALTER TABLE `users_policy` ENABLE KEYS */;

-- Dumping structure for table staging_epro_kuarters_johor.users_salary
CREATE TABLE IF NOT EXISTS `users_salary` (
  `id` int(11) NOT NULL AUTO_INCREMENT,
  `application_id` int(11) NOT NULL DEFAULT '0',
  `new_ic` varchar(50) DEFAULT NULL,
  `basic_salary` decimal(10,2) DEFAULT NULL,
  `itp` decimal(10,2) DEFAULT NULL,
  `bsh` decimal(10,2) DEFAULT NULL,
  `no_gaji` varchar(50) DEFAULT NULL,
  `data_status` tinyint(4) DEFAULT '1',
  `action_by` int(11) DEFAULT NULL,
  `action_on` datetime DEFAULT NULL,
  `delete_by` int(11) DEFAULT NULL,
  `delete_on` datetime DEFAULT NULL,
  PRIMARY KEY (`id`),
  KEY `FK_users_salary_users` (`new_ic`),
  CONSTRAINT `FK_users_salary_users` FOREIGN KEY (`new_ic`) REFERENCES `users` (`new_ic`) ON DELETE NO ACTION ON UPDATE NO ACTION
) ENGINE=InnoDB AUTO_INCREMENT=434 DEFAULT CHARSET=latin1;

-- Dumping data for table staging_epro_kuarters_johor.users_salary: ~399 rows (approximately)
/*!40000 ALTER TABLE `users_salary` DISABLE KEYS */;
INSERT INTO `users_salary` (`id`, `application_id`, `new_ic`, `basic_salary`, `itp`, `bsh`, `no_gaji`, `data_status`, `action_by`, `action_on`, `delete_by`, `delete_on`) VALUES
	(2, 0, '830113030255', 2750.00, 0.00, 0.00, 'A090088', 1, NULL, NULL, NULL, NULL),
	(3, 0, '930429060653', 1760.00, 0.00, 0.00, 'A788978', 1, NULL, NULL, NULL, NULL),
	(4, 0, '920917060441', 2000.00, 0.00, 0.00, 'A123345', 1, NULL, NULL, NULL, NULL),
	(5, 0, '930811110412', 2300.00, 0.00, 0.00, 'A876543', 1, NULL, NULL, NULL, NULL),
	(6, 0, '930216060262', 2000.00, 0.00, 0.00, 'A876123', 1, NULL, NULL, NULL, NULL),
	(7, 0, '931207060222', 1760.00, 0.00, 0.00, 'A876234', 1, NULL, NULL, NULL, NULL),
	(8, 0, '930918060304', 2500.00, 0.00, 0.00, 'A321456', 1, NULL, NULL, NULL, NULL),
	(9, 2, '830113030255', 2500.00, 250.00, 300.00, 'A123485', 1, 68, '2022-08-21 04:12:14', NULL, NULL),
	(10, 3, '830113030255', 2500.00, 300.00, 250.00, 'A123456', 1, 68, '2022-08-21 04:20:29', NULL, NULL),
	(11, 4, '830113030255', 2500.00, 300.00, 350.00, 'A123485', 1, 68, '2022-08-21 06:06:54', NULL, NULL),
	(12, 5, '830113030255', 3000.00, 200.00, 300.00, '730411016168', 1, 68, '2022-08-21 06:30:27', NULL, NULL),
	(13, 6, '930918060304', 2500.00, 400.00, 100.00, 'ic', 1, 74, '2022-08-21 06:37:16', NULL, NULL),
	(14, 7, '930918060304', 2222.00, 333.00, 100.00, '930918060304', 1, 74, '2022-08-21 07:25:03', NULL, NULL),
	(15, 8, '930216060262', 1500.00, 200.00, 500.00, '1122334455', 1, 72, '2022-08-22 01:41:25', NULL, NULL),
	(16, 9, '930811110412', 2000.00, 100.00, 200.00, '6677889944', 1, 71, '2022-08-23 02:34:21', NULL, NULL),
	(17, 10, '930216060262', 0.00, 0.00, 0.00, '123217491', 1, 72, '2022-08-22 02:17:25', NULL, NULL),
	(18, 11, '930216060262', 2500.00, 300.00, 300.00, 'A789456', 1, 72, '2022-08-22 02:54:50', NULL, NULL),
	(19, 12, '930918060304', 3500.00, 300.00, 300.00, 'A789459', 1, 74, '2022-08-22 03:16:23', NULL, NULL),
	(20, 13, '930216060262', 0.00, 0.00, 0.00, '930216060262', 1, 72, '2022-08-23 02:27:52', NULL, NULL),
	(21, 14, '830113030255', 5000.50, 300.00, 300.00, '4500', 1, 68, '2022-08-23 02:30:48', NULL, NULL),
	(22, 15, '930811110412', 0.00, 0.00, 0.00, '878754520254', 1, 71, '2022-08-23 02:32:41', NULL, NULL),
	(23, 16, '830113030255', 2500.00, 300.00, 250.00, '123458', 1, 68, '2022-08-24 03:12:23', NULL, NULL),
	(24, 17, '830113030255', 3000.00, 250.00, 300.00, '123458', 1, 68, '2022-08-24 03:30:28', NULL, NULL),
	(25, 18, '921111011111', 4000.00, 350.00, 250.00, '123474', 1, 51, '2022-08-24 03:57:18', NULL, NULL),
	(26, 19, '921111011111', 3000.00, 300.00, 250.00, '123459', 1, 51, '2022-08-25 01:49:50', NULL, NULL),
	(27, 21, '921111011111', 3500.00, 300.00, 250.00, '123472', 1, 51, '2022-08-25 03:22:38', NULL, NULL),
	(28, 22, '830113030255', 3000.00, 300.00, 250.00, '123474', 1, 68, '2022-08-28 02:28:39', NULL, NULL),
	(29, 23, '921111011111', 2500.00, 300.00, 250.00, '123485', 1, 51, '2022-08-28 04:01:15', NULL, NULL),
	(30, 24, '830113030255', 3000.00, 250.00, 300.00, '830113030255', 1, 68, '2022-08-28 16:02:18', NULL, NULL),
	(31, 25, '830113030255', 3000.00, 350.00, 250.00, '830113030255', 1, 68, '2022-08-28 16:18:11', NULL, NULL),
	(32, 26, '830113030255', 3000.00, 250.00, 300.00, '830113030255', 1, 68, '2022-08-29 02:15:28', NULL, NULL),
	(33, 27, '931207060222', 0.00, 0.00, 0.00, '931207060222', 1, 73, '2022-08-29 03:07:55', NULL, NULL),
	(34, 28, '999999999999', 3800.00, 300.00, 350.00, '999999999999', 1, 10, '2022-08-29 03:29:25', NULL, NULL),
	(35, 29, '830113030255', 3500.00, 200.00, 300.00, '830113030255', 1, 68, '2022-08-29 03:49:54', NULL, NULL),
	(36, 30, '830113030255', 2500.00, 300.00, 200.00, '830113030255', 1, 68, '2022-08-29 06:35:33', NULL, NULL),
	(37, 31, '830113030255', 0.00, 0.00, 0.00, '830113030255', 1, 68, '2022-08-29 06:47:19', NULL, NULL),
	(38, 32, '930216060262', 3500.00, 200.00, 300.00, '930216060262', 1, 72, '2022-08-29 06:57:15', NULL, NULL),
	(39, 33, '830113030255', 2500.00, 200.00, 200.00, '830113030255', 1, 68, '2022-08-29 07:25:29', NULL, NULL),
	(40, 34, '930918060304', 3500.00, 200.00, 300.00, '930918060304', 1, 74, '2022-08-29 12:32:37', NULL, NULL),
	(41, 35, '999999999999', 0.00, 0.00, 0.00, '123456', 1, 10, '2022-08-30 02:14:47', NULL, NULL),
	(42, 36, '999999999999', 3500.00, 250.00, 300.00, '999999999999', 1, 10, '2022-09-01 06:44:35', NULL, NULL),
	(43, 37, '920917060441', 1500.00, 200.00, 250.00, '920917060441', 1, 70, '2022-09-01 07:12:14', NULL, NULL),
	(44, 38, '999999999999', 3500.00, 250.00, 300.00, '999999999999', 1, 10, '2022-09-01 07:24:27', NULL, NULL),
	(45, 39, '920917060441', 0.00, 0.00, 0.00, '920917060441', 1, 70, '2022-09-01 07:27:37', NULL, NULL),
	(46, 40, '920917060441', 0.00, 0.00, 0.00, '920917060441', 1, 70, '2022-09-01 07:32:01', NULL, NULL),
	(47, 41, '830113030255', 0.00, 0.00, 0.00, '830113030255', 1, 68, '2022-09-04 02:10:15', NULL, NULL),
	(48, 42, '930429060653', 2500.00, 0.00, 300.00, '930429060653', 1, 69, '2022-09-07 08:29:18', NULL, NULL),
	(49, 43, '920917060441', 0.00, 0.00, 0.00, '920917060441', 1, 70, '2022-09-04 03:06:58', NULL, NULL),
	(50, 44, '930811110412', 0.00, 0.00, 0.00, '930811110412', 1, 71, '2022-09-04 03:10:10', NULL, NULL),
	(51, 45, '999999999999', 1200.00, 200.00, 500.00, '999999999999', 1, 10, '2022-09-05 03:11:32', NULL, NULL),
	(52, 46, '999999999999', 646.00, 463.00, 643.00, NULL, 1, 10, '2022-09-07 01:39:38', NULL, NULL),
	(53, 47, '830113030255', 5000.00, 200.00, 250.00, '830113030255', 1, 68, '2022-09-07 08:57:23', NULL, NULL),
	(54, 48, '999999999999', 3000.00, 200.00, 300.00, '999999999999', 1, 10, '2022-09-07 08:54:00', NULL, NULL),
	(55, 49, '930918060304', 3000.00, 200.00, 300.00, '930918060304', 1, 74, '2022-09-07 09:07:28', NULL, NULL),
	(56, 50, '930918060304', -3000.00, -300.00, -200.00, '930918060304', 1, 74, '2022-09-07 09:12:50', NULL, NULL),
	(57, 51, '830113030255', 3000.00, 200.00, 250.00, '830113030255', 1, 68, '2022-09-07 13:09:11', NULL, NULL),
	(58, 52, '930918060304', 2000.00, 200.00, 300.00, '930918060304', 1, 74, '2022-09-07 13:14:53', NULL, NULL),
	(59, 53, '930811110412', 3000.00, 300.00, 250.00, '930811110412', 1, 71, '2022-09-08 01:12:34', NULL, NULL),
	(60, 54, '930811110412', 3000.00, 300.00, 250.00, '930811110412', 1, 71, '2022-09-08 02:47:00', NULL, NULL),
	(61, 55, '930429060653', 3000.00, 250.00, 300.00, '930429060653', 1, 69, '2022-09-08 01:19:44', NULL, NULL),
	(62, 56, '930429060653', 3000.00, 250.00, 300.00, '930429060653', 1, 69, '2022-09-08 02:26:13', NULL, NULL),
	(63, 57, '830113030255', 1500.00, 230.00, 400.00, '830113030255', 1, 68, '2022-09-08 02:36:44', NULL, NULL),
	(64, 58, '920917060441', 3000.00, 250.00, 300.00, '920917060441', 1, 70, '2022-09-08 02:48:39', NULL, NULL),
	(65, 59, '930429060653', 3000.00, 250.00, 300.00, '930429060653', 1, 69, '2022-09-08 02:58:28', NULL, NULL),
	(66, 60, '931207060222', 2500.00, 250.00, 300.00, '931207060222', 1, 73, '2022-09-08 03:02:03', NULL, NULL),
	(67, 61, '999999999999', 1200.00, 300.00, 350.00, '999999999999', 1, 10, '2022-09-08 03:06:31', NULL, NULL),
	(68, 62, '930918060304', 1313.00, 130.00, 300.00, '930918060304', 1, 74, '2022-09-08 04:41:39', NULL, NULL),
	(69, 63, '930216060262', 3443.00, 433.00, 233.00, '930216060262', 1, 72, '2022-09-08 07:40:01', NULL, NULL),
	(70, 64, '931207060222', 3000.00, 250.00, 300.00, '931207060222', 1, 73, '2022-09-08 08:51:01', NULL, NULL),
	(71, 65, '830113030255', 323.00, 3213.00, 213.00, '830113030255', 1, 68, '2022-09-12 02:51:20', NULL, NULL),
	(72, 66, '830113030255', 2323.00, 232.00, 32.00, '830113030255', 1, 68, '2022-09-12 03:32:03', NULL, NULL),
	(73, 67, '830113030255', 3000.00, 200.00, 300.00, '830113030255', 1, 68, '2022-09-12 09:10:36', NULL, NULL),
	(74, 68, '830113030255', 3443.00, 333.00, 222.00, '830113030255', 1, 68, '2022-09-19 01:24:53', NULL, NULL),
	(75, 69, '999999999999', 1000.00, 20.00, 20.00, '999999999999', 1, 10, '2022-09-15 04:37:41', NULL, NULL),
	(76, 70, '999999999999', 1000.00, 20.00, 20.00, '999999999999', 1, 10, '2022-09-15 06:20:32', NULL, NULL),
	(77, 71, '940107010369', 3000.00, 300.00, 250.00, '940107010369', 1, 102, '2022-09-20 08:48:45', NULL, NULL),
	(83, 77, '830113030255', 3000.00, 250.00, 300.00, '830113030255', 1, 68, '2022-09-21 02:42:30', NULL, NULL),
	(84, 78, '830113030255', 3000.00, 250.00, 250.00, '830113030255', 1, 68, '2022-09-21 02:52:44', NULL, NULL),
	(85, 79, '940628060380', 1234.00, 234.00, 123.00, '940628060380', 1, 110, '2022-09-21 02:54:11', NULL, NULL),
	(86, 80, '940107010369', 3500.00, 250.00, 150.00, '940107010369', 1, 102, '2022-09-21 03:40:04', NULL, NULL),
	(87, 81, '841109010105', 2000.00, 300.00, 350.00, '841109010105', 1, 107, '2022-09-21 03:15:35', NULL, NULL),
	(88, 82, '930214010073', 1243.00, 200.00, 120.00, '930214010073', 1, 103, '2022-09-21 04:04:20', NULL, NULL),
	(89, 83, '999999999999', 1000.00, 43.00, 34.00, '999999999999', 1, 10, '2022-09-21 03:32:17', NULL, NULL),
	(90, 84, '840108060109', 5000.00, 100.00, 100.00, '840108060109', 1, 118, '2022-09-21 03:47:01', NULL, NULL),
	(91, 85, '840108060109', 5000.00, 250.00, 300.00, '840108060109', 1, 118, '2022-10-05 03:06:25', NULL, NULL),
	(92, 86, '999999999999', 1500.00, 300.00, 500.00, '999999999999', 1, 10, '2022-09-21 07:48:58', NULL, NULL),
	(93, 87, '830113030255', 3000.00, 300.00, 250.00, '830113030255', 1, 68, '2022-09-21 08:09:02', NULL, NULL),
	(94, 88, '930811110412', 666.00, 666.00, 666.00, '930811110412', 1, 71, '2022-09-21 08:41:56', NULL, NULL),
	(96, 90, '999999999999', 3000.00, 123.00, 250.00, '999999999999', 1, 10, '2022-10-02 04:06:49', NULL, NULL),
	(97, 91, '940628060380', 3000.00, 250.00, 300.00, '940628060380', 1, 110, '2022-09-29 02:19:09', NULL, NULL),
	(98, 92, '940628060380', 3000.00, 400.00, 120.00, '940628060380', 1, 110, '2022-09-29 02:30:41', NULL, NULL),
	(100, 94, '999999999999', 15000.00, 200.00, 900.00, '999999999999', 1, 10, '2022-10-02 08:24:30', NULL, NULL),
	(107, 101, '830113030255', 3000.00, 300.00, 250.00, '830113030255', 1, 68, '2022-10-03 07:45:09', NULL, NULL),
	(108, 102, '940107010369', 5500.00, 500.00, 150.00, '940107010369', 1, 102, '2022-10-03 07:49:53', NULL, NULL),
	(109, 103, '940107010369', 3000.00, 300.00, 120.00, '940107010369', 1, 102, '2022-10-03 09:55:44', NULL, NULL),
	(110, 104, '999999999999', 1800.53, 53.10, 150.00, '999999999999', 1, 10, '2022-10-04 01:07:47', NULL, NULL),
	(111, 105, '999999999999', 2000.50, 150.00, 500.00, '999999999999', 1, 10, '2022-10-04 01:23:55', NULL, NULL),
	(112, 106, '999999999999', 5000.00, 500.00, 1000.00, '999999999999', 1, 10, '2022-10-04 02:30:58', NULL, NULL),
	(113, 107, '999999999999', 5000.63, 300.00, 0.00, '999999999999', 1, 10, '2022-10-04 02:51:51', NULL, NULL),
	(114, 108, '940107010369', 3000.00, 300.00, 130.00, '940107010369', 1, 102, '2022-10-04 03:40:14', NULL, NULL),
	(115, 109, '999999999999', 54545.00, 43535.00, 43535.00, '999999999999', 1, 10, '2022-10-04 03:53:39', NULL, NULL),
	(116, 110, '940107010369', 3500.00, 300.00, 150.00, '940107010369', 1, 102, '2022-10-04 04:06:06', NULL, NULL),
	(118, 112, '999999999999', 590.00, 89.00, 987.00, '999999999999', 1, 10, '2022-10-04 07:16:06', NULL, NULL),
	(119, 113, '999999999999', 767.00, 54544.00, 54656.00, '999999999999', 1, 10, '2022-10-04 07:24:01', NULL, NULL),
	(120, 114, '860206010313', 2200.00, 300.00, 350.00, '860206010313', 1, 106, '2022-10-05 06:14:39', NULL, NULL),
	(121, 115, '830113030255', 3000.00, 250.00, 300.00, '830113030255', 1, 68, '2022-10-05 02:49:14', NULL, NULL),
	(122, 116, '940628060380', 8788.00, 654646.00, 5545.00, '940628060380', 1, 110, '2022-10-05 02:54:52', NULL, NULL),
	(123, 117, '999999999999', 3000.00, 300.00, 250.00, '999999999999', 1, 10, '2022-10-05 02:59:19', NULL, NULL),
	(124, 118, '940628060380', 8908.00, 767.00, 656.00, '940628060380', 1, 110, '2022-10-05 03:07:42', NULL, NULL),
	(125, 119, '841109010105', 2500.00, 300.00, 350.00, '841109010105', 1, 107, '2022-10-05 03:32:28', NULL, NULL),
	(126, 120, '830113030255', 2500.00, 300.00, 350.00, '830113030255', 1, 68, '2022-10-05 03:34:35', NULL, NULL),
	(127, 121, '940628060380', 67878.00, 556.00, 4554.00, '940628060380', 1, 110, '2022-10-05 03:15:50', NULL, NULL),
	(131, 125, '940628060380', 1000.00, 123.00, 321.00, '940628060380', 1, 110, '2022-10-05 03:53:12', NULL, NULL),
	(134, 128, '999999999999', 3000.00, 200.00, 250.00, '999999999999', 1, 10, '2022-10-05 04:32:14', NULL, NULL),
	(135, 129, '930918060304', 3000.00, 250.00, 300.00, '930918060304', 1, 74, '2022-10-05 04:43:00', NULL, NULL),
	(136, 130, '940108060109', 1234.00, 123.00, 321.00, '940108060109', 1, 119, '2022-10-05 04:44:43', NULL, NULL),
	(137, 131, '930918060304', 3000.00, 250.00, 300.00, '930918060304', 1, 74, '2022-10-05 04:47:44', NULL, NULL),
	(138, 132, '930918060304', 2000.00, 350.00, 100.00, '930918060304', 1, 74, '2022-10-05 04:53:14', NULL, NULL),
	(139, 133, '930918060304', 1600.00, 150.00, 120.00, '930918060304', 1, 74, '2022-10-05 05:04:11', NULL, NULL),
	(140, 134, '940628060380', 2000.00, 1000.00, 1000.00, '940628060380', 1, 110, '2022-10-05 06:22:35', NULL, NULL),
	(141, 135, '840620010335', 2000.00, 250.00, 300.00, '840620010335', 1, 105, '2022-10-05 06:59:46', NULL, NULL),
	(142, 136, '930429060653', 2000.00, 200.00, 300.00, '930429060653', 1, 69, '2022-10-05 07:17:59', NULL, NULL),
	(143, 137, '830113030255', 3000.00, 250.00, 300.00, '830113030255', 1, 68, '2022-10-06 01:54:06', NULL, NULL),
	(144, 138, '999999999999', 3000.00, 250.00, 300.00, '999999999999', 1, 10, '2022-10-06 01:55:55', NULL, NULL),
	(145, 139, '941225060073', 65757.00, 345.00, 434.00, '941225060073', 1, 120, '2022-10-06 01:58:37', NULL, NULL),
	(146, 140, '940628060380', 5000.00, 577.00, 900.00, '940628060380', 1, 110, '2022-10-06 02:01:26', NULL, NULL),
	(147, 141, '840108060109', 4500.00, 250.00, 150.00, '840108060109', 1, 118, '2022-10-06 02:23:33', NULL, NULL),
	(148, 142, '840108060109', 7770.00, 5545.00, 213.00, '840108060109', 1, 118, '2022-10-06 02:24:42', NULL, NULL),
	(149, 143, '930918060304', 4000.00, 200.00, 150.00, '930918060304', 1, 74, '2022-10-06 02:34:46', NULL, NULL),
	(150, 144, '841109010105', 2500.00, 260.00, 130.00, '841109010105', 1, 107, '2022-10-06 02:52:31', NULL, NULL),
	(151, 145, '920917060441', 1234.00, 321.00, 12.00, '920917060441', 1, 70, '2022-10-06 04:16:10', NULL, NULL),
	(152, 146, '930918060304', 2500.00, 150.00, 300.00, '930918060304', 1, 74, '2022-10-06 07:29:18', NULL, NULL),
	(153, 147, '930918060304', 6000.00, 150.00, 100.00, '930918060304', 1, 74, '2022-10-07 09:28:36', NULL, NULL),
	(154, 148, '830113030255', 3000.00, 400.00, 500.00, '830113030255', 1, 68, '2022-10-09 13:10:35', NULL, NULL),
	(155, 1, '999999999999', 6000.00, 678.00, 678.00, '999999999999', 1, 10, '2022-10-10 06:30:08', NULL, NULL),
	(156, 2, '999999999999', 6000.00, 67.00, 8787.00, '999999999999', 1, 10, '2022-10-10 06:51:44', NULL, NULL),
	(157, 3, '930216060262', 6566.00, 6565.00, 545.00, '930216060262', 1, 72, '2022-10-10 06:54:50', NULL, NULL),
	(158, 4, '940107010369', 3000.00, 250.00, 150.00, '940107010369', 1, 102, '2022-10-10 07:11:26', NULL, NULL),
	(159, 5, '999999999999', 76868.00, 757.00, 665.00, '999999999999', 1, 10, '2022-10-10 07:19:58', NULL, NULL),
	(160, 6, '999999999999', 4343.00, 32323.00, 2323.00, '999999999999', 1, 10, '2022-10-10 09:02:20', NULL, NULL),
	(161, 7, '999999999999', 76767.00, 5454.00, 434.00, '999999999999', 1, 10, '2022-10-10 09:18:33', NULL, NULL),
	(162, 8, '940520010135', 3000.00, 250.00, 200.00, '940520010135', 1, 101, '2022-10-10 09:22:05', NULL, NULL),
	(163, 9, '999999999999', 32424.00, 2323.00, 1313.00, '999999999999', 1, 10, '2022-10-10 09:23:17', NULL, NULL),
	(164, 10, '940520010135', 3000.00, 200.00, 250.00, '940520010135', 1, 101, '2022-10-10 14:32:22', NULL, NULL),
	(165, 11, '940520010135', 3000.00, 200.00, 250.00, '940520010135', 1, 101, '2022-10-10 14:52:13', NULL, NULL),
	(166, 12, '940520010135', 3000.00, 200.00, 200.00, '940520010135', 1, 101, '2022-10-10 14:54:10', NULL, NULL),
	(167, 13, '940107010369', 1800.00, 300.00, 350.00, '940107010369', 1, 102, '2022-10-11 08:57:50', NULL, NULL),
	(168, 14, '930811110412', 43435.00, 500.00, 900.00, '930811110412', 1, 71, '2022-10-11 09:47:42', NULL, NULL),
	(169, 1, '940223060307', 3000.00, 300.00, 200.00, '940223060307', 1, 132, '2022-10-12 01:53:39', NULL, NULL),
	(170, 2, '940628060380', 2000.00, 350.00, 160.00, '940628060380', 1, 110, '2022-10-12 02:04:28', NULL, NULL),
	(171, 3, '940107010369', 3500.00, 400.00, 450.00, '940107010369', 1, 102, '2022-10-12 02:10:53', NULL, NULL),
	(172, 4, '841109010105', 2000.00, 300.00, 350.00, '841109010105', 1, 107, '2022-10-12 02:22:48', NULL, NULL),
	(173, 5, '840620010335', 1500.00, 200.00, 300.00, '840620010335', 1, 105, '2022-10-12 02:42:32', NULL, NULL),
	(174, 6, '941219101457', 3600.00, 400.00, 150.00, '941219101457', 1, 135, '2022-10-12 02:48:47', NULL, NULL),
	(175, 7, '990308060066', 2500.00, 300.00, 350.00, '990308060066', 1, 109, '2022-10-12 02:52:55', NULL, NULL),
	(176, 8, '940420060066', 2500.00, 400.00, 150.00, '940420060066', 1, 131, '2022-11-07 14:32:28', NULL, NULL),
	(177, 9, '840424060231', 3705.71, 450.00, 300.00, '840424060231', 1, 136, '2022-10-12 02:53:39', NULL, NULL),
	(178, 10, '940628060380', 2000.00, 350.00, 160.00, '940628060380', 1, 110, '2022-10-12 02:57:12', NULL, NULL),
	(179, 11, '920617060633', 1234.00, 321.00, 10.00, '920617060633', 1, 121, '2022-10-12 02:58:07', NULL, NULL),
	(180, 12, '920601010372', 2500.00, 250.00, 150.00, '920601010372', 1, 104, '2022-10-12 03:00:16', NULL, NULL),
	(181, 13, '940223060307', 3500.00, 250.00, 300.00, '940223060307', 1, 132, '2022-10-12 03:10:03', NULL, NULL),
	(182, 14, '840115060553', 2000.00, 300.00, 350.00, '840115060553', 1, 140, '2022-10-12 03:32:37', NULL, NULL),
	(183, 15, '840802011331', 2300.00, 300.00, 300.00, '840802011331', 1, 137, '2022-10-12 07:15:00', NULL, NULL),
	(184, 16, '940628060380', 2000.00, 2000.00, 2000.00, '940628060380', 1, 110, '2022-10-26 16:00:21', NULL, NULL),
	(185, 17, '940108060109', 1200.00, 500.00, 200.00, '940108060109', 1, 119, '2022-10-13 03:59:43', NULL, NULL),
	(186, 18, '860206010313', 2000.00, 300.00, 300.00, '860206010313', 1, 106, '2022-10-13 04:02:42', NULL, NULL),
	(187, 19, '860206010313', 3000.00, 300.00, 300.00, '860206010313', 1, 106, '2022-10-13 04:05:00', NULL, NULL),
	(188, 20, '830113030255', 3000.00, 200.00, 300.00, '830113030255', 1, 68, '2022-10-13 07:00:43', NULL, NULL),
	(189, 21, '840715060071', 4599.00, 8787.00, 787.00, '840715060071', 1, 141, '2022-10-17 01:53:32', NULL, NULL),
	(190, 22, '840115060553', 4500.00, 500.00, 100.00, '840115060553', 1, 140, '2022-10-17 02:01:47', NULL, NULL),
	(191, 23, '940911060247', 7000.00, 567.00, 100.00, '940911060247', 1, 133, '2022-10-17 03:00:12', NULL, NULL),
	(192, 24, '840202060471', 5000.00, 650.00, 100.00, '840202060471', 1, 138, '2022-10-17 06:11:50', NULL, NULL),
	(193, 25, '940911060247', 5000.00, 300.00, 300.00, '940911060247', 1, 133, '2022-10-18 08:01:12', NULL, NULL),
	(194, 26, '930918060304', 5000.00, 250.00, 100.00, '930918060304', 1, 74, '2022-10-19 08:36:46', NULL, NULL),
	(195, 27, '830113030255', 33333.00, 323.00, 324.00, '830113030255', 1, 68, '2022-10-20 01:22:25', NULL, NULL),
	(196, 28, '840115060553', 3500.00, 2500.00, 200.00, '840115060553', 1, 140, '2022-10-20 03:42:18', NULL, NULL),
	(197, 29, '840715060071', 2900.00, 200.00, 120.00, '840715060071', 1, 141, '2022-10-20 03:38:53', NULL, NULL),
	(198, 30, '840715060071', 3000.00, 300.00, 300.00, '840715060071', 1, 141, '2022-10-20 06:55:43', NULL, NULL),
	(199, 31, '840115060553', 3000.00, 250.00, 250.00, '840115060553', 1, 140, '2022-10-20 07:10:31', NULL, NULL),
	(200, 32, '920917060441', 55454.00, 434.00, 4434.00, '920917060441', 1, 70, '2022-10-20 07:27:15', NULL, NULL),
	(201, 33, '930918060304', 2500.00, 150.00, 100.00, '930918060304', 1, 74, '2022-10-21 09:09:16', NULL, NULL),
	(202, 34, '930216060262', 4455.00, 4354.00, 3434.00, '930216060262', 1, 72, '2022-10-23 11:58:38', NULL, NULL),
	(203, 35, '930216060262', 434333.00, 4343.00, 455.00, '930216060262', 1, 72, '2022-10-23 15:15:22', NULL, NULL),
	(204, 36, '931207060222', 5000.00, 700.00, 500.00, '931207060222', 1, 73, '2022-10-25 09:20:55', NULL, NULL),
	(205, 37, '940911060247', 3500.00, 200.00, 300.00, '940911060247', 1, 133, '2022-10-25 11:37:17', NULL, NULL),
	(206, 38, '840108060109', 2500.00, 300.00, 350.00, '840108060109', 1, 118, '2022-10-27 09:38:36', NULL, NULL),
	(207, 39, '930429060653', 75677.00, 545.00, 656.00, '930429060653', 1, 69, '2022-10-27 11:32:30', NULL, NULL),
	(208, 40, '830113030255', 1234.00, 123.00, 234.00, '830113030255', 1, 68, '2022-10-27 11:44:42', NULL, NULL),
	(209, 41, '940107010369', 2800.00, 300.00, 350.00, '940107010369', 1, 102, '2022-10-27 14:33:07', NULL, NULL),
	(210, 42, '930918060304', 4000.00, 400.00, 150.00, '930918060304', 1, 74, '2022-10-27 15:44:21', NULL, NULL),
	(211, 43, '930918060304', 2500.00, 200.00, 150.00, '930918060304', 1, 74, '2022-10-27 15:51:59', NULL, NULL),
	(212, 44, '930918060304', 2300.00, 230.00, 100.00, '930918060304', 1, 74, '2022-10-27 16:03:30', NULL, NULL),
	(213, 45, '930918060304', 4500.00, 200.00, 120.00, '930918060304', 1, 74, '2022-10-27 16:23:55', NULL, NULL),
	(214, 46, '830113030255', 3000.00, 250.00, 300.00, '830113030255', 1, 68, '2022-10-30 09:31:48', NULL, NULL),
	(215, 47, '930811110412', 7000.00, 500.00, 500.00, '930811110412', 1, 71, '2022-10-30 11:56:50', NULL, NULL),
	(216, 48, '920917060441', 65656.00, 434.00, 434.00, '920917060441', 1, 70, '2022-11-01 12:16:08', NULL, NULL),
	(217, 49, '840802011331', 2500.00, 350.00, 350.00, '840802011331', 1, 137, '2022-11-02 10:07:07', NULL, NULL),
	(218, 50, '840424060231', 2000.00, 350.00, 300.00, '840424060231', 1, 136, '2022-11-02 11:12:39', NULL, NULL),
	(219, 51, '930811110412', 5454.00, 434.00, 344.00, '930811110412', 1, 71, '2022-11-03 08:59:18', NULL, NULL),
	(220, 52, '930811110412', 6656.00, 877.00, 655.00, '930811110412', 1, 71, '2022-11-03 09:24:24', NULL, NULL),
	(221, 53, '920917060441', 7676.00, 5454.00, 455.00, '920917060441', 1, 70, '2022-11-03 09:53:57', NULL, NULL),
	(222, 54, '840108060109', 2000.00, 150.00, 200.00, '840108060109', 1, 118, '2022-11-03 10:22:08', NULL, NULL),
	(223, 55, '941225060073', 2500.00, 300.00, 300.00, '941225060073', 1, 120, '2022-11-03 11:11:41', NULL, NULL),
	(224, 56, '840202060471', 545454.00, 323.00, 3232.00, '840202060471', 1, 138, '2022-11-03 15:16:10', NULL, NULL),
	(225, 57, '999999999999', 1956.23, 100.00, 500.00, '999999999999', 1, 10, '2022-11-03 17:45:11', NULL, NULL),
	(226, 58, '840202060471', 54646.00, 4343.00, 645.00, '840202060471', 1, 138, '2022-11-04 09:40:07', NULL, NULL),
	(227, 59, '840715060071', 3500.00, 250.00, 170.00, '840715060071', 1, 141, '2022-11-04 17:18:37', NULL, NULL),
	(228, 60, '840715060071', 2500.00, 150.00, 200.00, '840715060071', 1, 141, '2022-11-05 00:29:21', NULL, NULL),
	(229, 61, '930918060304', 2900.00, 250.00, 170.00, '930918060304', 1, 74, '2022-11-05 00:39:33', NULL, NULL),
	(230, 62, '940223060307', 3000.00, 300.00, 250.00, '940223060307', 1, 132, '2022-11-06 09:26:09', NULL, NULL),
	(231, 63, '940223060307', 3000.00, 300.00, 250.00, '940223060307', 1, 132, '2022-11-06 12:21:29', NULL, NULL),
	(232, 64, '830113030255', 6000.00, 900.00, 76767.00, '830113030255', 1, 68, '2022-11-06 15:42:54', NULL, NULL),
	(233, 65, '840202060471', 1850.00, 350.00, 500.00, '840202060471', 1, 138, '2022-11-06 15:53:39', NULL, NULL),
	(234, 1, '930811110412', 5000.00, 500.00, 500.00, '930811110412', 1, 71, '2022-11-07 11:33:46', NULL, NULL),
	(235, 2, '920601010372', 3000.00, 350.00, 300.00, '920601010372', 1, 104, '2022-11-07 12:38:06', NULL, NULL),
	(236, 3, '840617060633', 2800.00, 300.00, 300.00, '840617060633', 1, 130, '2022-11-15 11:27:16', NULL, NULL),
	(237, 4, '930214010073', 3500.00, 350.00, 300.00, '930214010073', 1, 103, '2022-11-07 14:18:16', NULL, NULL),
	(238, 5, '900707010522', 3500.00, 700.00, 300.00, '900707010522', 1, 108, '2022-11-07 14:21:17', NULL, NULL),
	(239, 6, '990308060066', 1800.00, 300.00, 300.00, '990308060066', 1, 109, '2022-11-07 14:25:47', NULL, NULL),
	(240, 7, '940108060109', 1700.00, 150.00, 30.00, '940108060109', 1, 119, '2022-11-07 14:28:59', NULL, NULL),
	(241, 8, '940420060066', 2500.00, 400.00, 150.00, '940420060066', 1, 131, '2022-11-07 14:32:28', NULL, NULL),
	(242, 9, '840620010335', 3500.00, 350.00, 300.00, '840620010335', 1, 105, '2022-11-11 10:32:12', NULL, NULL),
	(243, 10, '840108060109', 2350.00, 300.00, 300.00, '840108060109', 1, 118, '2022-11-11 10:31:25', NULL, NULL),
	(244, 11, '940628060380', 1800.00, 300.00, 300.00, '940628060380', 1, 110, '2022-11-07 14:32:05', NULL, NULL),
	(245, 12, '920617060633', 2700.00, 300.00, 300.00, '920617060633', 1, 121, '2022-11-07 14:35:46', NULL, NULL),
	(246, 13, '840715060071', 3000.00, 300.00, 250.00, '840715060071', 1, 141, '2022-11-07 15:19:04', NULL, NULL),
	(247, 14, '940911060247', 2500.00, 300.00, 350.00, '940911060247', 1, 133, '2022-11-07 15:26:26', NULL, NULL),
	(248, 15, '840202060471', 2000.00, 150.00, 300.00, '840202060471', 1, 138, '2022-11-07 16:05:18', NULL, NULL),
	(249, 16, '930429060653', 56667.00, 500.00, 500.00, '930429060653', 1, 69, '2022-11-08 09:31:19', NULL, NULL),
	(250, 17, '840424060231', 65656.00, 500.00, 500.00, '840424060231', 1, 136, '2022-11-08 09:54:23', NULL, NULL),
	(251, 18, '840424060231', 78000.00, 500.00, 500.00, '840424060231', 1, 136, '2022-11-08 10:10:34', NULL, NULL),
	(252, 19, '840424060231', 564653.00, 500.00, 500.00, '840424060231', 1, 136, '2022-11-08 11:39:05', NULL, NULL),
	(253, 20, '930811110412', 70000.00, 500.00, 500.00, '930811110412', 1, 71, '2022-11-08 12:44:37', NULL, NULL),
	(254, 21, '940114060439', 2000.00, 300.00, 350.00, '940114060439', 1, 134, '2022-11-08 14:39:04', NULL, NULL),
	(255, 22, '920917060441', 3500.00, 350.00, 300.00, '920917060441', 1, 70, '2022-11-08 15:02:32', NULL, NULL),
	(256, 23, '941219101457', 2000.00, 300.00, 350.00, '941219101457', 1, 135, '2022-11-08 15:18:29', NULL, NULL),
	(257, 24, '940108060109', 3000.00, 350.00, 300.00, '940108060109', 1, 119, '2022-11-08 15:44:30', NULL, NULL),
	(258, 25, '840802011331', 1234.00, 123.00, 120.00, '840802011331', 1, 137, '2022-11-08 16:36:59', NULL, NULL),
	(259, 26, '920917060441', 1234.00, 123.00, 34.00, '920917060441', 1, 70, '2022-11-08 22:58:44', NULL, NULL),
	(260, 27, '920917060441', 1234.00, 123.00, 0.00, '920917060441', 1, 70, '2022-11-08 23:47:38', NULL, NULL),
	(261, 28, '840715060071', 3500.00, 250.00, 300.00, '840715060071', 1, 141, '2022-11-09 08:59:35', NULL, NULL),
	(262, 29, '830113030255', 54546.00, 545.00, 545.00, '830113030255', 1, 68, '2022-11-09 09:51:57', NULL, NULL),
	(263, 30, '830113030255', 5000.00, 500.00, 500.00, '830113030255', 1, 68, '2022-11-09 10:05:49', NULL, NULL),
	(264, 31, '840202060471', 1234.00, 123.00, 23.00, '840202060471', 1, 138, '2022-11-09 11:24:27', NULL, NULL),
	(265, 32, '940628060380', 3000.00, 300.00, 200.00, '940628060380', 1, 110, '2022-11-09 11:43:29', NULL, NULL),
	(266, 33, '940114060439', 3000.00, 200.00, 200.00, '940114060439', 1, 134, '2022-11-09 12:53:42', NULL, NULL),
	(267, 34, '830113030255', 50000.00, 500.00, 500.00, '830113030255', 1, 68, '2022-11-09 15:59:06', NULL, NULL),
	(268, 1, '830113030255', 67656.00, 500.00, 500.00, '830113030255', 1, 68, '2022-11-09 16:21:52', NULL, NULL),
	(269, 2, '840715060071', 3500.00, 250.00, 300.00, '840715060071', 1, 141, '2022-11-09 16:24:16', NULL, NULL),
	(270, 3, '940628060380', 3000.00, 300.00, 300.00, '940628060380', 1, 110, '2022-11-10 03:11:14', NULL, NULL),
	(271, 4, '990308060066', 1234.00, 345.00, 12.00, '990308060066', 1, 109, '2022-11-10 10:37:23', NULL, NULL),
	(272, 5, '920601010372', 2300.00, 350.00, 300.00, '920601010372', 1, 104, '2022-11-11 10:29:18', NULL, NULL),
	(273, 6, '900707010522', 2121.00, 121.00, 30.00, '900707010522', 1, 108, '2022-11-10 10:59:53', NULL, NULL),
	(274, 7, '840617060633', 2500.00, 250.00, 250.00, '840617060633', 1, 130, '2022-11-13 10:10:46', NULL, NULL),
	(275, 8, '930214010073', 3500.00, 350.00, 300.00, '930214010073', 1, 103, '2022-11-10 11:36:07', NULL, NULL),
	(276, 9, '840620010335', 3500.00, 350.00, 300.00, '840620010335', 1, 105, '2022-11-11 10:32:12', NULL, NULL),
	(277, 10, '840108060109', 2350.00, 300.00, 300.00, '840108060109', 1, 118, '2022-11-11 10:31:25', NULL, NULL),
	(278, 11, '940108060109', 4000.00, 350.00, 300.00, '940108060109', 1, 119, '2022-11-10 12:45:21', NULL, NULL),
	(279, 12, '940420060066', 2000.00, 350.00, 300.00, '940420060066', 1, 131, '2022-11-16 09:04:29', NULL, NULL),
	(280, 13, '940911060247', 2300.00, 350.00, 300.00, '940911060247', 1, 133, '2022-11-10 14:07:38', NULL, NULL),
	(281, 14, '940114060439', 3000.00, 350.00, 250.00, '940114060439', 1, 134, '2022-11-10 14:11:23', NULL, NULL),
	(282, 15, '941219101457', 2300.00, 300.00, 350.00, '941219101457', 1, 135, '2022-11-10 14:16:01', NULL, NULL),
	(283, 16, '840202060471', 50000.00, 500.00, 500.00, '840202060471', 1, 138, '2022-11-10 14:30:08', NULL, NULL),
	(284, 17, '999999999999', 1800.00, 350.00, 100.00, '999999999999', 1, 10, '2022-11-11 02:42:39', NULL, NULL),
	(285, 18, '940628060380', 1900.00, 150.00, 300.00, '940628060380', 1, 110, '2022-11-11 03:43:47', NULL, NULL),
	(286, 19, '930811110412', 2000.00, 200.00, 250.00, '930811110412', 1, 71, '2022-11-11 10:28:49', NULL, NULL),
	(287, 20, '840424060231', 2300.00, 350.00, 300.00, '840424060231', 1, 136, '2022-11-11 10:30:36', NULL, NULL),
	(288, 21, '920917060441', 1800.00, 250.00, 200.00, '920917060441', 1, 70, '2022-11-11 11:45:57', NULL, NULL),
	(289, 22, '840802011331', 1234.00, 233.00, 233.00, '840802011331', 1, 137, '2022-11-11 11:51:19', NULL, NULL),
	(290, 23, '930429060653', 1234.00, 120.00, 230.00, '930429060653', 1, 69, '2022-11-11 11:52:16', NULL, NULL),
	(291, 24, '940420060066', 2500.00, 250.00, 300.00, '940420060066', 1, 131, '2022-11-11 14:05:03', NULL, NULL),
	(292, 25, '840715060071', 5000.00, 1000.00, 250.00, '840715060071', 1, 141, '2022-11-11 16:26:10', NULL, NULL),
	(293, 26, '840202060471', 5353.00, 500.00, 500.00, '840202060471', 1, 138, '2022-11-11 17:15:32', NULL, NULL),
	(294, 27, '930918060304', 3000.00, 200.00, 300.00, '930918060304', 1, 74, '2022-11-11 17:20:21', NULL, NULL),
	(295, 28, '840202060471', 50000.00, 500.00, 500.00, '840202060471', 1, 138, '2022-11-11 18:38:17', NULL, NULL),
	(296, 29, '840620010335', 1500.00, 100.00, 100.00, '840620010335', 1, 105, '2022-11-12 10:29:44', NULL, NULL),
	(297, 30, '940108060109', 1500.00, 100.00, 100.00, '940108060109', 1, 119, '2022-11-12 11:17:42', NULL, NULL),
	(298, 31, '940114060439', 3500.00, 200.00, 300.00, '940114060439', 1, 134, '2022-11-12 11:20:29', NULL, NULL),
	(299, 32, '999999999999', 1800.00, 300.00, 500.00, '999999999999', 1, 10, '2022-11-12 19:32:33', NULL, NULL),
	(300, 33, '840620010335', 2000.00, 500.00, 100.00, '840620010335', 1, 105, '2022-11-12 21:24:41', NULL, NULL),
	(301, 34, '840424060231', 3000.00, 350.00, 300.00, '840424060231', 1, 136, '2022-11-13 10:26:52', NULL, NULL),
	(302, 1, '840617060633', 2500.00, 500.00, 250.00, '840617060633', 1, 130, '2022-11-13 11:07:49', NULL, NULL),
	(303, 2, '840202060471', 3000.00, 350.00, 300.00, '840202060471', 1, 138, '2022-11-13 11:09:06', NULL, NULL),
	(304, 3, '840424060231', 3500.00, 350.00, 300.00, '840424060231', 1, 136, '2022-11-13 11:13:09', NULL, NULL),
	(305, 4, '840620010335', 2000.00, 200.00, 100.00, '840620010335', 1, 105, '2022-11-13 11:51:45', NULL, NULL),
	(306, 5, '900707010522', 2000.00, 200.00, 100.00, '900707010522', 1, 108, '2022-11-13 12:06:34', NULL, NULL),
	(307, 6, '840202060471', 2000.00, 500.00, 200.00, '840202060471', 1, 138, '2022-11-13 12:15:27', NULL, NULL),
	(308, 7, '990308060066', 2300.00, 300.00, 350.00, '990308060066', 1, 109, '2022-11-13 14:28:12', NULL, NULL),
	(309, 8, '930429060653', 1234.00, 123.00, 23.00, '930429060653', 1, 69, '2022-11-13 14:32:07', NULL, NULL),
	(310, 9, '940628060380', 1200.00, 700.00, 50.00, '940628060380', 1, 110, '2022-11-13 14:33:42', NULL, NULL),
	(311, 10, '920617060633', 1111.00, 100.00, 100.00, '920617060633', 1, 121, '2022-11-13 14:35:35', NULL, NULL),
	(312, 11, '940108060109', 2200.00, 300.00, 300.00, '940108060109', 1, 119, '2022-11-13 14:36:27', NULL, NULL),
	(313, 12, '840108060109', 3500.00, 300.00, 300.00, '840108060109', 1, 118, '2022-11-13 14:36:37', NULL, NULL),
	(314, 13, '999999999999', 1800.00, 500.00, 100.00, '999999999999', 1, 10, '2022-11-13 16:16:10', NULL, NULL),
	(315, 14, '920601010372', 5500.00, 240.00, 120.00, '920601010372', 1, 104, '2022-11-13 16:51:53', NULL, NULL),
	(316, 15, '930811110412', 2500.00, 120.00, 100.00, '930811110412', 1, 71, '2022-11-13 17:29:37', NULL, NULL),
	(317, 16, '930811110412', 2500.00, 200.00, 100.00, '930811110412', 1, 71, '2022-11-13 17:32:14', NULL, NULL),
	(318, 17, '930811110412', 2500.00, 21.00, 23.00, '930811110412', 1, 71, '2022-11-13 17:34:07', NULL, NULL),
	(319, 18, '841109010105', 3500.00, 300.00, 300.00, '841109010105', 1, 107, '2022-11-13 17:34:51', NULL, NULL),
	(320, 19, '930811110412', 2000.00, 12.00, 12.00, '930811110412', 1, 71, '2022-11-13 17:36:45', NULL, NULL),
	(321, 20, '940420060066', 4500.00, 500.00, 120.00, '940420060066', 1, 131, '2022-11-16 16:17:29', NULL, NULL),
	(322, 21, '999999999999', 1800.00, 300.00, 500.00, '999999999999', 1, 10, '2022-11-14 09:14:48', NULL, NULL),
	(324, 23, '999999999999', 90909.00, 500.00, 500.00, '999999999999', 1, 10, '2022-11-14 09:36:32', NULL, NULL),
	(325, 24, '840715060071', 1800.00, 300.00, 500.00, '840715060071', 1, 141, '2022-11-14 09:48:42', NULL, NULL),
	(326, 25, '631112015487', 4810.00, 300.00, 350.00, '631112015487', 1, 233, '2022-11-14 10:04:56', NULL, NULL),
	(327, 26, '930429060653', 2300.00, 150.00, 100.00, '930429060653', 1, 69, '2022-11-14 10:30:09', NULL, NULL),
	(328, 27, '840715060071', 2500.00, 300.00, 500.00, '840715060071', 1, 141, '2022-11-14 10:43:26', NULL, NULL),
	(329, 28, '920917060441', 2300.00, 130.00, 100.00, '920917060441', 1, 70, '2022-11-14 12:29:41', NULL, NULL),
	(330, 29, '840802011331', 1250.00, 250.00, 300.00, '840802011331', 1, 137, '2022-11-14 16:19:24', NULL, NULL),
	(331, 30, '840802011331', 1250.00, 250.00, 300.00, '840802011331', 1, 137, '2022-11-14 16:47:52', NULL, NULL),
	(332, 31, '999999999999', 1800.00, 300.00, 500.00, '999999999999', 1, 10, '2022-11-15 06:49:27', NULL, NULL),
	(333, 32, '840115060553', 2300.00, 500.00, 300.00, '840115060553', 1, 140, '2022-11-15 08:46:50', NULL, NULL),
	(334, 1, '840108060109', 3000.00, 200.00, 300.00, '840108060109', 1, 118, '2022-11-15 10:39:06', NULL, NULL),
	(335, 2, '930811110412', 2000.00, 500.00, 200.00, '930811110412', 1, 71, '2022-11-15 10:55:53', NULL, NULL),
	(336, 3, '840617060633', 2800.00, 300.00, 300.00, '840617060633', 1, 130, '2022-11-15 11:27:16', NULL, NULL),
	(338, 5, '840715060071', 1800.00, 350.00, 500.00, '840715060071', 1, 141, '2022-11-15 11:18:21', NULL, NULL),
	(339, 6, '990308060066', 2300.00, 300.00, 350.00, '990308060066', 1, 109, '2022-11-15 11:29:02', NULL, NULL),
	(340, 7, '920617060633', 2300.00, 350.00, 300.00, '920617060633', 1, 121, '2022-11-15 11:35:36', NULL, NULL),
	(341, 8, '940911060247', 1234.00, 123.00, 23.00, '940911060247', 1, 133, '2022-11-15 12:07:37', NULL, NULL),
	(342, 9, '940114060439', 1234.00, 451.00, 120.00, '940114060439', 1, 134, '2022-11-15 12:11:08', NULL, NULL),
	(343, 10, '940114060439', 1234.00, 234.00, 120.00, '940114060439', 1, 134, '2022-11-15 12:27:32', NULL, NULL),
	(344, 11, '840802011331', 2800.00, 500.00, 500.00, '840802011331', 1, 137, '2022-11-15 14:43:32', NULL, NULL),
	(345, 12, '940420060066', 2000.00, 350.00, 300.00, '940420060066', 1, 131, '2022-11-16 09:04:29', NULL, NULL),
	(346, 13, '840202060471', 1500.00, 300.00, 450.00, '840202060471', 1, 138, '2022-11-16 09:37:46', NULL, NULL),
	(347, 14, '990308060066', 2500.00, 500.00, 500.00, '990308060066', 1, 109, '2022-11-16 09:38:41', NULL, NULL),
	(348, 15, '940628060380', 1000.00, 100.00, 100.00, '940628060380', 1, 110, '2022-11-16 10:04:02', NULL, NULL),
	(349, 16, '940911060247', 1234.00, 123.00, 23.00, '940911060247', 1, 133, '2022-11-16 10:56:30', NULL, NULL),
	(350, 17, '840115060553', 2000.00, 100.00, 100.00, '840115060553', 1, 140, '2022-11-16 11:08:46', NULL, NULL),
	(351, 18, '840620010335', 1000.00, 100.00, 100.00, '840620010335', 1, 105, '2022-11-30 12:04:44', NULL, NULL),
	(352, 19, '840424060231', 2300.00, 200.00, 300.00, '840424060231', 1, 136, '2022-11-16 15:05:34', NULL, NULL),
	(353, 20, '940420060066', 4500.00, 500.00, 120.00, '940420060066', 1, 131, '2022-11-16 16:17:29', NULL, NULL),
	(354, 21, '940108060109', 2300.00, 350.00, 200.00, '940108060109', 1, 119, '2022-11-16 16:42:38', NULL, NULL),
	(355, 22, '900707010522', 1000.00, 100.00, 100.00, '900707010522', 1, 108, '2022-11-16 16:43:50', NULL, NULL),
	(356, 23, '940420060066', 800.00, 100.00, 500.00, '940420060066', 1, 131, '2022-11-16 16:55:59', NULL, NULL),
	(357, 24, '940108060109', 2300.00, 350.00, 200.00, '940108060109', 1, 119, '2022-11-16 17:16:44', NULL, NULL),
	(358, 25, '940420060066', 2300.00, 300.00, 500.00, '940420060066', 1, 131, '2022-11-25 18:37:28', NULL, NULL),
	(359, 1, '840715060071', 2500.00, 500.00, 500.00, '840715060071', 1, 141, '2022-11-17 10:51:25', NULL, NULL),
	(360, 2, '840202060471', 7000.00, 500.00, 500.00, '840202060471', 1, 138, '2022-11-17 11:04:58', NULL, NULL),
	(361, 3, '930214010073', 2300.00, 350.00, 300.00, '930214010073', 1, 103, '2022-11-17 11:11:19', NULL, NULL),
	(362, 4, '840424060231', 2800.00, 500.00, 500.00, '840424060231', 1, 136, '2022-11-17 11:44:40', NULL, NULL),
	(363, 5, '920917060441', 6000.00, 600.00, 600.00, '920917060441', 1, 70, '2022-11-17 12:37:38', NULL, NULL),
	(364, 6, '940420060066', 2500.00, 250.00, 300.00, '940420060066', 1, 131, '2022-11-17 14:58:11', NULL, NULL),
	(365, 7, '930811110412', 1234.00, 234.00, 123.00, '930811110412', 1, 71, '2022-11-21 08:43:11', NULL, NULL),
	(366, 8, '841109010105', 2500.00, 200.00, 200.00, '841109010105', 1, 107, '2022-11-21 10:45:42', NULL, NULL),
	(367, 9, '940420060066', 1800.00, 350.00, 500.00, '940420060066', 1, 131, '2022-11-21 10:39:54', NULL, NULL),
	(368, 10, '841109010105', 2500.00, 200.00, 200.00, '841109010105', 1, 107, '2022-11-21 11:00:14', NULL, NULL),
	(369, 11, '840802011331', 1234.00, 456.00, 12.00, '840802011331', 1, 137, '2022-11-22 09:03:35', NULL, NULL),
	(370, 12, '900707010522', 1000.00, 100.00, 100.00, '900707010522', 1, 108, '2022-11-22 09:08:19', NULL, NULL),
	(371, 13, '840202060471', 65656.00, 700.00, 600.00, '840202060471', 1, 138, '2022-11-22 09:12:19', NULL, NULL),
	(372, 14, '840202060471', 54534534.00, 545.00, 5454.00, '840202060471', 1, 138, '2022-11-22 09:22:16', NULL, NULL),
	(373, 15, '840202060471', 656465.00, 656.00, 545.00, '840202060471', 1, 138, '2022-11-22 09:36:50', NULL, NULL),
	(374, 16, '940420060066', 8000.00, 1500.00, 0.00, '940420060066', 1, 131, '2022-11-22 12:48:23', NULL, NULL),
	(375, 17, '840617060633', 2000.00, 250.00, 300.00, '840617060633', 1, 130, '2022-11-23 09:40:40', NULL, NULL),
	(376, 18, '840617060633', 2500.00, 250.00, 300.00, '840617060633', 1, 130, '2022-11-23 09:49:06', NULL, NULL),
	(377, 19, '680618016074', 4000.00, 300.00, 300.00, '680618016074', 1, 251, '2022-11-23 11:19:50', NULL, NULL),
	(378, 20, '840620010335', 2300.00, 4000.00, 3000.00, '840620010335', 1, 105, '2022-11-23 12:07:12', NULL, NULL),
	(379, 21, '940628060380', 2300.00, 350.00, 300.00, '940628060380', 1, 110, '2022-11-25 12:49:39', NULL, NULL),
	(380, 22, '920617060633', 2300.00, 350.00, 300.00, '920617060633', 1, 121, '2022-11-25 13:02:40', NULL, NULL),
	(381, 23, '990308060066', 2300.00, 350.00, 300.00, '990308060066', 1, 109, '2022-11-25 13:53:42', NULL, NULL),
	(382, 24, '940420060066', 2000.00, 300.00, 200.00, '940420060066', 1, 131, '2022-11-25 18:09:30', NULL, NULL),
	(383, 25, '940420060066', 2300.00, 300.00, 500.00, '940420060066', 1, 131, '2022-11-25 18:37:28', NULL, NULL),
	(384, 26, '930811110412', 2300.00, 350.00, 300.00, '930811110412', 1, 71, '2022-11-25 18:31:38', NULL, NULL),
	(385, 27, '920601010372', 60000.00, 679.00, 799.00, '920601010372', 1, 104, '2022-11-27 16:08:40', NULL, NULL),
	(386, 28, '930811110412', 350000.00, 30.00, 160.00, '930811110412', 1, 71, '2022-11-27 16:58:25', NULL, NULL),
	(387, 29, '920601010372', 60000.00, 679.00, 799.00, '920601010372', 1, 104, '2022-11-27 17:47:01', NULL, NULL),
	(388, 30, '930811110412', 3500.00, 300.00, 120.00, '930811110412', 1, 71, '2022-11-27 18:59:47', NULL, NULL),
	(389, 31, '840620010335', 2300.00, 350.00, 300.00, '840620010335', 1, 105, '2022-11-27 19:15:13', NULL, NULL),
	(390, 32, '840715060071', 2500.00, 500.00, 1000.00, '840715060071', 1, 141, '2022-11-28 12:37:24', NULL, NULL),
	(391, 33, '840108060109', 4000.00, 400.00, 160.00, '840108060109', 1, 118, '2022-11-28 21:50:38', NULL, NULL),
	(392, 34, '820609015135', 1544.67, 345.00, 150.00, '820609015135', 1, 255, '2022-11-28 22:34:43', NULL, NULL),
	(393, 35, '840202060471', 2000.00, 234.00, 345.00, '840202060471', 1, 138, '2022-11-28 23:08:21', NULL, NULL),
	(394, 36, '940628060380', 1800.00, 500.00, 500.00, '940628060380', 1, 110, '2022-12-03 21:02:34', NULL, NULL),
	(395, 37, '940628060380', 1800.00, 500.00, 500.00, '940628060380', 1, 110, '2022-12-03 21:26:59', NULL, NULL),
	(396, 38, '930811110412', 3500.00, 300.00, 120.00, '930811110412', 1, 71, '2022-11-29 09:57:40', NULL, NULL),
	(404, 8, '830725015027', 3000.00, 200.00, 200.00, '830725015027', 1, 266, '2022-11-29 12:07:10', NULL, NULL),
	(405, 9, '830725015027', 2500.00, 200.00, 200.00, '830725015027', 1, 266, '2022-11-29 12:10:24', NULL, NULL),
	(406, 10, '860612236074', 2000.00, 200.00, 100.00, '860612236074', 1, 267, '2022-11-29 12:32:30', NULL, NULL),
	(407, 11, '840715060071', 1800.00, 500.00, 500.00, '840715060071', 1, 141, '2022-11-29 14:25:18', NULL, NULL),
	(408, 12, '920601010372', 2500.00, 800.00, 500.00, '920601010372', 1, 104, '2022-11-29 15:40:15', NULL, NULL),
	(409, 13, '830725015027', 2500.00, 100.00, 100.00, '830725015027', 1, 266, '2022-11-29 15:53:13', NULL, NULL),
	(410, 14, '830725015027', 2500.00, 100.00, 100.00, '830725015027', 1, 266, '2022-11-29 16:04:41', NULL, NULL),
	(411, 15, '830113030255', 2500.00, 200.00, 200.00, '830113030255', 1, 68, '2022-11-29 22:07:37', NULL, NULL),
	(412, 16, '930811110412', 3500.00, 180.00, 130.00, '930811110412', 1, 71, '2022-11-29 23:59:18', NULL, NULL),
	(413, 17, '840108060109', 2500.00, 800.00, 500.00, '840108060109', 1, 118, '2022-11-30 10:00:55', NULL, NULL),
	(414, 18, '840620010335', 1000.00, 100.00, 100.00, '840620010335', 1, 105, '2022-11-30 12:04:44', NULL, NULL),
	(415, 19, '890201015848', 1000.00, 200.00, 0.00, '890201015848', 1, 279, '2022-11-30 12:03:04', NULL, NULL),
	(416, 20, '780320016942', 2222.00, 300.00, 300.00, '780320016942', 1, 278, '2022-11-30 12:05:41', NULL, NULL),
	(417, 21, '940420060066', 3000.00, 300.00, 300.00, '940420060066', 1, 131, '2022-11-30 12:16:31', NULL, NULL),
	(418, 22, '920917060441', 2000.00, 123.00, 340.00, '920917060441', 1, 70, '2022-11-30 15:13:34', NULL, NULL),
	(419, 23, '830708015594', 2500.00, 200.00, 200.00, '830708015594', 1, 274, '2022-11-30 15:16:32', NULL, NULL),
	(420, 24, '840115060553', 2500.00, 200.00, 200.00, '840115060553', 1, 140, '2022-12-01 09:09:26', NULL, NULL),
	(421, 25, '930918060304', 2500.00, 200.00, 200.00, '930918060304', 1, 74, '2022-12-01 09:13:38', NULL, NULL),
	(422, 26, '840202060471', 2800.00, 300.00, 500.00, '840202060471', 1, 138, '2022-12-01 10:00:25', NULL, NULL),
	(423, 27, '851113016312', 2300.00, 300.00, 350.00, '851113016312', 1, 257, '2022-12-01 10:01:38', NULL, NULL),
	(424, 28, '940911060247', 2854.35, 300.00, 300.00, '940911060247', 1, 133, '2022-12-01 10:14:27', NULL, NULL),
	(425, 29, '941219101457', 1856.35, 500.00, 500.00, '941219101457', 1, 135, '2022-12-01 10:18:21', NULL, NULL),
	(426, 30, '940911060247', 2854.35, 300.00, 300.00, '940911060247', 1, 133, '2022-12-01 11:14:01', NULL, NULL),
	(427, 31, '680618016074', 4000.00, 300.00, 300.00, '680618016074', 1, 251, '2022-12-01 11:07:01', NULL, NULL),
	(428, 32, '930918060304', 2500.00, 200.00, 200.00, '930918060304', 1, 74, '2022-12-01 11:12:03', NULL, NULL),
	(429, 33, '840202060471', 5353.00, 500.00, 500.00, '840202060471', 1, 138, '2022-12-01 11:10:19', NULL, NULL),
	(430, 34, '941219101457', 1856.35, 500.00, 500.00, '941219101457', 1, 135, '2022-12-01 11:15:29', NULL, NULL),
	(431, 35, '840115060553', 2500.00, 200.00, 200.00, '840115060553', 1, 140, '2022-12-01 11:12:32', NULL, NULL),
	(432, 36, '940628060380', 1800.00, 500.00, 500.00, '940628060380', 1, 110, '2022-12-03 21:02:34', NULL, NULL),
	(433, 37, '940628060380', 1800.00, 500.00, 500.00, '940628060380', 1, 110, '2022-12-03 21:26:59', NULL, NULL);
/*!40000 ALTER TABLE `users_salary` ENABLE KEYS */;

-- Dumping structure for table staging_epro_kuarters_johor.users_spouse
CREATE TABLE IF NOT EXISTS `users_spouse` (
  `id` int(11) NOT NULL AUTO_INCREMENT,
  `users_id` int(11) NOT NULL DEFAULT '0',
  `spouse_name` varchar(255) DEFAULT NULL,
  `new_ic` varchar(50) DEFAULT NULL,
  `old_ic` varchar(50) DEFAULT NULL,
  `is_work` int(11) DEFAULT '0' COMMENT '1:Working',
  `department_name` varchar(255) DEFAULT NULL,
  `position_name` varchar(255) DEFAULT NULL,
  `phone_no_hp` varchar(50) DEFAULT NULL,
  `office_address_1` varchar(255) DEFAULT NULL,
  `office_address_2` varchar(255) DEFAULT NULL,
  `office_address_3` varchar(255) DEFAULT NULL,
  `salary` decimal(10,2) DEFAULT NULL,
  `ic_attachment` text,
  `marriage_cert_attachment` text,
  `salary_slip_attachment` text,
  `data_status` tinyint(4) DEFAULT '1',
  `action_by` int(11) DEFAULT NULL,
  `action_on` datetime DEFAULT NULL,
  `delete_by` int(11) DEFAULT NULL,
  `delete_on` datetime DEFAULT NULL,
  PRIMARY KEY (`id`),
  KEY `FK_tenant_spouse_users` (`action_by`),
  KEY `FK_tenant_spouse_users_2` (`delete_by`),
  KEY `FK_tenant_spouse_users_3` (`users_id`),
  CONSTRAINT `FK_tenant_spouse_users` FOREIGN KEY (`action_by`) REFERENCES `users` (`id`) ON DELETE NO ACTION ON UPDATE NO ACTION,
  CONSTRAINT `FK_tenant_spouse_users_2` FOREIGN KEY (`delete_by`) REFERENCES `users` (`id`) ON DELETE NO ACTION ON UPDATE NO ACTION,
  CONSTRAINT `FK_tenant_spouse_users_3` FOREIGN KEY (`users_id`) REFERENCES `users` (`id`) ON DELETE NO ACTION ON UPDATE NO ACTION
) ENGINE=InnoDB AUTO_INCREMENT=71 DEFAULT CHARSET=latin1;

-- Dumping data for table staging_epro_kuarters_johor.users_spouse: ~62 rows (approximately)
/*!40000 ALTER TABLE `users_spouse` DISABLE KEYS */;
INSERT INTO `users_spouse` (`id`, `users_id`, `spouse_name`, `new_ic`, `old_ic`, `is_work`, `department_name`, `position_name`, `phone_no_hp`, `office_address_1`, `office_address_2`, `office_address_3`, `salary`, `ic_attachment`, `marriage_cert_attachment`, `salary_slip_attachment`, `data_status`, `action_by`, `action_on`, `delete_by`, `delete_on`) VALUES
	(1, 102, 'ARIANI BINTI AHMAD', '961023015868', NULL, 1, NULL, 'sales manager', '018767543542', 'scientex', 'taman mutiara mas', '81300 johor', 3500.00, 'documents/spouse/1Fi14HdOCgZ22yi6ES9qFKcfVHs66Bqukelh2ZUT.jpg', 'documents/spouse/xBTxEwzcPizQF0DPkuk03R84Fg039GuZ70PnyvDE.jpg', 'documents/spouse/wYBUsXf74kJ1X8FbK9mVvpWajjTSUJJ1cpLmgJuk.jpg', 1, 102, '2022-10-27 14:33:07', NULL, NULL),
	(2, 103, 'HALIZA BINTI MALIK', '941127015862', NULL, 0, NULL, 'PEMBANTU TADBIR', '018888888888', 'NO 32', 'TAMAN SRI TAMAN', '81300 JOHOR', 2300.00, 'documents/spouse/Mw1LxGFegNkRbzK0H5MLczwYostLbHk0nYBz4GVg.pdf', 'documents/spouse/BOcU3FoGJDKEBoFAvGNlRgKsmJoaOEXw9lfyhapW.pdf', 'documents/spouse/wnAh6QXKXKR2RXMLg0eRFTl6HuNaIbzBIPr6P1a4.jpg', 1, 103, '2022-11-17 11:11:19', NULL, NULL),
	(3, 106, 'DAIYAN TRISHA BINTI DAUD', '920505013232', NULL, 0, NULL, NULL, '021433414141', NULL, NULL, NULL, NULL, 'documents/spouse/4ekPdKFd9jJlzEl8sABJKTGQG0Sq0WmH5U9CScpk.pdf', 'documents/spouse/CBcTrCsp9raNWkqE3vHzH5o5iNEva232XbhhzRYY.pdf', NULL, 1, 106, '2022-10-13 04:05:00', NULL, NULL),
	(4, 107, 'BALQIS BINTI AHMAD', '930228016362', NULL, 0, NULL, 'ADMIN ASSISTANT', '0178548552', '13, JALAN NUSA SENTRAL 5, TAMAN NUSA SENTRAL, ISKANDAR PUTERI', NULL, NULL, 2500.00, 'documents/spouse/q6LrnUKrLjlyxMY5QomMNmo6hIG5XI2pgWblmkiU.jpg', 'documents/spouse/5GXPAbWE0Z602zeCVEkApMvMjkMdihJxG472fZ3h.jpg', 'documents/spouse/JnMWAqifz3bJmYNoP8IiF70p5iN6UUwbjQucD0Zg.jpg', 1, 107, '2022-11-21 11:00:14', NULL, NULL),
	(5, 110, 'MOHD YUSOF BIN YUSRY', '901129016091', NULL, 1, NULL, 'PEGAWAI KHIDMAT MASYARAKAT', '018899687745', 'JABATAN RISDA', NULL, NULL, 2589.36, 'documents/spouse/d7IMBnwDM6vMWc1fJngUG7yP80Nva2EYrT40oyhF.jpg', 'documents/spouse/HsOSSpQnC0P3tCuHtCwRAW4DJET9siUGRW9TGya9.jpg', 'documents/spouse/kP3x4SF5ObxpbuFqAoaFeVIcYu51TQdU6ariI3fj.jpg', 1, 110, '2022-12-03 21:26:59', NULL, NULL),
	(6, 118, 'AQILA BINTI JOHAR', '900528016490', NULL, 0, NULL, 'ADMIN', '011125252563', '12, JALAN NUSA IDAMAN, TAMAN NUSA IDAMAN', NULL, NULL, 2500.00, 'documents/spouse/dj2EdVlogF9vf3uP14aPBm91d1smG1qwqZAwaI9f.jpg', 'documents/spouse/Ll3M3st59PUOHyb3wyDEBdoOTZUxcT0zxarzVk03.jpg', 'documents/spouse/k1OnEs6vikpsgdL8W41Bg198A9n1VIVaGKUYbHCX.png', 1, 118, '2022-11-30 10:00:55', NULL, NULL),
	(7, 120, 'SYAHIRAH BINTI HALIM', '901023016420', NULL, 0, NULL, NULL, '017711111111', NULL, NULL, NULL, NULL, 'documents/spouse/M8wImNhHb1Lv5KtnslAxJTc1AgmXcCQqvKbcfPhw.pdf', 'documents/spouse/2WwUllZQBNKBDWp8tt6V8VIhZD0GeHYs5fQokGCw.jpg', NULL, 1, 120, '2022-11-03 11:11:41', NULL, NULL),
	(8, 121, 'MALIA BINTI AHMAD', '921123015860', NULL, 0, NULL, NULL, '017777777777', NULL, NULL, NULL, NULL, 'documents/spouse/OQVFXuBkq8gMAxRkC866L4DJajQ8ThJnlfXhjajO.png', 'documents/spouse/kXCjOJx5qxAXXpTjHSRs7AvoHMdPMLDPcD8A4LvE.png', NULL, 1, 121, '2022-11-25 13:02:40', NULL, NULL),
	(9, 132, 'ANISA BINTI AKBAR', '931212015210', NULL, 1, NULL, 'ADMIN EXECUTIVE', '0178548554', '15, JALAN HORIZON PERDANA 3, HORIZON AVENUE COMMERCIAL CENTER, HORIZON HILLS, ISKANDAR PUTERI, JOHOR BAHRU', NULL, NULL, 3000.00, 'documents/spouse/2LD4Ls9RlcWJKwWNbjzWttMUHBLZJvYjDaeBXeRp.jpg', 'documents/spouse/nmAhAsTHa3VvjQCqstGzOd8aLkQJQnN2Fr6sbgmu.jpg', 'documents/spouse/LQDqLQKCJDiUSfv7tcjYzNsplNSUYfwCdyAkD5RM.jpg', 1, 132, '2022-11-06 12:21:29', NULL, NULL),
	(10, 133, 'ALISA BINTI ALIAS', '900101015100', NULL, 1, NULL, 'PEGAWAI KHIDMAT MASYARAKAT', '017859696856', 'JABATAN RISDA', NULL, NULL, 1852.22, 'documents/spouse/SC5iWpNIip5RmYpYTCNLkxImXTxKhSjjGWuZUri8.jpg', 'documents/spouse/40rXuCTE3oMlJa58S823KcQa34ouTP7Fgjz5M3Ge.jpg', 'documents/spouse/p8vKN1f3Mxhl1yv09xiF4AMnadq3usjahuc30VVO.jpg', 1, 133, '2022-12-01 11:14:01', NULL, NULL),
	(11, 135, 'KAMILIA BINTI KARIM', '901214016000', NULL, 0, NULL, 'Juruteknik', '012555555669', 'Teknik Budiman', 'Horizon hill 81550', 'JB', 3010.00, 'documents/spouse/Zcs2fUqIe6j1aXgAmYiceJpjTA80jEZ1P5aY4oDH.jpg', 'documents/spouse/6mKpXGjwsIkfie7krtR2cPCKRZLAtxw3SPD5cdTE.jpg', 'documents/spouse/7IHx2nhspEZ0MMajNYM0ieT6PCHsRepeDyJQKfk7.jpg', 1, 135, '2022-12-01 11:15:29', NULL, NULL),
	(12, 136, 'DAMIA BINTI TAQIF', '901023016510', NULL, 0, NULL, 'SALES MANAGER', '012859674869', 'NO33 JLN PERMAI 4', 'TAMAN SRI TAMAN', '81300 JOHOR', 3500.00, 'documents/spouse/4cb7IYgiaAXXzCLfgymbdDjdP6RCgBZnfaS2FpvE.png', 'documents/spouse/XrVGZQaWbxSDIlHFSjC0aK9pSns53CGciQjQTM1D.png', 'documents/spouse/1Be6Eo8xCC7IECPHac7m2aCGs052HdMU3HYccJzO.jpg', 1, 136, '2022-11-17 11:44:40', NULL, NULL),
	(13, 140, 'SITI AMIRAH BINTI SAID', '900702018520', NULL, 0, NULL, 'Technical Writer', '0189868667', '26A, Jalan Horizon Perdana 4,', 'Horizon Avenue Commercial Centre', 'ISKANDAR PUTERI, JOHOR', 3500.00, 'documents/spouse/MyEo2JYuXdfI4Vd4GdW4ac5SkN6IaYaB8DqNPcA7.pdf', 'documents/spouse/ft4S7JLVtHmX3f7zkoy1EGScGF1SdsLbMxpadd9t.pdf', 'documents/spouse/XJEcQkGJRmtoFsfLLU8pKS3xINEUeL2g9zgNF5KM.jpg', 1, 140, '2022-12-01 11:12:32', NULL, NULL),
	(14, 141, 'TISHA BINTI LUTFI', '900102012510', NULL, 0, NULL, 'KERANI A', '011111111111', 'JALAN ANGIN, BLOK A, TAMAN SKUDAI, JOHOR', NULL, NULL, 3400.00, 'documents/spouse/0IZmBGdLaFPaKVDe92fghaeJL6lSZ7is1QJSB9J5.jpg', 'documents/spouse/Kiy5WF4WtaiKtCTwWCAfqdbirPXAK9z3jJ2RMvPZ.jpg', 'documents/spouse/Xn57l0YWFmcLyAgk32kc5BkoFUHp8HuosNVK67cW.pdf', 1, 141, '2022-11-29 14:25:18', NULL, NULL),
	(15, 68, 'NADIA BINTI HALIM', '961029015868', NULL, 1, NULL, 'ADMIN ASSISTANT', '01876787756', '14, JALAN FLORA UTAMA 3, TAMAN FLORA UTAMA, 83000, BATU PAHAT, JOHOR', NULL, NULL, 2000.00, 'documents/spouse/QsYA1TEpbVdC2Xup0KVIAZErkW2t8VGYHIDD7hYe.png', 'documents/spouse/TytJE2vivsryHVzHQizZIagR2TCbsvXYCNts3b1r.jpg', 'documents/spouse/PosVf2qaWAT1vcYVLs4fo76cMFicrIJbEoIPkn9o.jpg', 1, 68, '2022-11-29 22:07:37', NULL, NULL),
	(17, 228, 'HELMIZAM BIN ANAS', '871108235869', NULL, 0, NULL, NULL, NULL, NULL, NULL, NULL, NULL, NULL, NULL, NULL, 1, NULL, '2022-11-13 11:28:52', NULL, NULL),
	(19, 230, 'SUHAIDA BINTI AHMAD', '840203016010', NULL, 0, NULL, NULL, NULL, NULL, NULL, NULL, NULL, NULL, NULL, NULL, 1, NULL, '2022-11-13 12:47:58', NULL, NULL),
	(21, 232, 'EZLAN FARID BIN MOHD SAID', '760527017119', NULL, 0, NULL, NULL, NULL, NULL, NULL, NULL, NULL, NULL, NULL, NULL, 1, NULL, '2022-11-13 14:10:34', NULL, NULL),
	(22, 233, 'SHAMSINAH BINTI SEERON', '640706035148', NULL, 0, NULL, NULL, '019987655111', NULL, NULL, NULL, NULL, 'documents/spouse/Asygf1fOpFXzNk8OyCkL2f2m6eyJ245eYX2idKYc.jpg', 'documents/spouse/ZB2mnBm8Uaoljta67HfUViPCOW5rB27s1aOpv0TO.jpg', NULL, 1, 233, '2022-11-14 10:04:56', NULL, NULL),
	(23, 234, 'HELMIZAM BIN ANAS', '871108235869', NULL, 0, NULL, NULL, NULL, NULL, NULL, NULL, NULL, NULL, NULL, NULL, 1, NULL, '2022-11-14 09:45:02', NULL, NULL),
	(24, 235, 'RAJA FARAH IZZATI BINTI BORHAN', '870908015536', NULL, 0, NULL, NULL, NULL, NULL, NULL, NULL, NULL, NULL, NULL, NULL, 1, NULL, '2022-11-14 11:02:17', NULL, NULL),
	(25, 236, 'HASYATI BINTI SAPUAN', '820527035984', NULL, 0, NULL, NULL, NULL, NULL, NULL, NULL, NULL, NULL, NULL, NULL, 1, NULL, '2022-11-14 18:11:00', NULL, NULL),
	(26, 237, 'HASYATI BINTI SAPUAN', '820527035984', NULL, 0, NULL, NULL, NULL, NULL, NULL, NULL, NULL, NULL, NULL, NULL, 1, NULL, '2022-11-14 18:11:03', NULL, NULL),
	(27, 243, 'MUHAMAD HANIF BIN MOHAMAD NASIR', '880203015359', NULL, 0, NULL, NULL, NULL, NULL, NULL, NULL, NULL, NULL, NULL, NULL, 1, NULL, '2022-11-17 10:30:37', NULL, NULL),
	(28, 244, 'MOHAMED FAIZAL BIN ABDUL ANSAR', '820609015135', NULL, 0, NULL, NULL, NULL, NULL, NULL, NULL, NULL, NULL, NULL, NULL, 1, NULL, '2022-11-17 11:34:33', NULL, NULL),
	(29, 246, 'MOHAMMAD HANAFI BIN SUKAIMI', '851022015533', NULL, 0, NULL, NULL, NULL, NULL, NULL, NULL, NULL, NULL, NULL, NULL, 1, NULL, '2022-11-17 11:46:54', NULL, NULL),
	(30, 247, 'LAHAT DADOK BIN SULIK', '630124015607', NULL, 0, NULL, NULL, NULL, NULL, NULL, NULL, NULL, NULL, NULL, NULL, 1, NULL, '2022-11-22 09:01:36', NULL, NULL),
	(31, 248, 'HAFIZAH BINTI IBRAHIM', '840511015426', NULL, 0, NULL, NULL, NULL, NULL, NULL, NULL, NULL, NULL, NULL, NULL, 1, NULL, '2022-11-22 09:05:45', NULL, NULL),
	(32, 249, 'EZLAN FARID BIN MOHD SAID', '760527017119', NULL, 0, NULL, NULL, NULL, NULL, NULL, NULL, NULL, NULL, NULL, NULL, 1, NULL, '2022-11-22 22:04:05', NULL, NULL),
	(33, 250, 'SHAHRUL AZHAN BIN ISHAK', '840612086151', NULL, 0, NULL, NULL, NULL, NULL, NULL, NULL, NULL, NULL, NULL, NULL, 1, NULL, '2022-11-23 10:14:39', NULL, NULL),
	(34, 251, 'AFIZ BIN ABD RAHMAN', '651201016295', NULL, 0, NULL, NULL, '01222222222', NULL, NULL, NULL, NULL, 'documents/spouse/6DbOs29CRNqhmZj71omHhLuGVMsaxAjJh2MrN33k.pdf', 'documents/spouse/E4KyoAB23Qrurn7bCeWW4TmZvYKGiyBH0cfXtg2X.pdf', NULL, 1, 251, '2022-12-01 11:07:01', NULL, NULL),
	(36, 253, 'LAHAT DADOK BIN SULIK', '630124015607', NULL, 0, NULL, NULL, NULL, NULL, NULL, NULL, NULL, NULL, NULL, NULL, 1, NULL, '2022-11-23 11:50:51', NULL, NULL),
	(37, 254, 'EZLAN FARID BIN MOHD SAID', '760527017119', NULL, 0, NULL, NULL, NULL, NULL, NULL, NULL, NULL, NULL, NULL, NULL, 1, NULL, '2022-11-28 20:50:17', NULL, NULL),
	(38, 255, 'HASYATI BINTI SAPUAN', '820527035984', NULL, 0, NULL, NULL, '888888888888', NULL, NULL, NULL, NULL, 'documents/spouse/Y62xhhsW5ystbKBO98ArNsbSvURwZ2PppH05QTh0.png', 'documents/spouse/xxRGVDrCDO04QetlwTPu8Ld5PlWdEte3TzDKtcRZ.png', NULL, 1, 255, '2022-11-28 22:34:43', NULL, NULL),
	(39, 256, 'MOHAMMAD HANAFI BIN SUKAIMI', '851022015533', NULL, 0, NULL, NULL, NULL, NULL, NULL, NULL, NULL, NULL, NULL, NULL, 1, NULL, '2022-11-28 22:03:11', NULL, NULL),
	(40, 257, 'EZLAN FARID BIN MOHD SAID', '760527017119', NULL, 0, NULL, NULL, '017777777777', NULL, NULL, NULL, NULL, 'documents/spouse/F27ZrDtzuiv5ZsKRm88Np7UQfSFltudLhFaCnZv2.pdf', 'documents/spouse/kd0CAWlYH7zVeWJNmjH9uOkP6kr12nLTnZFOTjei.pdf', NULL, 1, 257, '2022-12-01 10:01:38', NULL, NULL),
	(45, 264, 'ABDUL MALEK BIN OTHMAN', '820123015071', NULL, 0, NULL, NULL, NULL, NULL, NULL, NULL, NULL, NULL, NULL, NULL, 1, NULL, '2022-11-29 10:25:11', NULL, NULL),
	(46, 266, 'HAFIZAH BINTI IBRAHIM', '840511015426', NULL, 0, NULL, NULL, '0189087665', NULL, NULL, NULL, NULL, 'documents/spouse/O9BGz7iDJG9Kz34ExsTJa8zGbDGY43I4AeeEi0va.pdf', 'documents/spouse/V6BLt6SbA5rEvMSvJi0UtAl8BMEwBPp8cV7LBLF1.pdf', NULL, 1, 266, '2022-11-29 16:04:41', NULL, NULL),
	(47, 267, 'MOHAMMAD HANAFI BIN SUKAIMI', '851022015533', NULL, 0, NULL, NULL, '0178787887', NULL, NULL, NULL, NULL, 'documents/spouse/2wAyBcNerT3jsz1UmL96l71Aog3M2CBYDxX5wOsT.pdf', 'documents/spouse/bYsGxIvhzCMsHslzuTwZhFY3ouADcl2s2Zj2DHIK.pdf', NULL, 1, 267, '2022-11-29 12:32:30', NULL, NULL),
	(48, 268, 'MAT SAID BIN MAT SALLEH', '570331016125', NULL, 0, NULL, NULL, NULL, NULL, NULL, NULL, NULL, NULL, NULL, NULL, 1, NULL, '2022-11-29 11:29:23', NULL, NULL),
	(49, 273, 'SHAHRUL AZHAN BIN ISHAK', '840612086151', NULL, 0, NULL, NULL, NULL, NULL, NULL, NULL, NULL, NULL, NULL, NULL, 1, NULL, '2022-11-29 12:22:25', NULL, NULL),
	(50, 274, 'MOHD AZIUDDIN BIN RAMLI', '851230015781', NULL, 1, NULL, 'ADMIN', '0178976776', '12, JALAN DAYA 1, TAMAN DAYA', NULL, NULL, 2000.00, 'documents/spouse/vlb4HKUP8eQbFmdmQ0AJz8O3cVVX2nZndJS8akWI.png', 'documents/spouse/RsaqaDzNljhUW6QMZ2uDfzsVcaB0dCBUENw9m0tn.png', 'documents/spouse/0QJ1n3mpbs2VcDj7ZZ9BMNG1pdPAl3bgoBy5JrDX.png', 1, 274, '2022-11-30 15:16:33', NULL, NULL),
	(51, 276, 'WAN MURAINI @ JURAINI BINTI WAN IDRIS', '730105065690', NULL, 0, NULL, NULL, NULL, NULL, NULL, NULL, NULL, NULL, NULL, NULL, 1, NULL, '2022-11-29 16:52:17', NULL, NULL),
	(52, 277, 'ISMAIL BIN AZIZ', '671024015057', NULL, 0, NULL, NULL, NULL, NULL, NULL, NULL, NULL, NULL, NULL, NULL, 1, NULL, '2022-11-29 16:54:11', NULL, NULL),
	(53, 279, 'RASIDI', '740701025379', NULL, 1, NULL, 'PPPPP', '0127716923', 'PPPPP', NULL, NULL, 1000.00, 'documents/spouse/juC2Ut7APlA7pi9Dr676vyu6o5H4BwrpKW0QVkwA.png', 'documents/spouse/GpyaQfENHrFQu66D33lM6KedDYglBacLsPulP47m.png', 'documents/spouse/mEN08Jcyq77mDMoOh3x1L2jEdGiSI35wqWybux82.png', 1, 279, '2022-11-30 12:03:04', NULL, NULL),
	(54, 280, 'SAIFUL SHAHRUL BIN MANSOR', '810610025319', NULL, 0, NULL, NULL, NULL, NULL, NULL, NULL, NULL, NULL, NULL, NULL, 1, NULL, '2022-11-30 10:06:13', NULL, NULL),
	(55, 281, 'SAIFUL SHAHRUL BIN MANSOR', '810610025319', NULL, 0, NULL, NULL, NULL, NULL, NULL, NULL, NULL, NULL, NULL, NULL, 1, NULL, '2022-11-30 10:49:14', NULL, NULL),
	(56, 282, 'ISMAIL BIN AZIZ', '671024015057', NULL, 0, NULL, NULL, NULL, NULL, NULL, NULL, NULL, NULL, NULL, NULL, 1, NULL, '2022-11-30 10:49:30', NULL, NULL),
	(57, 283, 'JALIL BIN ATAN', '690305016275', NULL, 0, NULL, NULL, NULL, NULL, NULL, NULL, NULL, NULL, NULL, NULL, 1, NULL, '2022-11-30 10:49:37', NULL, NULL),
	(58, 284, 'SAIFUL SHAHRUL BIN MANSOR', '810610025319', NULL, 0, NULL, NULL, NULL, NULL, NULL, NULL, NULL, NULL, NULL, NULL, 1, NULL, '2022-11-30 10:50:08', NULL, NULL),
	(59, 285, 'MOHD FARID BIN HAJI ABD RAHMAN', '870815015617', NULL, 0, NULL, NULL, NULL, NULL, NULL, NULL, NULL, NULL, NULL, NULL, 1, NULL, '2022-11-30 11:11:59', NULL, NULL),
	(60, 286, 'FATIN ADIBAH BINTI ABD RAZAK', '890712015954', NULL, 0, NULL, NULL, NULL, NULL, NULL, NULL, NULL, NULL, NULL, NULL, 1, NULL, '2022-11-30 11:12:58', NULL, NULL),
	(61, 287, 'NORFARHANA BINTI MAHAMMADIN', '870523055238', NULL, 0, NULL, NULL, NULL, NULL, NULL, NULL, NULL, NULL, NULL, NULL, 1, NULL, '2022-11-30 12:06:43', NULL, NULL),
	(62, 288, 'HELMIZAM BIN ANAS', '871108235869', NULL, 0, NULL, NULL, NULL, NULL, NULL, NULL, NULL, NULL, NULL, NULL, 1, NULL, '2022-11-30 12:08:59', NULL, NULL),
	(63, 289, 'HELMIZAM BIN ANAS', '871108235869', NULL, 0, NULL, NULL, NULL, NULL, NULL, NULL, NULL, NULL, NULL, NULL, 1, NULL, '2022-11-30 15:01:45', NULL, NULL),
	(64, 290, 'HELMIZAM BIN ANAS', '871108235869', NULL, 0, NULL, NULL, NULL, NULL, NULL, NULL, NULL, NULL, NULL, NULL, 1, NULL, '2022-11-30 15:01:48', NULL, NULL),
	(65, 291, 'HELMIZAM BIN ANAS', '871108235869', NULL, 0, NULL, NULL, NULL, NULL, NULL, NULL, NULL, NULL, NULL, NULL, 1, NULL, '2022-11-30 15:15:47', NULL, NULL),
	(66, 292, 'WAN MURAINI @ JURAINI BINTI WAN IDRIS', '730105065690', NULL, 0, NULL, NULL, NULL, NULL, NULL, NULL, NULL, NULL, NULL, NULL, 1, NULL, '2022-12-01 09:25:07', NULL, NULL),
	(67, 293, 'NUR AKIDAH BINTI ROSLI', '970919016196', NULL, 0, NULL, NULL, NULL, NULL, NULL, NULL, NULL, NULL, NULL, NULL, 1, NULL, '2022-12-01 09:26:42', NULL, NULL),
	(68, 294, 'SUHAIDA BINTI AHMAD', '840203016010', NULL, 0, NULL, NULL, NULL, NULL, NULL, NULL, NULL, NULL, NULL, NULL, 1, NULL, '2022-12-02 16:30:33', NULL, NULL),
	(69, 295, 'SUHAIDA BINTI AHMAD', '840203016010', NULL, 0, NULL, NULL, NULL, NULL, NULL, NULL, NULL, NULL, NULL, NULL, 1, NULL, '2022-12-02 16:37:28', NULL, NULL),
	(70, 296, 'SUHAIDA BINTI AHMAD', '840203016010', NULL, 0, NULL, NULL, NULL, NULL, NULL, NULL, NULL, NULL, NULL, NULL, 1, NULL, '2022-12-02 16:43:07', NULL, NULL);
/*!40000 ALTER TABLE `users_spouse` ENABLE KEYS */;

-- Dumping structure for table staging_epro_kuarters_johor.year
CREATE TABLE IF NOT EXISTS `year` (
  `id` int(11) NOT NULL AUTO_INCREMENT,
  `year` int(11) DEFAULT NULL,
  `status_data` tinyint(4) DEFAULT '1',
  PRIMARY KEY (`id`)
) ENGINE=InnoDB AUTO_INCREMENT=2 DEFAULT CHARSET=latin1;

-- Dumping data for table staging_epro_kuarters_johor.year: ~1 rows (approximately)
/*!40000 ALTER TABLE `year` DISABLE KEYS */;
INSERT INTO `year` (`id`, `year`, `status_data`) VALUES
	(1, 2022, 1);
/*!40000 ALTER TABLE `year` ENABLE KEYS */;

/*!40101 SET SQL_MODE=IFNULL(@OLD_SQL_MODE, '') */;
/*!40014 SET FOREIGN_KEY_CHECKS=IFNULL(@OLD_FOREIGN_KEY_CHECKS, 1) */;
/*!40101 SET CHARACTER_SET_CLIENT=@OLD_CHARACTER_SET_CLIENT */;
/*!40111 SET SQL_NOTES=IFNULL(@OLD_SQL_NOTES, 1) */;
